# Data-free asset map of the v2 real-data build: names, sizes, SHA-1 values and times of the files of the official 1.7.2 setups, no content (ci/e2e/gen_map.py), and of the dgVoodoo archive of pins/dgvoodoo.txt.
kind	path	size	sha1	mtime_utc	products	origin
file	data\Add-on\Civs\eC\0__GRENWAR.civ	59	ab03afd506d3a148dffa71dc4ddb0d985d39300e	2015-06-16T14:23:30Z	EE+NeoEE	setup:EE+NeoEE
file	data\Add-on\Civs\eC\1y_P2N Club NoBCR.civ	71	c1506d01abbe3bf1d3c9c523b497d0f5d8c0b56d	2015-06-16T14:26:30Z	EE+NeoEE	setup:EE+NeoEE
file	data\Add-on\Civs\eC\1y_P2N Club Prophet.civ	83	3aa392e17697383b47677a42ca376f07fb89c808	2022-03-18T07:16:56Z	EE+NeoEE	setup:EE+NeoEE
file	data\Add-on\Civs\eC\1y_P2N Club Strong.civ	75	226dc6eecfb6a625c485a94336584f075db911d9	2014-09-07T13:51:44Z	EE+NeoEE	setup:EE+NeoEE
file	data\Add-on\Civs\eC\1z_P2N Spear FarmIron NoPopCap.civ	75	1f01de89220b5e96f29c4dd246257490e0fecdf5	2021-01-28T16:52:58Z	EE+NeoEE	setup:EE+NeoEE
file	data\Add-on\Civs\eC\1z_P2N Spear HuntIron NoPopCap.civ	75	06ba023a3cbd008c890a23ed94ed7cc0dee0b89e	2022-03-18T08:02:30Z	EE+NeoEE	setup:EE+NeoEE
file	data\Add-on\Civs\eC\2w_Middle Sword.civ	71	9e6fc561107fac7a6b42993b6b31114492ac0380	2014-06-06T08:56:54Z	EE+NeoEE	setup:EE+NeoEE
file	data\Add-on\Civs\eC\2x_Middle CA.civ	67	4ec2d5a744808c27af90cdb1e113641a50dcbc88	2016-09-19T08:22:02Z	EE+NeoEE	setup:EE+NeoEE
file	data\Add-on\Civs\eC\2y_Middle Knight.civ	75	7ae9b5ffe5f75df4ae0a706d5674a5b37b46a21b	2016-09-19T09:59:00Z	EE+NeoEE	setup:EE+NeoEE
file	data\Add-on\Civs\eC\4w_Mod SH AntiTank.civ	71	bf67ffd251741903ef343fca133dce6a0a059c71	2014-06-06T10:07:52Z	EE+NeoEE	setup:EE+NeoEE
file	data\Add-on\Civs\eC\4w_Mod SH Ground Allround.civ	79	2790ed89e5a1df8cc9f1244cddaa903a6e839440	2014-06-06T10:03:54Z	EE+NeoEE	setup:EE+NeoEE
file	data\Add-on\Civs\eC\4x_Mod SH Air Allround.civ	83	905948db898500a09240d94ce4a5366d42dff91c	2014-06-06T09:51:06Z	EE+NeoEE	setup:EE+NeoEE
file	data\Add-on\Civs\eC\4x_Mod SH Air Boom.civ	71	68581e8b0e910e2ac930c0931bfaac3ba246c469	2015-06-16T15:54:56Z	EE+NeoEE	setup:EE+NeoEE
file	data\Add-on\Civs\eC\6w_Island Hybrid Wing.civ	71	77733ad85674ca36eba0e95f0d56588b310d2e77	2022-03-18T07:12:30Z	EE+NeoEE	setup:EE+NeoEE
file	data\Add-on\Civs\eC\6x_Island Hybrid Pocket.civ	71	f75eec4f93e303f7786ea41ce134a8d8df683d5e	2022-03-18T07:10:44Z	EE+NeoEE	setup:EE+NeoEE
file	data\Add-on\Civs\eC_full\0__GRENWAR.civ	59	ab03afd506d3a148dffa71dc4ddb0d985d39300e	2015-06-16T14:23:30Z	EE+NeoEE	setup:EE+NeoEE
file	data\Add-on\Civs\eC_full\1y_P2N Club NoBCR.civ	71	c1506d01abbe3bf1d3c9c523b497d0f5d8c0b56d	2015-06-16T14:26:30Z	EE+NeoEE	setup:EE+NeoEE
file	data\Add-on\Civs\eC_full\1y_P2N Club PopCap.civ	75	b55b59f3abba10d33cc1f05c2bfcf0636eaf2fd9	2014-06-06T08:46:12Z	EE+NeoEE	setup:EE+NeoEE
file	data\Add-on\Civs\eC_full\1y_P2N Club Prophet.civ	83	3aa392e17697383b47677a42ca376f07fb89c808	2022-03-18T07:16:56Z	EE+NeoEE	setup:EE+NeoEE
file	data\Add-on\Civs\eC_full\1y_P2N Club Strong.civ	75	226dc6eecfb6a625c485a94336584f075db911d9	2014-09-07T13:51:44Z	EE+NeoEE	setup:EE+NeoEE
file	data\Add-on\Civs\eC_full\1z_P2N Spear FarmIron NoPopCap.civ	75	1f01de89220b5e96f29c4dd246257490e0fecdf5	2021-01-28T16:52:58Z	EE+NeoEE	setup:EE+NeoEE
file	data\Add-on\Civs\eC_full\1z_P2N Spear FarmIron.civ	75	2e3c4cd3cb46ba2d9b32704fd740d1f705c63b8d	2015-06-16T14:36:28Z	EE+NeoEE	setup:EE+NeoEE
file	data\Add-on\Civs\eC_full\2w_Middle Sword.civ	71	9e6fc561107fac7a6b42993b6b31114492ac0380	2014-06-06T08:56:54Z	EE+NeoEE	setup:EE+NeoEE
file	data\Add-on\Civs\eC_full\2w_Middle SwordBoom.civ	60	5421fa7988f8103d62e24968009a4293350e8cb2	2013-04-05T16:11:56Z	EE+NeoEE	setup:EE+NeoEE
file	data\Add-on\Civs\eC_full\2w_Middle SwordPopCap.civ	71	8ea7613d022b27772f9923b8900d6ebec36ceb4e	2014-06-06T08:58:12Z	EE+NeoEE	setup:EE+NeoEE
file	data\Add-on\Civs\eC_full\2x_Middle CA BTD.civ	63	5864c66c0ba046796c12bc7b621b7c98e4747d7e	2019-07-01T02:02:22Z	EE+NeoEE	setup:EE+NeoEE
file	data\Add-on\Civs\eC_full\2x_Middle CA PopCap.civ	63	9788d79b10b3c7aeeda808fa99c011027e4caf6b	2014-06-06T09:01:00Z	EE+NeoEE	setup:EE+NeoEE
file	data\Add-on\Civs\eC_full\2x_Middle CA.civ	67	4ec2d5a744808c27af90cdb1e113641a50dcbc88	2016-09-19T08:22:02Z	EE+NeoEE	setup:EE+NeoEE
file	data\Add-on\Civs\eC_full\2y_Middle Knight.civ	75	7ae9b5ffe5f75df4ae0a706d5674a5b37b46a21b	2016-09-19T09:59:00Z	EE+NeoEE	setup:EE+NeoEE
file	data\Add-on\Civs\eC_full\2y_Middle Xbow.civ	71	884e8751198b5fb52bc92cc34449505cb0fc27d2	2019-01-08T19:15:36Z	EE+NeoEE	setup:EE+NeoEE
file	data\Add-on\Civs\eC_full\3w_Indy TL Gren.civ	63	5498395ceb134ccbf4943188aa69a498a9fe8e71	2015-06-16T15:04:50Z	EE+NeoEE	setup:EE+NeoEE
file	data\Add-on\Civs\eC_full\3x_Indy TL Dragoon.civ	67	5c00851d67b9d85d8d4ec7dceb93043fdbfe9581	2015-06-16T14:00:40Z	EE+NeoEE	setup:EE+NeoEE
file	data\Add-on\Civs\eC_full\3y_Indy SH GrenPopCap.civ	59	8c3b60a434d1b5d17cae5bf6262618635aa675e2	2015-06-16T15:15:16Z	EE+NeoEE	setup:EE+NeoEE
file	data\Add-on\Civs\eC_full\3z_Indy SH DragoonPopCap.civ	71	41e2d96ae294ef10e5fa5d4167946c928eaf683d	2015-06-16T15:18:10Z	EE+NeoEE	setup:EE+NeoEE
file	data\Add-on\Civs\eC_full\4w_Mod SH AntiTank.civ	71	bf67ffd251741903ef343fca133dce6a0a059c71	2014-06-06T10:07:52Z	EE+NeoEE	setup:EE+NeoEE
file	data\Add-on\Civs\eC_full\4w_Mod SH Ground Allround+PopCap.civ	79	30e3d31a91a1c1494ac7e4e983176bee9ef50206	2015-06-16T15:46:00Z	EE+NeoEE	setup:EE+NeoEE
file	data\Add-on\Civs\eC_full\4w_Mod SH Ground Allround+StrongAA.civ	79	a0e897845264c53e078e151d0949576727c5ae48	2014-06-06T10:01:34Z	EE+NeoEE	setup:EE+NeoEE
file	data\Add-on\Civs\eC_full\4w_Mod SH Ground Allround.civ	79	2790ed89e5a1df8cc9f1244cddaa903a6e839440	2014-06-06T10:03:54Z	EE+NeoEE	setup:EE+NeoEE
file	data\Add-on\Civs\eC_full\4w_Mod SH Inf+AT.civ	75	0d06211544fd13b9eb8988140031c5846fdcc29b	2015-06-16T15:51:56Z	EE+NeoEE	setup:EE+NeoEE
file	data\Add-on\Civs\eC_full\4w_Mod SH Tank Rush+Inf.civ	67	187e8393619e27f9c8f0682e67ed2774f71802ee	2014-06-06T10:00:30Z	EE+NeoEE	setup:EE+NeoEE
file	data\Add-on\Civs\eC_full\4w_Mod SH Tank Rush.civ	71	8bf36636d1a6d5c7d0b3edf217a94b041dda1dd8	2015-06-16T15:48:52Z	EE+NeoEE	setup:EE+NeoEE
file	data\Add-on\Civs\eC_full\4x_Mod SH Air Allround.civ	83	905948db898500a09240d94ce4a5366d42dff91c	2014-06-06T09:51:06Z	EE+NeoEE	setup:EE+NeoEE
file	data\Add-on\Civs\eC_full\4x_Mod SH Air Boom.civ	71	68581e8b0e910e2ac930c0931bfaac3ba246c469	2015-06-16T15:54:56Z	EE+NeoEE	setup:EE+NeoEE
file	data\Add-on\Civs\eC_full\4x_Mod SH Air InfCRBTD.civ	79	124e7c22cc99b86272361fb5e848dc2ce3e702d7	2014-06-06T09:55:26Z	EE+NeoEE	setup:EE+NeoEE
file	data\Add-on\Civs\eC_full\4x_Mod SH Air withArty&AT.civ	79	fe87a474734397a6f9aefc93f701b1c00f9abcd5	2014-06-06T09:49:54Z	EE+NeoEE	setup:EE+NeoEE
file	data\Add-on\Civs\eC_full\4x_Mod SH Air withM1&Mortar.civ	79	b79e053d17b61e8e2cdf713d6fdca93f7f118395	2014-06-06T09:48:56Z	EE+NeoEE	setup:EE+NeoEE
file	data\Add-on\Civs\eC_full\4x_Mod SH Air xPopCap.civ	79	2db971495bcf6d3fab3874fd9d757cb8fd383ef8	2014-06-06T09:53:06Z	EE+NeoEE	setup:EE+NeoEE
file	data\Add-on\Civs\eC_full\4y_Mod DM Bomber + Ground.civ	87	b2a8412ff4ef6bb946846739a7adb865a9524065	2015-06-16T13:44:14Z	EE+NeoEE	setup:EE+NeoEE
file	data\Add-on\Civs\eC_full\4y_Mod DM BTD Ground.civ	87	db1793b11ce22b550a25f9fb85fc3dee471467e3	2015-06-16T13:45:10Z	EE+NeoEE	setup:EE+NeoEE
file	data\Add-on\Civs\eC_full\4y_Mod DM CR Ground.civ	83	9f6e55922a8bab298ccb7d3948d002a58f3b3e2d	2015-06-16T13:43:16Z	EE+NeoEE	setup:EE+NeoEE
file	data\Add-on\Civs\eC_full\4y_Mod DM Strong Ground.civ	87	5e70e3fc4425b4fd5eefc41a8282a579772ff0ab	2015-06-16T13:41:48Z	EE+NeoEE	setup:EE+NeoEE
file	data\Add-on\Civs\eC_full\4y_Mod DM Zook+Tank Rush.civ	87	d46495cef1b2093d7b8e16909a17937c6e7dc125	2014-06-13T21:51:20Z	EE+NeoEE	setup:EE+NeoEE
file	data\Add-on\Civs\eC_full\4y_Mod DM ZookRush.civ	79	bcb1c758a1665860bfac562067cf443f6bd0d545	2014-06-06T10:11:22Z	EE+NeoEE	setup:EE+NeoEE
file	data\Add-on\Civs\eC_full\4z_Mod DM 2v2 AirMass.civ	83	bf8812967d8d2e309c4cdcabbe082e7de04ae3fe	2014-06-06T10:24:02Z	EE+NeoEE	setup:EE+NeoEE
file	data\Add-on\Civs\eC_full\4z_Mod DM Air.civ	87	5314bc7520ed7d07d1b2b538ac0ce10d08e73141	2014-06-06T10:22:16Z	EE+NeoEE	setup:EE+NeoEE
file	data\Add-on\Civs\eC_full\4z_Mod DM AirPopCap.civ	83	dd8953a5f6e2f5ebcd192e26aac53a982c1e0748	2015-06-16T16:00:32Z	EE+NeoEE	setup:EE+NeoEE
file	data\Add-on\Civs\eC_full\6w_Island Hybrid Wing.civ	71	77733ad85674ca36eba0e95f0d56588b310d2e77	2022-03-18T07:12:30Z	EE+NeoEE	setup:EE+NeoEE
file	data\Add-on\Civs\eC_full\6x_Island Hybrid Pocket.civ	71	f75eec4f93e303f7786ea41ce134a8d8df683d5e	2022-03-18T07:10:44Z	EE+NeoEE	setup:EE+NeoEE
file	data\Add-on\Civs\eC_full\6y_P2N Standard Island Wing ROF.civ	75	39bf4f6e64f160812a0aa5fd7bbeea6e5c9f4ed7	2018-02-06T19:36:10Z	EE+NeoEE	setup:EE+NeoEE
file	data\Add-on\Civs\eC_full\6y_P2N Standard Island Wing Rush.civ	71	2fdc6497b606d0df6a720e2da9577f7677f54664	2018-02-06T19:44:02Z	EE+NeoEE	setup:EE+NeoEE
file	data\Add-on\Civs\eC_full\6y_P2N Standard Island Wing.civ	79	3aed3310a8ae0f8f8dee9c09a1ca397594f1de2b	2015-06-16T16:19:12Z	EE+NeoEE	setup:EE+NeoEE
file	data\Add-on\Civs\eC_full\6y_P2N Standard Island WingPopCap No CCR.civ	91	cb7c98d272fac4cebe1d7d8128bd283ef67a6828	2015-06-15T00:19:14Z	EE+NeoEE	setup:EE+NeoEE
file	data\Add-on\Civs\eC_full\6y_P2N Standard Island WingPopCap Strong.civ	71	4ec6252b557de66657eb1ea457f8bc3184b695ad	2017-02-12T00:10:04Z	EE+NeoEE	setup:EE+NeoEE
file	data\Add-on\Civs\eC_full\6y_P2N Standard Island WingPopCap.civ	75	f54ae4656be9db15c196e05911c0bfc35557331f	2014-06-06T08:55:02Z	EE+NeoEE	setup:EE+NeoEE
file	data\Add-on\Civs\eC_full\6z_P2N Standard Island Pocket.civ	71	f2795d0d9d521d3e937435faa65d0aa8f4fc05a4	2015-02-13T00:34:54Z	EE+NeoEE	setup:EE+NeoEE
file	data\Add-on\Civs\eC_full\6z_P2N Standard Island PocketPopCap + AD.civ	79	968105da22e34775fb8ea67a660eadca4d4fb257	2015-06-15T00:13:18Z	EE+NeoEE	setup:EE+NeoEE
file	data\Add-on\Civs\eC_full\6z_P2N Standard Island PocketPopCap No CCR.civ	79	742dbce2a528406e7e1c476a5760e7fd242f7183	2015-06-15T00:14:44Z	EE+NeoEE	setup:EE+NeoEE
file	data\Add-on\Civs\eC_full\6z_P2N Standard Island PocketPopCap.civ	75	f34f4380f4f3868b996a0107c16d93273d840a4f	2014-06-06T08:56:18Z	EE+NeoEE	setup:EE+NeoEE
file	data\Add-on\Civs\eC_full\7wMidDM Sw+Treb.civ	83	92f860f98c6d92102248180702b0bdcc7a4b2380	2014-06-06T10:17:22Z	EE+NeoEE	setup:EE+NeoEE
file	data\Add-on\Civs\eC_full\7xRenDM.civ	67	8e5312c0f2d7bad26c40397840390d2fdb8236cb	2014-06-06T10:20:38Z	EE+NeoEE	setup:EE+NeoEE
file	data\Add-on\Civs\eC_full\7yIndyDM.civ	79	a23f51a3f0b79c67d607f3dd9a5bb6e6ddc598ec	2014-06-06T10:30:24Z	EE+NeoEE	setup:EE+NeoEE
file	data\Add-on\DirectX_Wrapper\DDrawCompat\DDraw.dll	2777088	05c749d5cae58485e52d9269374a4eb36941bf97	2023-11-27T05:50:06Z	EE+NeoEE	setup:EE+NeoEE
file	data\Add-on\DirectX_Wrapper\dgVoodoo_bin\D3DImm.dll	208384	073155862007b67f9ef45dbcf7c839820140933f	2026-09-14T22:35:54Z	EE+NeoEE	download:dgvoodoo-v2.87.5
file	data\Add-on\DirectX_Wrapper\dgVoodoo_bin\DDraw.dll	255488	8aa03fba71e677c445f73403a586f7451c993811	2026-09-14T22:35:54Z	EE+NeoEE	download:dgvoodoo-v2.87.5
file	data\Add-on\DirectX_Wrapper\dgVoodoo_bin\dgVoodooCpl.exe	451072	4f2d8f3511ea8ac7172e8e861f7a6ad5e8f053e3	2026-09-14T22:17:46Z	EE+NeoEE	download:dgvoodoo-v2.87.5
file	data\Add-on\DirectX_Wrapper\GOG\DDraw.dll	1314816	023f2ee4039007036528d93f6534e97779dcfa07	2021-02-17T11:48:44Z	EE+NeoEE	setup:EE+NeoEE
file	data\Add-on\DLLs\Discord\discord_game_sdk.dll	3154744	62cd6f527be6c82e1c1669fde807a4b34774691b	2021-02-18T17:05:46Z	EE+NeoEE	setup:EE+NeoEE
file	data\Add-on\DLLs\Discord\EEDiscord.dll	261944	0184fe1fe0f2cb72307bd423d7e51ec651693506	2022-12-26T20:13:22Z	EE+NeoEE	setup:EE+NeoEE
file	data\Add-on\DLLs\dreXmod\2\dreXmod.config	1466	f4a532ff178d4dd4b2c32005e8c8978bb2347cad	2022-02-15T18:17:36Z	EE+NeoEE	setup:EE+NeoEE
file	data\Add-on\DLLs\dreXmod\2\dreXmod.dll	980992	09bc8f9684cece0845ed5bd2c137cbf71f04c6d3	2018-06-04T20:08:22Z	EE+NeoEE	setup:EE+NeoEE
file	data\Add-on\DLLs\dreXmod\2_privacy\dreXmod.dll	980992	929aa5c6910bfb0a9840c74835d661a3feb70d89	2022-08-29T19:15:56Z	EE+NeoEE	setup:EE+NeoEE
file	data\Add-on\DLLs\dreXmod\3\Data\dxm\drexmod.com\css\master.css	4117	3c87d4b027f0b21d4ba2fb872175eb590595885d	2023-11-27T06:56:44Z	EE+NeoEE	setup:EE+NeoEE
file	data\Add-on\DLLs\dreXmod\3\Data\dxm\drexmod.com\images\leagues\16\01.png	858	3755d154995a0525773377cc8976ebbcf925139f	2023-11-27T07:04:26Z	EE+NeoEE	setup:EE+NeoEE
file	data\Add-on\DLLs\dreXmod\3\Data\dxm\drexmod.com\images\leagues\16\02.png	824	21cfd13e54f0c26fb9582034aaaafb65dbe06083	2023-11-27T07:04:26Z	EE+NeoEE	setup:EE+NeoEE
file	data\Add-on\DLLs\dreXmod\3\Data\dxm\drexmod.com\images\leagues\16\03.png	957	c37064ae74d43f226c08c541f97341a89e850a63	2023-11-27T07:04:26Z	EE+NeoEE	setup:EE+NeoEE
file	data\Add-on\DLLs\dreXmod\3\Data\dxm\drexmod.com\images\leagues\16\04.png	830	af6c1dabd7b984d2f0516ceb38ce38866acd475a	2023-11-27T07:04:26Z	EE+NeoEE	setup:EE+NeoEE
file	data\Add-on\DLLs\dreXmod\3\Data\dxm\drexmod.com\images\leagues\16\05.png	889	16cad1f99160b23454fe45d2b209b88c289413a4	2023-11-27T07:04:26Z	EE+NeoEE	setup:EE+NeoEE
file	data\Add-on\DLLs\dreXmod\3\Data\dxm\drexmod.com\images\leagues\16\06.png	772	e49e309d07f650c02fdf9df7c5eed213d6c95913	2023-11-27T07:04:26Z	EE+NeoEE	setup:EE+NeoEE
file	data\Add-on\DLLs\dreXmod\3\Data\dxm\drexmod.com\images\ranks\24\10\000.png	737	30397fc15e0e2efedc6283aca8e1b9e7cd85fae5	2023-11-27T07:04:36Z	EE+NeoEE	setup:EE+NeoEE
file	data\Add-on\DLLs\dreXmod\3\Data\dxm\drexmod.com\images\ranks\24\10\001.png	724	4cfad5b6324f2690cb5285a438ad3ced84f22b3a	2023-11-27T07:04:42Z	EE+NeoEE	setup:EE+NeoEE
file	data\Add-on\DLLs\dreXmod\3\Data\dxm\drexmod.com\images\ranks\24\10\002.png	1029	0730997cb1095b2ab283d5767b10deff5e33e394	2023-11-27T07:04:38Z	EE+NeoEE	setup:EE+NeoEE
file	data\Add-on\DLLs\dreXmod\3\Data\dxm\drexmod.com\images\ranks\24\10\003.png	1147	9b26768e845a9b06e6c274c656470f15e21efa1e	2023-11-27T07:04:42Z	EE+NeoEE	setup:EE+NeoEE
file	data\Add-on\DLLs\dreXmod\3\Data\dxm\drexmod.com\images\ranks\24\10\004.png	1216	858c3071b9368272306d00a0966ef21bb97d5ae6	2023-11-27T07:04:38Z	EE+NeoEE	setup:EE+NeoEE
file	data\Add-on\DLLs\dreXmod\3\Data\dxm\drexmod.com\images\ranks\24\1\000.png	778	70635b8020258ba15d1a4d612a4d051ee3dfe9c0	2023-11-27T07:04:36Z	EE+NeoEE	setup:EE+NeoEE
file	data\Add-on\DLLs\dreXmod\3\Data\dxm\drexmod.com\images\ranks\24\1\001.png	771	701873b2f459ff1c84d6c8df5534db38bdff9c96	2023-11-27T07:04:36Z	EE+NeoEE	setup:EE+NeoEE
file	data\Add-on\DLLs\dreXmod\3\Data\dxm\drexmod.com\images\ranks\24\1\002.png	1097	078c8e1c7ab0638a947e1603113ee7036ef1bbd3	2023-11-27T07:04:36Z	EE+NeoEE	setup:EE+NeoEE
file	data\Add-on\DLLs\dreXmod\3\Data\dxm\drexmod.com\images\ranks\24\1\003.png	1205	68aece0ac365ff361c6a11f76d171adc0390c92f	2023-11-27T07:04:36Z	EE+NeoEE	setup:EE+NeoEE
file	data\Add-on\DLLs\dreXmod\3\Data\dxm\drexmod.com\images\ranks\24\1\004.png	1304	7e32d843de8ffd28ed3e4293aede6bb1672e48ff	2023-11-27T07:04:36Z	EE+NeoEE	setup:EE+NeoEE
file	data\Add-on\DLLs\dreXmod\3\Data\dxm\drexmod.com\images\ranks\24\2\000.png	791	755700da16e66561349083fb80ee4483772c7113	2023-11-27T07:04:36Z	EE+NeoEE	setup:EE+NeoEE
file	data\Add-on\DLLs\dreXmod\3\Data\dxm\drexmod.com\images\ranks\24\2\001.png	711	184c491097f1b6ac210672b9fdf854aa7408f025	2023-11-27T07:04:38Z	EE+NeoEE	setup:EE+NeoEE
file	data\Add-on\DLLs\dreXmod\3\Data\dxm\drexmod.com\images\ranks\24\2\002.png	1000	309937df4668326f0f8c833945cf0791259170bf	2023-11-27T07:04:36Z	EE+NeoEE	setup:EE+NeoEE
file	data\Add-on\DLLs\dreXmod\3\Data\dxm\drexmod.com\images\ranks\24\2\003.png	1080	9e560d23c836bd7a5f0e73589cf10158adf3a80d	2023-11-27T07:04:38Z	EE+NeoEE	setup:EE+NeoEE
file	data\Add-on\DLLs\dreXmod\3\Data\dxm\drexmod.com\images\ranks\24\2\004.png	1129	448ba402ae0e2c60748b2860f601cf6671dc334a	2023-11-27T07:04:38Z	EE+NeoEE	setup:EE+NeoEE
file	data\Add-on\DLLs\dreXmod\3\Data\dxm\drexmod.com\images\ranks\24\2\005.png	1124	3f5215c5c6e539bdb7589a421aafc52f29594bf6	2023-11-27T07:04:38Z	EE+NeoEE	setup:EE+NeoEE
file	data\Add-on\DLLs\dreXmod\3\Data\dxm\drexmod.com\images\ranks\24\2\006.png	1244	0836ccd712ceaa7d4b3359ca09e4db731bcbe547	2023-11-27T07:04:42Z	EE+NeoEE	setup:EE+NeoEE
file	data\Add-on\DLLs\dreXmod\3\Data\dxm\drexmod.com\images\ranks\24\2\007.png	1313	7f730b88f09b54af90df888e0bcf26e2e531157c	2023-11-27T07:04:40Z	EE+NeoEE	setup:EE+NeoEE
file	data\Add-on\DLLs\dreXmod\3\Data\dxm\drexmod.com\images\ranks\24\3\000.png	898	05b760772e70b9c927637857502c70d17319ac01	2023-11-27T07:04:38Z	EE+NeoEE	setup:EE+NeoEE
file	data\Add-on\DLLs\dreXmod\3\Data\dxm\drexmod.com\images\ranks\24\3\001.png	760	ab9e2d272fa0e43a3bdf47b3799fd82ef4200669	2023-11-27T07:04:40Z	EE+NeoEE	setup:EE+NeoEE
file	data\Add-on\DLLs\dreXmod\3\Data\dxm\drexmod.com\images\ranks\24\3\002.png	1062	b3118c57bd39011ee1e24705b91da5b174bb1547	2023-11-27T07:04:38Z	EE+NeoEE	setup:EE+NeoEE
file	data\Add-on\DLLs\dreXmod\3\Data\dxm\drexmod.com\images\ranks\24\3\003.png	1166	216759c30d8206544744edeaaa4e52ab5ea2c1ea	2023-11-27T07:04:38Z	EE+NeoEE	setup:EE+NeoEE
file	data\Add-on\DLLs\dreXmod\3\Data\dxm\drexmod.com\images\ranks\24\3\004.png	1366	1032def8bb613d081303101f25fd21fe5320d561	2023-11-27T07:04:42Z	EE+NeoEE	setup:EE+NeoEE
file	data\Add-on\DLLs\dreXmod\3\Data\dxm\drexmod.com\images\ranks\24\3\005.png	1272	81ecf9ac4d0a4947f00d4beefdf4084d25875b24	2023-11-27T07:04:38Z	EE+NeoEE	setup:EE+NeoEE
file	data\Add-on\DLLs\dreXmod\3\Data\dxm\drexmod.com\images\ranks\24\3\006.png	1401	b7c5bf6a9a91be61f01566c40849707a74cdfde9	2023-11-27T07:04:40Z	EE+NeoEE	setup:EE+NeoEE
file	data\Add-on\DLLs\dreXmod\3\Data\dxm\drexmod.com\images\ranks\24\3\007.png	1629	616d4c0b239301d7c8291f32afe180bdf0ed20de	2023-11-27T07:04:42Z	EE+NeoEE	setup:EE+NeoEE
file	data\Add-on\DLLs\dreXmod\3\Data\dxm\drexmod.com\images\ranks\24\3\008hor.png	1825	721da07687a9d6a8ceb21fda1cd3ea90cbb2064f	2023-11-27T07:04:42Z	EE+NeoEE	setup:EE+NeoEE
file	data\Add-on\DLLs\dreXmod\3\Data\dxm\drexmod.com\images\ranks\24\3\010bear.png	1962	d16fcd42d3d615d18bfe16c21fb4665a0406cd6a	2023-11-27T07:04:42Z	EE+NeoEE	setup:EE+NeoEE
file	data\Add-on\DLLs\dreXmod\3\Data\dxm\drexmod.com\images\ranks\24\4\000.png	779	3aa97cfe4fa57ca993bba3af57d88d2b7f05d33f	2023-11-27T07:04:40Z	EE+NeoEE	setup:EE+NeoEE
file	data\Add-on\DLLs\dreXmod\3\Data\dxm\drexmod.com\images\ranks\24\4\001.png	768	3779fb2712fb61ec58864909822b87b42a1bab64	2023-11-27T07:04:40Z	EE+NeoEE	setup:EE+NeoEE
file	data\Add-on\DLLs\dreXmod\3\Data\dxm\drexmod.com\images\ranks\24\4\002.png	1087	9b89aeac39dd77f3773053cbd2fc65223c412247	2023-11-27T07:04:40Z	EE+NeoEE	setup:EE+NeoEE
file	data\Add-on\DLLs\dreXmod\3\Data\dxm\drexmod.com\images\ranks\24\4\003.png	1202	a68ce54910d8e9fc0e6bb23911bd91724633a3de	2023-11-27T07:04:40Z	EE+NeoEE	setup:EE+NeoEE
file	data\Add-on\DLLs\dreXmod\3\Data\dxm\drexmod.com\images\ranks\24\4\004.png	1301	4af5822016e8895bb044b5534eefc98eb46c74b2	2023-11-27T07:04:40Z	EE+NeoEE	setup:EE+NeoEE
file	data\Add-on\DLLs\dreXmod\3\Data\dxm\drexmod.com\images\ranks\24\4\005.png	1309	03e30f833529759ac5a0bfe70aff86227b3a57f9	2023-11-27T07:04:42Z	EE+NeoEE	setup:EE+NeoEE
file	data\Add-on\DLLs\dreXmod\3\Data\dxm\drexmod.com\images\ranks\24\4\006.png	1458	19e8399802c2bcca5db160901693db261cdb2e5c	2023-11-27T07:04:42Z	EE+NeoEE	setup:EE+NeoEE
file	data\Add-on\DLLs\dreXmod\3\Data\dxm\drexmod.com\images\ranks\24\5\000.png	794	566b96aa47f6eb971afcbd835d75202bcad5d535	2023-11-27T07:04:38Z	EE+NeoEE	setup:EE+NeoEE
file	data\Add-on\DLLs\dreXmod\3\Data\dxm\drexmod.com\images\ranks\24\5\001.png	791	7fc310baec79c3f32eadd153614c69656c2a61dd	2023-11-27T07:04:40Z	EE+NeoEE	setup:EE+NeoEE
file	data\Add-on\DLLs\dreXmod\3\Data\dxm\drexmod.com\images\ranks\24\5\002.png	1123	55baeddc5b82f0d7b340be8be6aefc2bc2dc1e6a	2023-11-27T07:04:38Z	EE+NeoEE	setup:EE+NeoEE
file	data\Add-on\DLLs\dreXmod\3\Data\dxm\drexmod.com\images\ranks\24\5\003.png	1242	942c3d487fb2944ee72cd1f63bc26118d0f5ee76	2023-11-27T07:04:38Z	EE+NeoEE	setup:EE+NeoEE
file	data\Add-on\DLLs\dreXmod\3\Data\dxm\drexmod.com\images\ranks\24\5\004.png	1346	42fd5944be17c16cf2604af82754ac603b323c53	2023-11-27T07:04:40Z	EE+NeoEE	setup:EE+NeoEE
file	data\Add-on\DLLs\dreXmod\3\Data\dxm\drexmod.com\images\ranks\24\5\005.png	1342	a0c794ca9becfff53b2363da112c99d3aea16d68	2023-11-27T07:04:40Z	EE+NeoEE	setup:EE+NeoEE
file	data\Add-on\DLLs\dreXmod\3\Data\dxm\drexmod.com\images\ranks\24\6\000.png	797	314880296f4ebec25354b7143085a7a80c8be6a2	2023-11-27T07:04:40Z	EE+NeoEE	setup:EE+NeoEE
file	data\Add-on\DLLs\dreXmod\3\Data\dxm\drexmod.com\images\ranks\24\6\001.png	784	e982f8a6abe313ae72a247231501eb9cc60dc752	2023-11-27T07:04:42Z	EE+NeoEE	setup:EE+NeoEE
file	data\Add-on\DLLs\dreXmod\3\Data\dxm\drexmod.com\images\ranks\24\6\003.png	1217	96a6f91f229b90d040f3dd707156c85afa13ab8e	2023-11-27T07:04:42Z	EE+NeoEE	setup:EE+NeoEE
file	data\Add-on\DLLs\dreXmod\3\Data\dxm\drexmod.com\images\ranks\24\6\004.png	1336	8fc7c850925043ac9e7e48db204e79002d7609ee	2023-11-27T07:04:42Z	EE+NeoEE	setup:EE+NeoEE
file	data\Add-on\DLLs\dreXmod\3\Data\dxm\drexmod.com\images\ranks\24\blank.png	198	b13d51112d17afb198dd97ef16fe860c5187ff44	2023-11-27T07:04:36Z	EE+NeoEE	setup:EE+NeoEE
file	data\Add-on\DLLs\dreXmod\3\Data\dxm\drexmod.com\images\ranks\32\10\000.png	963	7dbe10b85b15a7a7d4d0f6c34f0c285b11111650	2023-11-27T07:04:30Z	EE+NeoEE	setup:EE+NeoEE
file	data\Add-on\DLLs\dreXmod\3\Data\dxm\drexmod.com\images\ranks\32\10\001.png	948	eb7a1a5d6fb09c2caeeb0eb8662fc01b86720ccd	2023-11-27T07:04:36Z	EE+NeoEE	setup:EE+NeoEE
file	data\Add-on\DLLs\dreXmod\3\Data\dxm\drexmod.com\images\ranks\32\10\002.png	1307	d13d22add2e826d4e45e3b6d4ebb875ea32f722d	2023-11-27T07:04:30Z	EE+NeoEE	setup:EE+NeoEE
file	data\Add-on\DLLs\dreXmod\3\Data\dxm\drexmod.com\images\ranks\32\10\003.png	1479	e9dc9c2f73609fd5585506cb65fb4353eb3a23bb	2023-11-27T07:04:34Z	EE+NeoEE	setup:EE+NeoEE
file	data\Add-on\DLLs\dreXmod\3\Data\dxm\drexmod.com\images\ranks\32\10\004.png	1581	e1eea72a35e5a777a3e70c8c39b38ce258d7fa6c	2023-11-27T07:04:30Z	EE+NeoEE	setup:EE+NeoEE
file	data\Add-on\DLLs\dreXmod\3\Data\dxm\drexmod.com\images\ranks\32\1\000.png	1088	551afa69a77af5ff045022995871672f125c209a	2023-11-27T07:04:30Z	EE+NeoEE	setup:EE+NeoEE
file	data\Add-on\DLLs\dreXmod\3\Data\dxm\drexmod.com\images\ranks\32\1\001.png	1075	652a7e30fbbc0dda2a4cf249070de0332a874525	2023-11-27T07:04:30Z	EE+NeoEE	setup:EE+NeoEE
file	data\Add-on\DLLs\dreXmod\3\Data\dxm\drexmod.com\images\ranks\32\1\002.png	1468	0695aaeb51d6f65e197b26cd3a7228a11654ce3c	2023-11-27T07:04:30Z	EE+NeoEE	setup:EE+NeoEE
file	data\Add-on\DLLs\dreXmod\3\Data\dxm\drexmod.com\images\ranks\32\1\003.png	1657	d2c38aa2861a89dfac68b40c78c3fc2464c402b2	2023-11-27T07:04:30Z	EE+NeoEE	setup:EE+NeoEE
file	data\Add-on\DLLs\dreXmod\3\Data\dxm\drexmod.com\images\ranks\32\1\004.png	1822	dd95d15cd528b7ae0faf065e8a257f06ba35cbeb	2023-11-27T07:04:30Z	EE+NeoEE	setup:EE+NeoEE
file	data\Add-on\DLLs\dreXmod\3\Data\dxm\drexmod.com\images\ranks\32\2\000.png	1087	40144e06b6c4d7a69200e6ed5160419fc30dfae5	2023-11-27T07:04:30Z	EE+NeoEE	setup:EE+NeoEE
file	data\Add-on\DLLs\dreXmod\3\Data\dxm\drexmod.com\images\ranks\32\2\001.png	958	c14add57e6a98dd765e28814d6685e6d7f0218b2	2023-11-27T07:04:32Z	EE+NeoEE	setup:EE+NeoEE
file	data\Add-on\DLLs\dreXmod\3\Data\dxm\drexmod.com\images\ranks\32\2\002.png	1280	d16bc82c7c3b222362c16353c47363ddc9b2498c	2023-11-27T07:04:30Z	EE+NeoEE	setup:EE+NeoEE
file	data\Add-on\DLLs\dreXmod\3\Data\dxm\drexmod.com\images\ranks\32\2\003.png	1402	5ff6cbdc176e513a41be96e9f31633634a9a01e0	2023-11-27T07:04:32Z	EE+NeoEE	setup:EE+NeoEE
file	data\Add-on\DLLs\dreXmod\3\Data\dxm\drexmod.com\images\ranks\32\2\004.png	1475	41842ddac05b50c27a2b71339809fd8687827677	2023-11-27T07:04:32Z	EE+NeoEE	setup:EE+NeoEE
file	data\Add-on\DLLs\dreXmod\3\Data\dxm\drexmod.com\images\ranks\32\2\005.png	1489	20fd7fd94076eb03f48f5f24ad856772235aa45f	2023-11-27T07:04:30Z	EE+NeoEE	setup:EE+NeoEE
file	data\Add-on\DLLs\dreXmod\3\Data\dxm\drexmod.com\images\ranks\32\2\006.png	1644	ec7292a8c60855cfb75125d609827fa6b71a7edb	2023-11-27T07:04:36Z	EE+NeoEE	setup:EE+NeoEE
file	data\Add-on\DLLs\dreXmod\3\Data\dxm\drexmod.com\images\ranks\32\2\007.png	1773	96ad252c188cb24d5cdc3f48b8a9aae6775494db	2023-11-27T07:04:32Z	EE+NeoEE	setup:EE+NeoEE
file	data\Add-on\DLLs\dreXmod\3\Data\dxm\drexmod.com\images\ranks\32\3\000.png	1081	cbd3870de7c7a66b0ce6b3173073eb6dc42c9e4a	2023-11-27T07:04:30Z	EE+NeoEE	setup:EE+NeoEE
file	data\Add-on\DLLs\dreXmod\3\Data\dxm\drexmod.com\images\ranks\32\3\001.png	1034	1dba73ea85cc0d8233c59faacfcac70746bd7fc7	2023-11-27T07:04:32Z	EE+NeoEE	setup:EE+NeoEE
file	data\Add-on\DLLs\dreXmod\3\Data\dxm\drexmod.com\images\ranks\32\3\002.png	1389	0b6dc47ad51d4e27d4dc01faadd91e87abe449e9	2023-11-27T07:04:32Z	EE+NeoEE	setup:EE+NeoEE
file	data\Add-on\DLLs\dreXmod\3\Data\dxm\drexmod.com\images\ranks\32\3\003.png	1582	60119e8468f7bfdd66ba8e12d0db590000d9af10	2023-11-27T07:04:30Z	EE+NeoEE	setup:EE+NeoEE
file	data\Add-on\DLLs\dreXmod\3\Data\dxm\drexmod.com\images\ranks\32\3\004.png	1714	e907f775605931d4b53dcd21605c10bd81663ba1	2023-11-27T07:04:34Z	EE+NeoEE	setup:EE+NeoEE
file	data\Add-on\DLLs\dreXmod\3\Data\dxm\drexmod.com\images\ranks\32\3\005.png	1745	4e696ece13d895d9522b47007a0cba2adf280854	2023-11-27T07:04:32Z	EE+NeoEE	setup:EE+NeoEE
file	data\Add-on\DLLs\dreXmod\3\Data\dxm\drexmod.com\images\ranks\32\3\006.png	1921	ff4bd11020cfd85f818bcdeb7000ad7153770060	2023-11-27T07:04:32Z	EE+NeoEE	setup:EE+NeoEE
file	data\Add-on\DLLs\dreXmod\3\Data\dxm\drexmod.com\images\ranks\32\3\007.png	2357	f98f9717ac71ad0940baa5d0dc143e9571047a5b	2023-11-27T07:04:34Z	EE+NeoEE	setup:EE+NeoEE
file	data\Add-on\DLLs\dreXmod\3\Data\dxm\drexmod.com\images\ranks\32\3\008hor.png	2739	3b472ca74e967c235d116da32d6c8b32523cfa6f	2023-11-27T07:04:36Z	EE+NeoEE	setup:EE+NeoEE
file	data\Add-on\DLLs\dreXmod\3\Data\dxm\drexmod.com\images\ranks\32\3\010bear.png	3242	9a964d7e945999e1d1dbc2ce38373461f14641f7	2023-11-27T07:04:36Z	EE+NeoEE	setup:EE+NeoEE
file	data\Add-on\DLLs\dreXmod\3\Data\dxm\drexmod.com\images\ranks\32\4\000.png	1069	785f7c85aecd5c764f93ed93d4701443f424122b	2023-11-27T07:04:34Z	EE+NeoEE	setup:EE+NeoEE
file	data\Add-on\DLLs\dreXmod\3\Data\dxm\drexmod.com\images\ranks\32\4\001.png	1042	912946d6940d046cee55533488ae10f6c4259acc	2023-11-27T07:04:34Z	EE+NeoEE	setup:EE+NeoEE
file	data\Add-on\DLLs\dreXmod\3\Data\dxm\drexmod.com\images\ranks\32\4\002.png	1437	46572482112123781fd6965d15cdcceb8f3ebc33	2023-11-27T07:04:34Z	EE+NeoEE	setup:EE+NeoEE
file	data\Add-on\DLLs\dreXmod\3\Data\dxm\drexmod.com\images\ranks\32\4\003.png	1619	8abb2820433414446632f45ac92f74cb306fb595	2023-11-27T07:04:34Z	EE+NeoEE	setup:EE+NeoEE
file	data\Add-on\DLLs\dreXmod\3\Data\dxm\drexmod.com\images\ranks\32\4\004.png	1783	f3e98e1209ae55cb809c77c42884103f7f794a65	2023-11-27T07:04:34Z	EE+NeoEE	setup:EE+NeoEE
file	data\Add-on\DLLs\dreXmod\3\Data\dxm\drexmod.com\images\ranks\32\4\005.png	1807	cdfbe25a2f4dfe65c5ff209a2390f0b42cdff2eb	2023-11-27T07:04:34Z	EE+NeoEE	setup:EE+NeoEE
file	data\Add-on\DLLs\dreXmod\3\Data\dxm\drexmod.com\images\ranks\32\4\006.png	2023	0445d63aa43138a94339658ac3355e7572749541	2023-11-27T07:04:34Z	EE+NeoEE	setup:EE+NeoEE
file	data\Add-on\DLLs\dreXmod\3\Data\dxm\drexmod.com\images\ranks\32\5\000.png	1070	d8e81a3bce1fece76397958775b3e5f896e97aba	2023-11-27T07:04:32Z	EE+NeoEE	setup:EE+NeoEE
file	data\Add-on\DLLs\dreXmod\3\Data\dxm\drexmod.com\images\ranks\32\5\001.png	1065	ab9bff19a46478c24aaf59cdc94b7c964e3418bd	2023-11-27T07:04:32Z	EE+NeoEE	setup:EE+NeoEE
file	data\Add-on\DLLs\dreXmod\3\Data\dxm\drexmod.com\images\ranks\32\5\002.png	1456	4aa0a7b005b53d03484a733e6e37486ca74d91bc	2023-11-27T07:04:32Z	EE+NeoEE	setup:EE+NeoEE
file	data\Add-on\DLLs\dreXmod\3\Data\dxm\drexmod.com\images\ranks\32\5\003.png	1659	28f2bfbd90c9d96034f4f405e2da2ce4ae5360b4	2023-11-27T07:04:32Z	EE+NeoEE	setup:EE+NeoEE
file	data\Add-on\DLLs\dreXmod\3\Data\dxm\drexmod.com\images\ranks\32\5\004.png	1809	720cc2626d8a9b16c00fc85fc45251c7eea5fbf5	2023-11-27T07:04:32Z	EE+NeoEE	setup:EE+NeoEE
file	data\Add-on\DLLs\dreXmod\3\Data\dxm\drexmod.com\images\ranks\32\5\005.png	1843	260e66d6ec0ac7b4633938243367f155c9ca771f	2023-11-27T07:04:32Z	EE+NeoEE	setup:EE+NeoEE
file	data\Add-on\DLLs\dreXmod\3\Data\dxm\drexmod.com\images\ranks\32\6\000.png	1072	f6dc407a737658640c7d46b7650cd96dbc16fe7f	2023-11-27T07:04:34Z	EE+NeoEE	setup:EE+NeoEE
file	data\Add-on\DLLs\dreXmod\3\Data\dxm\drexmod.com\images\ranks\32\6\001.png	1058	f9ada780edd411ea2b995139a86c72b5be2695ed	2023-11-27T07:04:36Z	EE+NeoEE	setup:EE+NeoEE
file	data\Add-on\DLLs\dreXmod\3\Data\dxm\drexmod.com\images\ranks\32\6\003.png	1635	c8dcc9e418d920d0416da87861f5fd4d0c9b72c6	2023-11-27T07:04:34Z	EE+NeoEE	setup:EE+NeoEE
file	data\Add-on\DLLs\dreXmod\3\Data\dxm\drexmod.com\images\ranks\32\6\004.png	1772	81cc71bf80122bec0af420e0bb1fa1c985aa0eaf	2023-11-27T07:04:34Z	EE+NeoEE	setup:EE+NeoEE
file	data\Add-on\DLLs\dreXmod\3\Data\dxm\drexmod.com\images\ranks\32\blank.png	157	4b23dc36a4df7ca5e6cf7b7dd84adbd7e20ae18d	2023-11-27T07:04:30Z	EE+NeoEE	setup:EE+NeoEE
file	data\Add-on\DLLs\dreXmod\3\Data\dxm\drexmod.com\images\Sets\col\01.png	348	0469fb76d0df2d8857bb1d9173bff74dffd8b013	2023-11-27T07:04:28Z	EE+NeoEE	setup:EE+NeoEE
file	data\Add-on\DLLs\dreXmod\3\Data\dxm\drexmod.com\images\Sets\col\02.png	323	a046296bb1f1e36fcb12b9106c09bf0db2719dcc	2023-11-27T07:04:28Z	EE+NeoEE	setup:EE+NeoEE
file	data\Add-on\DLLs\dreXmod\3\Data\dxm\drexmod.com\images\Sets\col\03.png	367	0d89d3d1922d9992cdd898abdcca916d119512e9	2023-11-27T07:04:28Z	EE+NeoEE	setup:EE+NeoEE
file	data\Add-on\DLLs\dreXmod\3\Data\dxm\drexmod.com\images\Sets\col\04.png	372	99980af22c7e370f192fe77151e4e54f3278faaa	2023-11-27T07:04:28Z	EE+NeoEE	setup:EE+NeoEE
file	data\Add-on\DLLs\dreXmod\3\Data\dxm\drexmod.com\images\Sets\col\05.png	362	b9ec430853407869694f473fa931ce14feddaac8	2023-11-27T07:04:28Z	EE+NeoEE	setup:EE+NeoEE
file	data\Add-on\DLLs\dreXmod\3\Data\dxm\drexmod.com\images\Sets\col\06.png	343	a9f6059f5ae6192a6c067ac6a5103cde5bea5bc0	2023-11-27T07:04:28Z	EE+NeoEE	setup:EE+NeoEE
file	data\Add-on\DLLs\dreXmod\3\Data\dxm\drexmod.com\images\Sets\col\10.png	316	806facfa39b9de957dd0c59cdfefba5217b90613	2023-11-27T07:04:28Z	EE+NeoEE	setup:EE+NeoEE
file	data\Add-on\DLLs\dreXmod\3\Data\dxm\drexmod.com\images\Sets\exp\01.png	327	1d56c7056710d353fb9355b04691e5d2f23803f6	2023-11-27T07:04:28Z	EE+NeoEE	setup:EE+NeoEE
file	data\Add-on\DLLs\dreXmod\3\Data\dxm\drexmod.com\images\Sets\exp\02.png	331	a0d004ae7b51c9bf931e4ebff8bb5369a6af9f4d	2023-11-27T07:04:28Z	EE+NeoEE	setup:EE+NeoEE
file	data\Add-on\DLLs\dreXmod\3\Data\dxm\drexmod.com\images\Sets\exp\03.png	331	fe691d4e677f70e568202d82e0f57307e5f51b81	2023-11-27T07:04:28Z	EE+NeoEE	setup:EE+NeoEE
file	data\Add-on\DLLs\dreXmod\3\Data\dxm\drexmod.com\images\Sets\exp\04.png	330	9597076fed3aa9e020a81dcf47f5fbf68d2f3049	2023-11-27T07:04:28Z	EE+NeoEE	setup:EE+NeoEE
file	data\Add-on\DLLs\dreXmod\3\Data\dxm\drexmod.com\images\Sets\exp\05.png	339	b45f40541f4c2da219f6c7f01a9513933bcb7ec7	2023-11-27T07:04:28Z	EE+NeoEE	setup:EE+NeoEE
file	data\Add-on\DLLs\dreXmod\3\Data\dxm\drexmod.com\images\Sets\exp\06.png	347	e488c04f43e983ce28ed33cdcee862bbd56c7dc2	2023-11-27T07:04:28Z	EE+NeoEE	setup:EE+NeoEE
file	data\Add-on\DLLs\dreXmod\3\Data\dxm\drexmod.com\images\Sets\exp\10.png	301	011742a62f68c5fbb4af9f11fa58d21ff04ae4d2	2023-11-27T07:04:28Z	EE+NeoEE	setup:EE+NeoEE
file	data\Add-on\DLLs\dreXmod\3\Data\dxm\images\cheater.png	5188	389a54340438891c699b365fb6811492021b0020	2023-01-23T22:35:48Z	EE+NeoEE	setup:EE+NeoEE
file	data\Add-on\DLLs\dreXmod\3\Data\dxm\mods\dxm\CREDITS	2963	3ef82a1246fb0f8fc5de82e48f1704f21fc81f1d	2023-11-13T18:17:14Z	EE+NeoEE	setup:EE+NeoEE
file	data\Add-on\DLLs\dreXmod\3\Data\dxm\mods\dxm\fonts\CascadiaMono-Bold.ttf	459644	df8beec8ebc4edf7eeb0023cd0774d8900949833	2023-01-23T22:35:38Z	EE+NeoEE	setup:EE+NeoEE
file	data\Add-on\DLLs\dreXmod\3\Data\dxm\mods\dxm\fonts\CascadiaMono-OFL.txt	4487	80a8315d227d906f1c60540a33f0ef011c6be162	2023-01-23T22:35:38Z	EE+NeoEE	setup:EE+NeoEE
file	data\Add-on\DLLs\dreXmod\3\Data\dxm\mods\dxm\fonts\CascadiaMono-Regular.ttf	454048	967bc4a32c24c3a07e0ae0c54e66e6330d4c06f2	2023-01-23T22:35:38Z	EE+NeoEE	setup:EE+NeoEE
file	data\Add-on\DLLs\dreXmod\3\Data\dxm\mods\dxm\sounds\cheatdetector.wav	743340	ae14d98c015ba13e0941b756e06dcbe2be974d9f	2023-01-23T22:35:38Z	EE+NeoEE	setup:EE+NeoEE
file	data\Add-on\DLLs\dreXmod\3\Data\dxm\mods\dxm\sounds\eeintro.mp3	2862720	56942d41736dde1cedb40627c7d0d9edd55c29d1	2023-01-23T22:35:38Z	EE+NeoEE	setup:EE+NeoEE
file	data\Add-on\DLLs\dreXmod\3\Data\dxm\mods\dxm\sounds\pauserequest.wav	88302	5825e3f8741fd810b76c3eb269328502c1691da3	2023-01-23T22:35:38Z	EE+NeoEE	setup:EE+NeoEE
file	data\Add-on\DLLs\dreXmod\3\Data\dxm\mods\dxm\textures\eegenericback_gold.sst	16417	65b14f2cc554ddb006758f4de49f3bf58a2ec3c3	2023-01-23T22:35:38Z	EE+NeoEE	setup:EE+NeoEE
file	data\Add-on\DLLs\dreXmod\3\Data\dxm\mods\dxm\WONLobby Resources\_drexmod.cfg	18106	f35b9ae1cf6248025524146a2a47971b01676dba	2023-11-13T18:17:14Z	EE+NeoEE	setup:EE+NeoEE
file	data\Add-on\DLLs\dreXmod\3\Data\dxm\mods\dxm\WONLobby Resources\_DreXmodFont.cfg	36054	38c9dff7b0878de3e0dfc0d26803001450d5ceff	2023-01-23T22:35:40Z	EE+NeoEE	setup:EE+NeoEE
file	data\Add-on\DLLs\dreXmod\3\Data\dxm\mods\dxm\WONLobby Resources\_LobbyMaster.cfg	339	0b4509665b6a21938100eea2cc5485667f869865	2023-01-23T22:35:40Z	EE+NeoEE	setup:EE+NeoEE
file	data\Add-on\DLLs\dreXmod\3\Data\dxm\mods\dxm\WONLobby Resources\CommonOptions.cfg	85	2469565993a1713605960fef86be430ede715975	2023-01-23T22:35:38Z	EE+NeoEE	setup:EE+NeoEE
file	data\Add-on\DLLs\dreXmod\3\Data\dxm\mods\dxm\WONLobby Resources\CreateAccountCtrl.cfg	202	c434ad50e78534239e9d98a912f0c87daefb6f52	2023-02-05T06:15:00Z	EE+NeoEE	setup:EE+NeoEE
file	data\Add-on\DLLs\dreXmod\3\Data\dxm\mods\dxm\WONLobby Resources\DirectConnectCtrl.cfg	101	15afa491381b194820a9df1c6afcb7dba0f558cc	2023-01-23T22:35:38Z	EE+NeoEE	setup:EE+NeoEE
file	data\Add-on\DLLs\dreXmod\3\Data\dxm\mods\dxm\WONLobby Resources\GameOptionsCtrl.cfg	105	58e6dce64fa2e25b1997cc6552b72ebfac130653	2023-01-23T22:35:38Z	EE+NeoEE	setup:EE+NeoEE
file	data\Add-on\DLLs\dreXmod\3\Data\dxm\mods\dxm\WONLobby Resources\GameStagingCtrl.cfg	99	d49b98f4ec48e2239c678de862552e6e719de4bf	2023-01-23T22:35:38Z	EE+NeoEE	setup:EE+NeoEE
file	data\Add-on\DLLs\dreXmod\3\Data\dxm\mods\dxm\WONLobby Resources\GameUserListCtrl.cfg	152	ec65aaef6a763415eec47012121c77160a3c87c8	2023-01-23T22:35:38Z	EE+NeoEE	setup:EE+NeoEE
file	data\Add-on\DLLs\dreXmod\3\Data\dxm\mods\dxm\WONLobby Resources\Icons\24\Admin.png	1147	a30cb01c028e5cf25952c568919e3a295e86d45e	2023-01-23T22:35:40Z	EE+NeoEE	setup:EE+NeoEE
file	data\Add-on\DLLs\dreXmod\3\Data\dxm\mods\dxm\WONLobby Resources\Icons\24\AFK.png	1118	4b4234e6b139f11427d1d93d8ab2081d466ea61d	2023-01-23T22:35:40Z	EE+NeoEE	setup:EE+NeoEE
file	data\Add-on\DLLs\dreXmod\3\Data\dxm\mods\dxm\WONLobby Resources\Icons\24\Blank.png	126	17e0a0617ef93beba2014cf03fd61496d9d92bcf	2023-01-23T22:35:40Z	EE+NeoEE	setup:EE+NeoEE
file	data\Add-on\DLLs\dreXmod\3\Data\dxm\mods\dxm\WONLobby Resources\Icons\24\Blocked.png	1083	459486fece5c1c06bf934821c56cf67cd8d4a8c4	2023-01-23T22:35:40Z	EE+NeoEE	setup:EE+NeoEE
file	data\Add-on\DLLs\dreXmod\3\Data\dxm\mods\dxm\WONLobby Resources\Icons\24\BlueCheck.png	629	47239221728ac638ff3f86e4b96678d92dc71798	2023-01-23T22:35:40Z	EE+NeoEE	setup:EE+NeoEE
file	data\Add-on\DLLs\dreXmod\3\Data\dxm\mods\dxm\WONLobby Resources\Icons\24\Captain.png	983	b243fce6ec5f89567ec1e5a5c96343d471d680d0	2023-01-23T22:35:40Z	EE+NeoEE	setup:EE+NeoEE
file	data\Add-on\DLLs\dreXmod\3\Data\dxm\mods\dxm\WONLobby Resources\Icons\24\Ignored.png	432	362cf231f025d1382db6cdfd4bcdcb59f2514af5	2023-01-23T22:35:40Z	EE+NeoEE	setup:EE+NeoEE
file	data\Add-on\DLLs\dreXmod\3\Data\dxm\mods\dxm\WONLobby Resources\Icons\24\Moderator.png	1230	9886563b4550ff4b2e1f4e65272d9d15e38299f5	2023-01-23T22:35:40Z	EE+NeoEE	setup:EE+NeoEE
file	data\Add-on\DLLs\dreXmod\3\Data\dxm\mods\dxm\WONLobby Resources\Icons\24\Muted.png	1391	d85fca9384ae392859d9c902b0a772b298c9a700	2023-01-23T22:35:40Z	EE+NeoEE	setup:EE+NeoEE
file	data\Add-on\DLLs\dreXmod\3\Data\dxm\mods\dxm\WONLobby Resources\Icons\32\Admin.png	1633	7699e5550b6d80a14b539bba83b322abd92de40c	2023-01-23T22:35:40Z	EE+NeoEE	setup:EE+NeoEE
file	data\Add-on\DLLs\dreXmod\3\Data\dxm\mods\dxm\WONLobby Resources\Icons\32\AFK.png	1584	e1b16e4c76495c2a861be6cd809f7b1fd43d74a7	2023-01-23T22:35:40Z	EE+NeoEE	setup:EE+NeoEE
file	data\Add-on\DLLs\dreXmod\3\Data\dxm\mods\dxm\WONLobby Resources\Icons\32\Blank.png	118	b8a7d3d39d9a7fd9a615b4478c933f9a1828c811	2023-01-23T22:35:40Z	EE+NeoEE	setup:EE+NeoEE
file	data\Add-on\DLLs\dreXmod\3\Data\dxm\mods\dxm\WONLobby Resources\Icons\32\Blocked.png	1441	b2e79b5a1d322eef7fc9bb47a0181b8ffc95a19e	2023-01-23T22:35:40Z	EE+NeoEE	setup:EE+NeoEE
file	data\Add-on\DLLs\dreXmod\3\Data\dxm\mods\dxm\WONLobby Resources\Icons\32\BlueCheck.png	940	70903139bf3328124ba6925a75557d6a8e133d64	2023-01-23T22:35:40Z	EE+NeoEE	setup:EE+NeoEE
file	data\Add-on\DLLs\dreXmod\3\Data\dxm\mods\dxm\WONLobby Resources\Icons\32\Captain.png	1257	50c5d4bbe0079a5be399b0160d0a948843d92867	2023-01-23T22:35:40Z	EE+NeoEE	setup:EE+NeoEE
file	data\Add-on\DLLs\dreXmod\3\Data\dxm\mods\dxm\WONLobby Resources\Icons\32\Ignored.png	537	fbc481c1dbf2d3bb09ef088a025ccf28f7e24c6d	2023-01-23T22:35:40Z	EE+NeoEE	setup:EE+NeoEE
file	data\Add-on\DLLs\dreXmod\3\Data\dxm\mods\dxm\WONLobby Resources\Icons\32\Moderator.png	1807	a3a7e2e202b5824965477b8d0e935ff527155a84	2023-01-23T22:35:40Z	EE+NeoEE	setup:EE+NeoEE
file	data\Add-on\DLLs\dreXmod\3\Data\dxm\mods\dxm\WONLobby Resources\Icons\32\Muted.png	2053	6b1400db9a8f6d76476484d4e6abe47e449e783d	2023-01-23T22:35:40Z	EE+NeoEE	setup:EE+NeoEE
file	data\Add-on\DLLs\dreXmod\3\Data\dxm\mods\dxm\WONLobby Resources\Icons\Admin.png	656	4c4e9c0213072794fc6e947133bb8c7f629e096c	2023-01-23T22:35:40Z	EE+NeoEE	setup:EE+NeoEE
file	data\Add-on\DLLs\dreXmod\3\Data\dxm\mods\dxm\WONLobby Resources\Icons\AFK.png	498	607ae8b2f4c8b567051ab8d649f971d30b8b0e05	2023-01-23T22:35:40Z	EE+NeoEE	setup:EE+NeoEE
file	data\Add-on\DLLs\dreXmod\3\Data\dxm\mods\dxm\WONLobby Resources\Icons\Blocked.png	425	335decd13983e4732e772a79228b9f4ab60a18b0	2023-01-23T22:35:40Z	EE+NeoEE	setup:EE+NeoEE
file	data\Add-on\DLLs\dreXmod\3\Data\dxm\mods\dxm\WONLobby Resources\Icons\BlueCheck.png	370	e70ff176bdfe7030d55d333a7bbad6bc67386fba	2023-01-23T22:35:40Z	EE+NeoEE	setup:EE+NeoEE
file	data\Add-on\DLLs\dreXmod\3\Data\dxm\mods\dxm\WONLobby Resources\Icons\Captain.png	661	b6f887bc7496efb34d6a62e0af211047a4a2b028	2023-01-23T22:35:40Z	EE+NeoEE	setup:EE+NeoEE
file	data\Add-on\DLLs\dreXmod\3\Data\dxm\mods\dxm\WONLobby Resources\Icons\Flashlight.png	648	0e01611d0730edc71a3f2b06494ce27b82181040	2023-01-23T22:35:40Z	EE+NeoEE	setup:EE+NeoEE
file	data\Add-on\DLLs\dreXmod\3\Data\dxm\mods\dxm\WONLobby Resources\Icons\Ignored.png	259	90003f2076de6abe7964bdde115a302189277010	2023-01-23T22:35:40Z	EE+NeoEE	setup:EE+NeoEE
file	data\Add-on\DLLs\dreXmod\3\Data\dxm\mods\dxm\WONLobby Resources\Icons\Moderator.png	693	ae57597b5f626d67616e8695269bdd727cf49460	2023-01-23T22:35:40Z	EE+NeoEE	setup:EE+NeoEE
file	data\Add-on\DLLs\dreXmod\3\Data\dxm\mods\dxm\WONLobby Resources\Icons\Muted.png	402	07eba46457d47a98833255db2f356abe72b5dd48	2023-01-23T22:35:40Z	EE+NeoEE	setup:EE+NeoEE
file	data\Add-on\DLLs\dreXmod\3\Data\dxm\mods\dxm\WONLobby Resources\Icons\Password.png	526	a7e76a0f33412b71059c2e9f37107641766029d1	2023-01-23T22:35:40Z	EE+NeoEE	setup:EE+NeoEE
file	data\Add-on\DLLs\dreXmod\3\Data\dxm\mods\dxm\WONLobby Resources\Icons\SkillAdvanced.png	642	9592db637d920e5b26f50a73948d1cb0f2c9f42a	2023-01-23T22:35:40Z	EE+NeoEE	setup:EE+NeoEE
file	data\Add-on\DLLs\dreXmod\3\Data\dxm\mods\dxm\WONLobby Resources\Icons\SkillExpert.png	735	794112b77b62653154c2af43d7343e241b3f1cbe	2023-01-23T22:35:40Z	EE+NeoEE	setup:EE+NeoEE
file	data\Add-on\DLLs\dreXmod\3\Data\dxm\mods\dxm\WONLobby Resources\Icons\SkillIntermediate.png	577	93828bd1d82f16edc788c3d3c62b7a4cd204ccb4	2023-01-23T22:35:40Z	EE+NeoEE	setup:EE+NeoEE
file	data\Add-on\DLLs\dreXmod\3\Data\dxm\mods\dxm\WONLobby Resources\Icons\SkillNovice.png	389	4806fae8484813424c8bdce64ecb96b85b885c0d	2023-01-23T22:35:40Z	EE+NeoEE	setup:EE+NeoEE
file	data\Add-on\DLLs\dreXmod\3\Data\dxm\mods\dxm\WONLobby Resources\Icons\Tombstone.png	661	b004c8fba822a055d0a90f8d535fe424ca07487e	2023-01-23T22:35:40Z	EE+NeoEE	setup:EE+NeoEE
file	data\Add-on\DLLs\dreXmod\3\Data\dxm\mods\dxm\WONLobby Resources\Images\bkg_fleet.jpg	351584	7caf251b3eac5209ac736e3829841a0fb46f1a26	2023-01-23T22:35:40Z	EE+NeoEE	setup:EE+NeoEE
file	data\Add-on\DLLs\dreXmod\3\Data\dxm\mods\dxm\WONLobby Resources\Images\bkg_german.jpg	189712	903c193ef516f00e00caf2e901252d4ade978d98	2023-01-23T22:35:40Z	EE+NeoEE	setup:EE+NeoEE
file	data\Add-on\DLLs\dreXmod\3\Data\dxm\mods\dxm\WONLobby Resources\Images\LobbyLogo.png	11431	8f0e4bf583d4393c1503cf7013eb64c9a65b5904	2023-01-23T22:35:40Z	EE+NeoEE	setup:EE+NeoEE
file	data\Add-on\DLLs\dreXmod\3\Data\dxm\mods\dxm\WONLobby Resources\Images\login_16_9.jpg	364990	cce9e576c24b92cf245260f16dc332c041d959f5	2023-01-23T22:35:40Z	EE+NeoEE	setup:EE+NeoEE
file	data\Add-on\DLLs\dreXmod\3\Data\dxm\mods\dxm\WONLobby Resources\Images\login_4_3.jpg	377638	26ce388e9942361def3e2c777b7f70d8cf0b23e0	2023-01-23T22:35:40Z	EE+NeoEE	setup:EE+NeoEE
file	data\Add-on\DLLs\dreXmod\3\Data\dxm\mods\dxm\WONLobby Resources\Images\Logo.png	5422	19ee1bed26ea51b059dbf2914a4bf55a7e8b4b21	2023-01-23T22:35:40Z	EE+NeoEE	setup:EE+NeoEE
file	data\Add-on\DLLs\dreXmod\3\Data\dxm\mods\dxm\WONLobby Resources\Images\MainBackgroundTile.jpg	24700	b65fcec88dc4ce752781dcb06d557514993afbbf	2023-01-23T22:35:40Z	EE+NeoEE	setup:EE+NeoEE
file	data\Add-on\DLLs\dreXmod\3\Data\dxm\mods\dxm\WONLobby Resources\Images\SierraLogo.png	9705	ea625ccdaed6a2177cf083114075c784c85741d1	2023-01-23T22:35:40Z	EE+NeoEE	setup:EE+NeoEE
file	data\Add-on\DLLs\dreXmod\3\Data\dxm\mods\dxm\WONLobby Resources\InternetQuickPlay.cfg	91	9234c78d4c57b99e4159aee5a5e1f60f461f9e4b	2023-01-23T22:35:40Z	EE+NeoEE	setup:EE+NeoEE
file	data\Add-on\DLLs\dreXmod\3\Data\dxm\mods\dxm\WONLobby Resources\InternetScreen.cfg	361	c99f6c7c0386db36d52963643222547f0ca21fa1	2023-01-23T22:35:40Z	EE+NeoEE	setup:EE+NeoEE
file	data\Add-on\DLLs\dreXmod\3\Data\dxm\mods\dxm\WONLobby Resources\LanScreen.cfg	350	272a6311c9cbe76573ee9b2872d245ed1d144e90	2023-01-23T22:35:40Z	EE+NeoEE	setup:EE+NeoEE
file	data\Add-on\DLLs\dreXmod\3\Data\dxm\mods\dxm\WONLobby Resources\LoginScreen.cfg	2774	a56e296a271c6cc5be2ca700f0836e83833a2423	2023-11-13T18:17:14Z	EE+NeoEE	setup:EE+NeoEE
file	data\Add-on\DLLs\dreXmod\3\Data\dxm\mods\dxm\WONLobby Resources\MainInternetTab.cfg	158	5747617e738d5401bfc7e46b86072e7f0b277eed	2023-01-23T22:35:40Z	EE+NeoEE	setup:EE+NeoEE
file	data\Add-on\DLLs\dreXmod\3\Data\dxm\mods\dxm\WONLobby Resources\MainLanTab.cfg	92	5082597aade41095f3475a2f7e984bb097b2436e	2023-01-23T22:35:40Z	EE+NeoEE	setup:EE+NeoEE
file	data\Add-on\DLLs\dreXmod\3\Data\dxm\mods\dxm\WONLobby Resources\PlayerOptionsCtrl.cfg	376	9df5c941d2de3fa953fca686503978f685a7934a	2023-11-13T18:17:14Z	EE+NeoEE	setup:EE+NeoEE
file	data\Add-on\DLLs\dreXmod\3\Data\dxm\mods\dxm\WONLobby Resources\RootScreen.cfg	1560	1623242800a2cee4d28fd20fa482185d21003b69	2023-01-23T22:35:40Z	EE+NeoEE	setup:EE+NeoEE
file	data\Add-on\DLLs\dreXmod\3\Data\dxm\mods\dxm\WONLobby Resources\Sounds\ButtonClick.wav	5884	27da435ad8b23dd55c21cb3f9b195c7a619c563b	2023-01-23T22:35:40Z	EE+NeoEE	setup:EE+NeoEE
file	data\Add-on\DLLs\dreXmod\3\Data\dxm\mods\dxm\WONLobby Resources\Sounds\eeintro.mp3	2862720	56942d41736dde1cedb40627c7d0d9edd55c29d1	2023-01-23T22:35:40Z	EE+NeoEE	setup:EE+NeoEE
file	data\Add-on\DLLs\dreXmod\3\Data\dxm\mods\dxm\WONLobby Resources\Sounds\Empty.wav	136	0f0cd6672495ca55fc93511cf93b5e643c0be9b2	2023-01-23T22:35:40Z	EE+NeoEE	setup:EE+NeoEE
file	data\Add-on\DLLs\dreXmod\3\Data\dxm\mods\dxm\WONLobby Resources\Sounds\Error.wav	54186	db74a5babbf134eb87e70c61e2e67a0e16aedb91	2023-01-23T22:35:40Z	EE+NeoEE	setup:EE+NeoEE
file	data\Add-on\DLLs\dreXmod\3\Data\dxm\mods\dxm\WONLobby Resources\Sounds\PlayerJoined.wav	159138	f9322c4025471a790dbd86e56d3b9a83dd42bc3c	2023-01-23T22:35:40Z	EE+NeoEE	setup:EE+NeoEE
file	data\Add-on\DLLs\dreXmod\3\Data\dxm\mods\dxm\WONLobby Resources\Sounds\WhisperRecv.wav	176788	00bc1a2a502f678530cec698cee537fef1080bc4	2023-01-23T22:35:40Z	EE+NeoEE	setup:EE+NeoEE
file	data\Add-on\DLLs\dreXmod\3\Data\dxm\mods\energycube\CREDITS	2942	72f18b5124b46c5ed94485637e42b879b2dcf6dc	2023-11-13T18:17:14Z	EE+NeoEE	setup:EE+NeoEE
file	data\Add-on\DLLs\dreXmod\3\Data\dxm\mods\energycube\fonts\CascadiaMono-Bold.ttf	459644	df8beec8ebc4edf7eeb0023cd0774d8900949833	2023-01-23T22:35:40Z	EE+NeoEE	setup:EE+NeoEE
file	data\Add-on\DLLs\dreXmod\3\Data\dxm\mods\energycube\fonts\CascadiaMono-OFL.txt	4487	80a8315d227d906f1c60540a33f0ef011c6be162	2023-01-23T22:35:40Z	EE+NeoEE	setup:EE+NeoEE
file	data\Add-on\DLLs\dreXmod\3\Data\dxm\mods\energycube\fonts\CascadiaMono-Regular.ttf	454048	967bc4a32c24c3a07e0ae0c54e66e6330d4c06f2	2023-01-23T22:35:40Z	EE+NeoEE	setup:EE+NeoEE
file	data\Add-on\DLLs\dreXmod\3\Data\dxm\mods\energycube\sounds\cheatdetector.wav	743340	ae14d98c015ba13e0941b756e06dcbe2be974d9f	2023-01-23T22:35:40Z	EE+NeoEE	setup:EE+NeoEE
file	data\Add-on\DLLs\dreXmod\3\Data\dxm\mods\energycube\sounds\eeintro.mp3	2862720	56942d41736dde1cedb40627c7d0d9edd55c29d1	2023-01-23T22:35:42Z	EE+NeoEE	setup:EE+NeoEE
file	data\Add-on\DLLs\dreXmod\3\Data\dxm\mods\energycube\sounds\pauserequest.wav	88302	5825e3f8741fd810b76c3eb269328502c1691da3	2023-01-23T22:35:42Z	EE+NeoEE	setup:EE+NeoEE
file	data\Add-on\DLLs\dreXmod\3\Data\dxm\mods\energycube\textures\eegenericback_gold.sst	16417	65b14f2cc554ddb006758f4de49f3bf58a2ec3c3	2023-01-23T22:35:42Z	EE+NeoEE	setup:EE+NeoEE
file	data\Add-on\DLLs\dreXmod\3\Data\dxm\mods\energycube\WONLobby Resources\_drexmod.cfg	19694	60aa127158cc76c2893f354c53de294ba1669886	2023-11-13T18:17:14Z	EE+NeoEE	setup:EE+NeoEE
file	data\Add-on\DLLs\dreXmod\3\Data\dxm\mods\energycube\WONLobby Resources\_DreXmodFont.cfg	36054	38c9dff7b0878de3e0dfc0d26803001450d5ceff	2023-01-23T22:35:42Z	EE+NeoEE	setup:EE+NeoEE
file	data\Add-on\DLLs\dreXmod\3\Data\dxm\mods\energycube\WONLobby Resources\_LobbyMaster.cfg	339	0b4509665b6a21938100eea2cc5485667f869865	2023-01-23T22:35:42Z	EE+NeoEE	setup:EE+NeoEE
file	data\Add-on\DLLs\dreXmod\3\Data\dxm\mods\energycube\WONLobby Resources\AddFriendDialog.cfg	197	fefa2cabd8e78811b101f2af5b1fb07e799b2b6f	2023-01-23T22:35:42Z	EE+NeoEE	setup:EE+NeoEE
file	data\Add-on\DLLs\dreXmod\3\Data\dxm\mods\energycube\WONLobby Resources\AdminActionDialog.cfg	207	7b7383b3e9e49c19ef272b84dbf3d42c136a7a48	2023-01-23T22:35:42Z	EE+NeoEE	setup:EE+NeoEE
file	data\Add-on\DLLs\dreXmod\3\Data\dxm\mods\energycube\WONLobby Resources\ChooseNetworkAdapterDialog.cfg	217	6fd64fa0df2c10c5cc98a108e2664651133142ec	2023-01-23T22:35:42Z	EE+NeoEE	setup:EE+NeoEE
file	data\Add-on\DLLs\dreXmod\3\Data\dxm\mods\energycube\WONLobby Resources\CommonOptions.cfg	85	2469565993a1713605960fef86be430ede715975	2023-01-23T22:35:42Z	EE+NeoEE	setup:EE+NeoEE
file	data\Add-on\DLLs\dreXmod\3\Data\dxm\mods\energycube\WONLobby Resources\CreateAccountCtrl.cfg	202	c434ad50e78534239e9d98a912f0c87daefb6f52	2023-02-05T06:15:00Z	EE+NeoEE	setup:EE+NeoEE
file	data\Add-on\DLLs\dreXmod\3\Data\dxm\mods\energycube\WONLobby Resources\CreateGameDialog.cfg	204	a47cb32e135509e7f475eb6669998f44b44b64e7	2023-01-23T22:35:42Z	EE+NeoEE	setup:EE+NeoEE
file	data\Add-on\DLLs\dreXmod\3\Data\dxm\mods\energycube\WONLobby Resources\CreateRoomDialog.cfg	204	79918cc4a65887a353b1c12e93453d30c83f8800	2023-01-23T22:35:42Z	EE+NeoEE	setup:EE+NeoEE
file	data\Add-on\DLLs\dreXmod\3\Data\dxm\mods\energycube\WONLobby Resources\DirectConnectCtrl.cfg	101	15afa491381b194820a9df1c6afcb7dba0f558cc	2023-01-23T22:35:42Z	EE+NeoEE	setup:EE+NeoEE
file	data\Add-on\DLLs\dreXmod\3\Data\dxm\mods\energycube\WONLobby Resources\DirectConnectDialog.cfg	204	155bd1e2d19e6f4138ea509b853d75093fb312a6	2023-01-23T22:35:42Z	EE+NeoEE	setup:EE+NeoEE
file	data\Add-on\DLLs\dreXmod\3\Data\dxm\mods\energycube\WONLobby Resources\EELobbyConnectDialog.cfg	147	8d223a76369fee939c214577dda7ef866642187a	2023-01-23T22:35:42Z	EE+NeoEE	setup:EE+NeoEE
file	data\Add-on\DLLs\dreXmod\3\Data\dxm\mods\energycube\WONLobby Resources\EELobbyFileDialog.cfg	258	569d8b2c7b7682ce23049c07f00897e827057571	2023-01-23T22:35:42Z	EE+NeoEE	setup:EE+NeoEE
file	data\Add-on\DLLs\dreXmod\3\Data\dxm\mods\energycube\WONLobby Resources\FriendsListCtrl.cfg	102	de588e0913143e383f77a25da09e4fd437f626d2	2023-01-23T22:35:42Z	EE+NeoEE	setup:EE+NeoEE
file	data\Add-on\DLLs\dreXmod\3\Data\dxm\mods\energycube\WONLobby Resources\GameOptionsCtrl.cfg	105	58e6dce64fa2e25b1997cc6552b72ebfac130653	2023-01-23T22:35:42Z	EE+NeoEE	setup:EE+NeoEE
file	data\Add-on\DLLs\dreXmod\3\Data\dxm\mods\energycube\WONLobby Resources\GameStagingCtrl.cfg	99	d49b98f4ec48e2239c678de862552e6e719de4bf	2023-01-23T22:35:42Z	EE+NeoEE	setup:EE+NeoEE
file	data\Add-on\DLLs\dreXmod\3\Data\dxm\mods\energycube\WONLobby Resources\GameUserListCtrl.cfg	152	ec65aaef6a763415eec47012121c77160a3c87c8	2023-01-23T22:35:42Z	EE+NeoEE	setup:EE+NeoEE
file	data\Add-on\DLLs\dreXmod\3\Data\dxm\mods\energycube\WONLobby Resources\Icons\24\Admin.png	1147	a30cb01c028e5cf25952c568919e3a295e86d45e	2023-01-23T22:35:42Z	EE+NeoEE	setup:EE+NeoEE
file	data\Add-on\DLLs\dreXmod\3\Data\dxm\mods\energycube\WONLobby Resources\Icons\24\AFK.png	1118	4b4234e6b139f11427d1d93d8ab2081d466ea61d	2023-01-23T22:35:42Z	EE+NeoEE	setup:EE+NeoEE
file	data\Add-on\DLLs\dreXmod\3\Data\dxm\mods\energycube\WONLobby Resources\Icons\24\Blank.png	126	17e0a0617ef93beba2014cf03fd61496d9d92bcf	2023-01-23T22:35:42Z	EE+NeoEE	setup:EE+NeoEE
file	data\Add-on\DLLs\dreXmod\3\Data\dxm\mods\energycube\WONLobby Resources\Icons\24\Blocked.png	1083	459486fece5c1c06bf934821c56cf67cd8d4a8c4	2023-01-23T22:35:42Z	EE+NeoEE	setup:EE+NeoEE
file	data\Add-on\DLLs\dreXmod\3\Data\dxm\mods\energycube\WONLobby Resources\Icons\24\BlueCheck.png	629	47239221728ac638ff3f86e4b96678d92dc71798	2023-01-23T22:35:42Z	EE+NeoEE	setup:EE+NeoEE
file	data\Add-on\DLLs\dreXmod\3\Data\dxm\mods\energycube\WONLobby Resources\Icons\24\Captain.png	983	b243fce6ec5f89567ec1e5a5c96343d471d680d0	2023-01-23T22:35:42Z	EE+NeoEE	setup:EE+NeoEE
file	data\Add-on\DLLs\dreXmod\3\Data\dxm\mods\energycube\WONLobby Resources\Icons\24\Ignored.png	432	362cf231f025d1382db6cdfd4bcdcb59f2514af5	2023-01-23T22:35:42Z	EE+NeoEE	setup:EE+NeoEE
file	data\Add-on\DLLs\dreXmod\3\Data\dxm\mods\energycube\WONLobby Resources\Icons\24\Moderator.png	1230	9886563b4550ff4b2e1f4e65272d9d15e38299f5	2023-01-23T22:35:42Z	EE+NeoEE	setup:EE+NeoEE
file	data\Add-on\DLLs\dreXmod\3\Data\dxm\mods\energycube\WONLobby Resources\Icons\24\Muted.png	1391	d85fca9384ae392859d9c902b0a772b298c9a700	2023-01-23T22:35:42Z	EE+NeoEE	setup:EE+NeoEE
file	data\Add-on\DLLs\dreXmod\3\Data\dxm\mods\energycube\WONLobby Resources\Icons\32\Admin.png	1633	7699e5550b6d80a14b539bba83b322abd92de40c	2023-01-23T22:35:42Z	EE+NeoEE	setup:EE+NeoEE
file	data\Add-on\DLLs\dreXmod\3\Data\dxm\mods\energycube\WONLobby Resources\Icons\32\AFK.png	1584	e1b16e4c76495c2a861be6cd809f7b1fd43d74a7	2023-01-23T22:35:42Z	EE+NeoEE	setup:EE+NeoEE
file	data\Add-on\DLLs\dreXmod\3\Data\dxm\mods\energycube\WONLobby Resources\Icons\32\Blank.png	118	b8a7d3d39d9a7fd9a615b4478c933f9a1828c811	2023-01-23T22:35:42Z	EE+NeoEE	setup:EE+NeoEE
file	data\Add-on\DLLs\dreXmod\3\Data\dxm\mods\energycube\WONLobby Resources\Icons\32\Blocked.png	1441	b2e79b5a1d322eef7fc9bb47a0181b8ffc95a19e	2023-01-23T22:35:42Z	EE+NeoEE	setup:EE+NeoEE
file	data\Add-on\DLLs\dreXmod\3\Data\dxm\mods\energycube\WONLobby Resources\Icons\32\BlueCheck.png	940	70903139bf3328124ba6925a75557d6a8e133d64	2023-01-23T22:35:42Z	EE+NeoEE	setup:EE+NeoEE
file	data\Add-on\DLLs\dreXmod\3\Data\dxm\mods\energycube\WONLobby Resources\Icons\32\Captain.png	1257	50c5d4bbe0079a5be399b0160d0a948843d92867	2023-01-23T22:35:42Z	EE+NeoEE	setup:EE+NeoEE
file	data\Add-on\DLLs\dreXmod\3\Data\dxm\mods\energycube\WONLobby Resources\Icons\32\Ignored.png	537	fbc481c1dbf2d3bb09ef088a025ccf28f7e24c6d	2023-01-23T22:35:42Z	EE+NeoEE	setup:EE+NeoEE
file	data\Add-on\DLLs\dreXmod\3\Data\dxm\mods\energycube\WONLobby Resources\Icons\32\Moderator.png	1807	a3a7e2e202b5824965477b8d0e935ff527155a84	2023-01-23T22:35:42Z	EE+NeoEE	setup:EE+NeoEE
file	data\Add-on\DLLs\dreXmod\3\Data\dxm\mods\energycube\WONLobby Resources\Icons\32\Muted.png	2053	6b1400db9a8f6d76476484d4e6abe47e449e783d	2023-01-23T22:35:42Z	EE+NeoEE	setup:EE+NeoEE
file	data\Add-on\DLLs\dreXmod\3\Data\dxm\mods\energycube\WONLobby Resources\Icons\Admin.png	656	4c4e9c0213072794fc6e947133bb8c7f629e096c	2023-01-23T22:35:42Z	EE+NeoEE	setup:EE+NeoEE
file	data\Add-on\DLLs\dreXmod\3\Data\dxm\mods\energycube\WONLobby Resources\Icons\AFK.png	498	607ae8b2f4c8b567051ab8d649f971d30b8b0e05	2023-01-23T22:35:42Z	EE+NeoEE	setup:EE+NeoEE
file	data\Add-on\DLLs\dreXmod\3\Data\dxm\mods\energycube\WONLobby Resources\Icons\Blocked.png	425	335decd13983e4732e772a79228b9f4ab60a18b0	2023-01-23T22:35:42Z	EE+NeoEE	setup:EE+NeoEE
file	data\Add-on\DLLs\dreXmod\3\Data\dxm\mods\energycube\WONLobby Resources\Icons\BlueCheck.png	370	e70ff176bdfe7030d55d333a7bbad6bc67386fba	2023-01-23T22:35:42Z	EE+NeoEE	setup:EE+NeoEE
file	data\Add-on\DLLs\dreXmod\3\Data\dxm\mods\energycube\WONLobby Resources\Icons\Captain.png	661	b6f887bc7496efb34d6a62e0af211047a4a2b028	2023-01-23T22:35:42Z	EE+NeoEE	setup:EE+NeoEE
file	data\Add-on\DLLs\dreXmod\3\Data\dxm\mods\energycube\WONLobby Resources\Icons\Flashlight.png	648	0e01611d0730edc71a3f2b06494ce27b82181040	2023-01-23T22:35:42Z	EE+NeoEE	setup:EE+NeoEE
file	data\Add-on\DLLs\dreXmod\3\Data\dxm\mods\energycube\WONLobby Resources\Icons\Ignored.png	259	90003f2076de6abe7964bdde115a302189277010	2023-01-23T22:35:42Z	EE+NeoEE	setup:EE+NeoEE
file	data\Add-on\DLLs\dreXmod\3\Data\dxm\mods\energycube\WONLobby Resources\Icons\Moderator.png	693	ae57597b5f626d67616e8695269bdd727cf49460	2023-01-23T22:35:42Z	EE+NeoEE	setup:EE+NeoEE
file	data\Add-on\DLLs\dreXmod\3\Data\dxm\mods\energycube\WONLobby Resources\Icons\Muted.png	402	07eba46457d47a98833255db2f356abe72b5dd48	2023-01-23T22:35:42Z	EE+NeoEE	setup:EE+NeoEE
file	data\Add-on\DLLs\dreXmod\3\Data\dxm\mods\energycube\WONLobby Resources\Icons\Password.png	526	a7e76a0f33412b71059c2e9f37107641766029d1	2023-01-23T22:35:42Z	EE+NeoEE	setup:EE+NeoEE
file	data\Add-on\DLLs\dreXmod\3\Data\dxm\mods\energycube\WONLobby Resources\Icons\SkillAdvanced.png	642	9592db637d920e5b26f50a73948d1cb0f2c9f42a	2023-01-23T22:35:42Z	EE+NeoEE	setup:EE+NeoEE
file	data\Add-on\DLLs\dreXmod\3\Data\dxm\mods\energycube\WONLobby Resources\Icons\SkillExpert.png	735	794112b77b62653154c2af43d7343e241b3f1cbe	2023-01-23T22:35:42Z	EE+NeoEE	setup:EE+NeoEE
file	data\Add-on\DLLs\dreXmod\3\Data\dxm\mods\energycube\WONLobby Resources\Icons\SkillIntermediate.png	577	93828bd1d82f16edc788c3d3c62b7a4cd204ccb4	2023-01-23T22:35:42Z	EE+NeoEE	setup:EE+NeoEE
file	data\Add-on\DLLs\dreXmod\3\Data\dxm\mods\energycube\WONLobby Resources\Icons\SkillNovice.png	389	4806fae8484813424c8bdce64ecb96b85b885c0d	2023-01-23T22:35:42Z	EE+NeoEE	setup:EE+NeoEE
file	data\Add-on\DLLs\dreXmod\3\Data\dxm\mods\energycube\WONLobby Resources\Icons\Tombstone.png	661	b004c8fba822a055d0a90f8d535fe424ca07487e	2023-01-23T22:35:42Z	EE+NeoEE	setup:EE+NeoEE
file	data\Add-on\DLLs\dreXmod\3\Data\dxm\mods\energycube\WONLobby Resources\Images\background.jpg	329010	f413f219f1ce75d4d35edda1e3dbe46526b75130	2023-01-23T22:35:42Z	EE+NeoEE	setup:EE+NeoEE
file	data\Add-on\DLLs\dreXmod\3\Data\dxm\mods\energycube\WONLobby Resources\Images\LobbyLogo.png	11431	8f0e4bf583d4393c1503cf7013eb64c9a65b5904	2023-01-23T22:35:42Z	EE+NeoEE	setup:EE+NeoEE
file	data\Add-on\DLLs\dreXmod\3\Data\dxm\mods\energycube\WONLobby Resources\Images\login_16_9.jpg	364990	cce9e576c24b92cf245260f16dc332c041d959f5	2023-01-23T22:35:44Z	EE+NeoEE	setup:EE+NeoEE
file	data\Add-on\DLLs\dreXmod\3\Data\dxm\mods\energycube\WONLobby Resources\Images\login_4_3.jpg	377638	26ce388e9942361def3e2c777b7f70d8cf0b23e0	2023-01-23T22:35:44Z	EE+NeoEE	setup:EE+NeoEE
file	data\Add-on\DLLs\dreXmod\3\Data\dxm\mods\energycube\WONLobby Resources\Images\Logo.png	5422	19ee1bed26ea51b059dbf2914a4bf55a7e8b4b21	2023-01-23T22:35:44Z	EE+NeoEE	setup:EE+NeoEE
file	data\Add-on\DLLs\dreXmod\3\Data\dxm\mods\energycube\WONLobby Resources\Images\MainBackgroundTile.jpg	24700	b65fcec88dc4ce752781dcb06d557514993afbbf	2023-01-23T22:35:44Z	EE+NeoEE	setup:EE+NeoEE
file	data\Add-on\DLLs\dreXmod\3\Data\dxm\mods\energycube\WONLobby Resources\Images\SierraLogo.png	9705	ea625ccdaed6a2177cf083114075c784c85741d1	2023-01-23T22:35:44Z	EE+NeoEE	setup:EE+NeoEE
file	data\Add-on\DLLs\dreXmod\3\Data\dxm\mods\energycube\WONLobby Resources\InternetQuickPlay.cfg	91	9234c78d4c57b99e4159aee5a5e1f60f461f9e4b	2023-01-23T22:35:42Z	EE+NeoEE	setup:EE+NeoEE
file	data\Add-on\DLLs\dreXmod\3\Data\dxm\mods\energycube\WONLobby Resources\InternetScreen.cfg	361	c99f6c7c0386db36d52963643222547f0ca21fa1	2023-01-23T22:35:42Z	EE+NeoEE	setup:EE+NeoEE
file	data\Add-on\DLLs\dreXmod\3\Data\dxm\mods\energycube\WONLobby Resources\LANPortDialog.cfg	197	8348742d928e617e6d7e04f0d5acf005400a4de5	2023-01-23T22:35:42Z	EE+NeoEE	setup:EE+NeoEE
file	data\Add-on\DLLs\dreXmod\3\Data\dxm\mods\energycube\WONLobby Resources\LanScreen.cfg	350	272a6311c9cbe76573ee9b2872d245ed1d144e90	2023-01-23T22:35:42Z	EE+NeoEE	setup:EE+NeoEE
file	data\Add-on\DLLs\dreXmod\3\Data\dxm\mods\energycube\WONLobby Resources\LoginScreen.cfg	2774	a56e296a271c6cc5be2ca700f0836e83833a2423	2023-11-13T18:17:14Z	EE+NeoEE	setup:EE+NeoEE
file	data\Add-on\DLLs\dreXmod\3\Data\dxm\mods\energycube\WONLobby Resources\LoginStatusCtrl.cfg	106	d6ba12fc609951a0f6a444aec15facfa62d330bd	2023-01-23T22:35:42Z	EE+NeoEE	setup:EE+NeoEE
file	data\Add-on\DLLs\dreXmod\3\Data\dxm\mods\energycube\WONLobby Resources\MainInternetTab.cfg	158	5747617e738d5401bfc7e46b86072e7f0b277eed	2023-01-23T22:35:42Z	EE+NeoEE	setup:EE+NeoEE
file	data\Add-on\DLLs\dreXmod\3\Data\dxm\mods\energycube\WONLobby Resources\MainLanTab.cfg	92	5082597aade41095f3475a2f7e984bb097b2436e	2023-01-23T22:35:42Z	EE+NeoEE	setup:EE+NeoEE
file	data\Add-on\DLLs\dreXmod\3\Data\dxm\mods\energycube\WONLobby Resources\OkCancelDialog.cfg	198	28453cc93c6a061cb8527687a85cf4d1025c67e2	2023-01-23T22:35:42Z	EE+NeoEE	setup:EE+NeoEE
file	data\Add-on\DLLs\dreXmod\3\Data\dxm\mods\energycube\WONLobby Resources\PasswordDialog.cfg	198	502e31b0871873cfa3bdada1c0fdbd92bc460a6c	2023-01-23T22:35:42Z	EE+NeoEE	setup:EE+NeoEE
file	data\Add-on\DLLs\dreXmod\3\Data\dxm\mods\energycube\WONLobby Resources\PlayerOptionsCtrl.cfg	376	9df5c941d2de3fa953fca686503978f685a7934a	2023-11-13T18:17:14Z	EE+NeoEE	setup:EE+NeoEE
file	data\Add-on\DLLs\dreXmod\3\Data\dxm\mods\energycube\WONLobby Resources\RoomCtrl.cfg	213	6a9b72d460acc5f406a1010d4e146b2d1dea1f6a	2023-01-23T22:35:42Z	EE+NeoEE	setup:EE+NeoEE
file	data\Add-on\DLLs\dreXmod\3\Data\dxm\mods\energycube\WONLobby Resources\RootScreen.cfg	1587	f9ba63a8c7054990084ca19233f4a5e2e09d6783	2023-01-23T22:35:42Z	EE+NeoEE	setup:EE+NeoEE
file	data\Add-on\DLLs\dreXmod\3\Data\dxm\mods\energycube\WONLobby Resources\Skin\Dialog2.png	14600	23c4363f4b4b8d6d1727a38d7d5d7fa6f686631f	2023-01-23T22:35:44Z	EE+NeoEE	setup:EE+NeoEE
file	data\Add-on\DLLs\dreXmod\3\Data\dxm\mods\energycube\WONLobby Resources\Skin\GoldDialog.png	8642	8da1a1a8080de5af9b7403b0d5208781b7fed654	2023-01-23T22:35:44Z	EE+NeoEE	setup:EE+NeoEE
file	data\Add-on\DLLs\dreXmod\3\Data\dxm\mods\energycube\WONLobby Resources\Skin\SilverDialog.png	10987	01e91c7dff8aa1923c66ee194f5938898e8cf059	2023-01-23T22:35:44Z	EE+NeoEE	setup:EE+NeoEE
file	data\Add-on\DLLs\dreXmod\3\Data\dxm\mods\energycube\WONLobby Resources\Sounds\AllNotReady.wav	65988	7c32afddce0d9ba868970f4dd0655078cf46eb84	2023-01-23T22:35:44Z	EE+NeoEE	setup:EE+NeoEE
file	data\Add-on\DLLs\dreXmod\3\Data\dxm\mods\energycube\WONLobby Resources\Sounds\AllReady.wav	22148	f0511986b5ce732e2ee0373c66cbad82ea4b0ddd	2023-01-23T22:35:44Z	EE+NeoEE	setup:EE+NeoEE
file	data\Add-on\DLLs\dreXmod\3\Data\dxm\mods\energycube\WONLobby Resources\Sounds\AskToJoinRecv.wav	276008	974e5af439b09b9f7ce2786c0e1614b85f4e50d0	2023-01-23T22:35:44Z	EE+NeoEE	setup:EE+NeoEE
file	data\Add-on\DLLs\dreXmod\3\Data\dxm\mods\energycube\WONLobby Resources\Sounds\ButtonClick.wav	4992	2a11df4d277bc37bf38b0b8fb1abf4901cc00c45	2023-01-23T22:35:44Z	EE+NeoEE	setup:EE+NeoEE
file	data\Add-on\DLLs\dreXmod\3\Data\dxm\mods\energycube\WONLobby Resources\Sounds\CancelClick.wav	44772	dd13b9cf31e4c0c3dc14175cd08700c3b240af23	2023-01-23T22:35:44Z	EE+NeoEE	setup:EE+NeoEE
file	data\Add-on\DLLs\dreXmod\3\Data\dxm\mods\energycube\WONLobby Resources\Sounds\ConfirmClick.wav	50024	b51db0a3a7f9bda0d09bd4216c5da2d036549a9f	2023-01-23T22:35:44Z	EE+NeoEE	setup:EE+NeoEE
file	data\Add-on\DLLs\dreXmod\3\Data\dxm\mods\energycube\WONLobby Resources\Sounds\eeintro.mp3	2862720	56942d41736dde1cedb40627c7d0d9edd55c29d1	2023-01-23T22:35:44Z	EE+NeoEE	setup:EE+NeoEE
file	data\Add-on\DLLs\dreXmod\3\Data\dxm\mods\energycube\WONLobby Resources\Sounds\EraseClick.wav	9078	004353330eeda9c27b6b98da63f54ff9f7c340fe	2023-01-23T22:35:44Z	EE+NeoEE	setup:EE+NeoEE
file	data\Add-on\DLLs\dreXmod\3\Data\dxm\mods\energycube\WONLobby Resources\Sounds\Error.wav	34636	aed9c662bf1bb0b363af6ed1c18dac89f81879bf	2023-01-23T22:35:44Z	EE+NeoEE	setup:EE+NeoEE
file	data\Add-on\DLLs\dreXmod\3\Data\dxm\mods\energycube\WONLobby Resources\Sounds\FriendJoined.wav	195642	fc22f29dcb0ab98d1ae80dcccca5fbe6981d94a5	2023-01-23T22:35:44Z	EE+NeoEE	setup:EE+NeoEE
file	data\Add-on\DLLs\dreXmod\3\Data\dxm\mods\energycube\WONLobby Resources\Sounds\FriendLeft.wav	190426	86ad99d4679bf2ddd1f69fdee1aec4d2c99283f7	2023-01-23T22:35:44Z	EE+NeoEE	setup:EE+NeoEE
file	data\Add-on\DLLs\dreXmod\3\Data\dxm\mods\energycube\WONLobby Resources\Sounds\InviteRecv.wav	298408	1fca7e8298639c9691b7b0ef5ff5253cd695b020	2023-01-23T22:35:44Z	EE+NeoEE	setup:EE+NeoEE
file	data\Add-on\DLLs\dreXmod\3\Data\dxm\mods\energycube\WONLobby Resources\Sounds\PlayerJoined.wav	159138	f9322c4025471a790dbd86e56d3b9a83dd42bc3c	2023-01-23T22:35:44Z	EE+NeoEE	setup:EE+NeoEE
file	data\Add-on\DLLs\dreXmod\3\Data\dxm\mods\energycube\WONLobby Resources\Sounds\SierraLogon.wav	77616	74299e2cc3e423a68f262450705be65e413aa04b	2023-01-23T22:35:44Z	EE+NeoEE	setup:EE+NeoEE
file	data\Add-on\DLLs\dreXmod\3\Data\dxm\mods\energycube\WONLobby Resources\Sounds\WhisperRecv.wav	56238	56e02679b4e4e9ce1f6589bf1fe8a8a26e9b2d1e	2023-01-23T22:35:44Z	EE+NeoEE	setup:EE+NeoEE
file	data\Add-on\DLLs\dreXmod\3\Data\dxm\mods\template\CREDITS	1913	f0ede5dd0cc508af10723599a1dfef7d391e4dd1	2023-01-23T22:35:44Z	EE+NeoEE	setup:EE+NeoEE
file	data\Add-on\DLLs\dreXmod\3\Data\dxm\mods\template\fonts\readme.txt	361	cb50e8c7e50b7f4164cc984acfa30bbf69a06688	2023-01-23T22:35:44Z	EE+NeoEE	setup:EE+NeoEE
file	data\Add-on\DLLs\dreXmod\3\Data\dxm\mods\template\sounds\cheatdetector.wav	743340	ae14d98c015ba13e0941b756e06dcbe2be974d9f	2023-01-23T22:35:44Z	EE+NeoEE	setup:EE+NeoEE
file	data\Add-on\DLLs\dreXmod\3\Data\dxm\mods\template\sounds\pauserequest.wav	88302	5825e3f8741fd810b76c3eb269328502c1691da3	2023-01-23T22:35:44Z	EE+NeoEE	setup:EE+NeoEE
file	data\Add-on\DLLs\dreXmod\3\Data\dxm\mods\template\sounds\readme.txt	294	d7d533574c13c40877cba453942710e368f45067	2023-01-23T22:35:44Z	EE+NeoEE	setup:EE+NeoEE
file	data\Add-on\DLLs\dreXmod\3\Data\dxm\mods\template\textures\readme.txt	177	e4a07b762a0cfef8217d3677828eb6f3f4f318b8	2023-01-23T22:35:44Z	EE+NeoEE	setup:EE+NeoEE
file	data\Add-on\DLLs\dreXmod\3\Data\dxm\mods\template\WONLobby Resources\_DreXmod.cfg	16376	f0a74e83af3cfb89b8acb32eba1698bd3b0af8b2	2023-01-23T22:35:44Z	EE+NeoEE	setup:EE+NeoEE
file	data\Add-on\DLLs\dreXmod\3\Data\dxm\mods\template\WONLobby Resources\_DreXmodFont.cfg	4808	56abc3672c557726fbeb12ddb46bac683856d94c	2023-01-23T22:35:44Z	EE+NeoEE	setup:EE+NeoEE
file	data\Add-on\DLLs\dreXmod\3\Data\dxm\mods\template\WONLobby Resources\_LobbyMaster.cfg	339	0b4509665b6a21938100eea2cc5485667f869865	2023-01-23T22:35:44Z	EE+NeoEE	setup:EE+NeoEE
file	data\Add-on\DLLs\dreXmod\3\Data\dxm\mods\template\WONLobby Resources\CommonOptions.cfg	85	2469565993a1713605960fef86be430ede715975	2023-01-23T22:35:44Z	EE+NeoEE	setup:EE+NeoEE
file	data\Add-on\DLLs\dreXmod\3\Data\dxm\mods\template\WONLobby Resources\CreateAccountCtrl.cfg	202	c434ad50e78534239e9d98a912f0c87daefb6f52	2023-02-05T06:15:00Z	EE+NeoEE	setup:EE+NeoEE
file	data\Add-on\DLLs\dreXmod\3\Data\dxm\mods\template\WONLobby Resources\DirectConnectCtrl.cfg	101	15afa491381b194820a9df1c6afcb7dba0f558cc	2023-01-23T22:35:44Z	EE+NeoEE	setup:EE+NeoEE
file	data\Add-on\DLLs\dreXmod\3\Data\dxm\mods\template\WONLobby Resources\GameOptionsCtrl.cfg	157	e6c00ca25378378aeacbae2f2231f702fcecbc48	2023-01-23T22:35:44Z	EE+NeoEE	setup:EE+NeoEE
file	data\Add-on\DLLs\dreXmod\3\Data\dxm\mods\template\WONLobby Resources\GameStagingCtrl.cfg	99	d49b98f4ec48e2239c678de862552e6e719de4bf	2023-01-23T22:35:44Z	EE+NeoEE	setup:EE+NeoEE
file	data\Add-on\DLLs\dreXmod\3\Data\dxm\mods\template\WONLobby Resources\GameUserListCtrl.cfg	152	ec65aaef6a763415eec47012121c77160a3c87c8	2023-01-23T22:35:44Z	EE+NeoEE	setup:EE+NeoEE
file	data\Add-on\DLLs\dreXmod\3\Data\dxm\mods\template\WONLobby Resources\Icons\24\Admin.png	1147	a30cb01c028e5cf25952c568919e3a295e86d45e	2023-01-23T22:35:44Z	EE+NeoEE	setup:EE+NeoEE
file	data\Add-on\DLLs\dreXmod\3\Data\dxm\mods\template\WONLobby Resources\Icons\24\AFK.png	1118	4b4234e6b139f11427d1d93d8ab2081d466ea61d	2023-01-23T22:35:44Z	EE+NeoEE	setup:EE+NeoEE
file	data\Add-on\DLLs\dreXmod\3\Data\dxm\mods\template\WONLobby Resources\Icons\24\Blank.png	126	17e0a0617ef93beba2014cf03fd61496d9d92bcf	2023-01-23T22:35:44Z	EE+NeoEE	setup:EE+NeoEE
file	data\Add-on\DLLs\dreXmod\3\Data\dxm\mods\template\WONLobby Resources\Icons\24\Blocked.png	1083	459486fece5c1c06bf934821c56cf67cd8d4a8c4	2023-01-23T22:35:44Z	EE+NeoEE	setup:EE+NeoEE
file	data\Add-on\DLLs\dreXmod\3\Data\dxm\mods\template\WONLobby Resources\Icons\24\Captain.png	983	b243fce6ec5f89567ec1e5a5c96343d471d680d0	2023-01-23T22:35:44Z	EE+NeoEE	setup:EE+NeoEE
file	data\Add-on\DLLs\dreXmod\3\Data\dxm\mods\template\WONLobby Resources\Icons\24\Ignored.png	432	362cf231f025d1382db6cdfd4bcdcb59f2514af5	2023-01-23T22:35:44Z	EE+NeoEE	setup:EE+NeoEE
file	data\Add-on\DLLs\dreXmod\3\Data\dxm\mods\template\WONLobby Resources\Icons\24\Moderator.png	1230	9886563b4550ff4b2e1f4e65272d9d15e38299f5	2023-01-23T22:35:44Z	EE+NeoEE	setup:EE+NeoEE
file	data\Add-on\DLLs\dreXmod\3\Data\dxm\mods\template\WONLobby Resources\Icons\24\Muted.png	1391	d85fca9384ae392859d9c902b0a772b298c9a700	2023-01-23T22:35:44Z	EE+NeoEE	setup:EE+NeoEE
file	data\Add-on\DLLs\dreXmod\3\Data\dxm\mods\template\WONLobby Resources\Icons\32\Admin.png	1633	7699e5550b6d80a14b539bba83b322abd92de40c	2023-01-23T22:35:44Z	EE+NeoEE	setup:EE+NeoEE
file	data\Add-on\DLLs\dreXmod\3\Data\dxm\mods\template\WONLobby Resources\Icons\32\AFK.png	1584	e1b16e4c76495c2a861be6cd809f7b1fd43d74a7	2023-01-23T22:35:44Z	EE+NeoEE	setup:EE+NeoEE
file	data\Add-on\DLLs\dreXmod\3\Data\dxm\mods\template\WONLobby Resources\Icons\32\Blank.png	118	b8a7d3d39d9a7fd9a615b4478c933f9a1828c811	2023-01-23T22:35:44Z	EE+NeoEE	setup:EE+NeoEE
file	data\Add-on\DLLs\dreXmod\3\Data\dxm\mods\template\WONLobby Resources\Icons\32\Blocked.png	1441	b2e79b5a1d322eef7fc9bb47a0181b8ffc95a19e	2023-01-23T22:35:46Z	EE+NeoEE	setup:EE+NeoEE
file	data\Add-on\DLLs\dreXmod\3\Data\dxm\mods\template\WONLobby Resources\Icons\32\Captain.png	1257	50c5d4bbe0079a5be399b0160d0a948843d92867	2023-01-23T22:35:46Z	EE+NeoEE	setup:EE+NeoEE
file	data\Add-on\DLLs\dreXmod\3\Data\dxm\mods\template\WONLobby Resources\Icons\32\Ignored.png	537	fbc481c1dbf2d3bb09ef088a025ccf28f7e24c6d	2023-01-23T22:35:46Z	EE+NeoEE	setup:EE+NeoEE
file	data\Add-on\DLLs\dreXmod\3\Data\dxm\mods\template\WONLobby Resources\Icons\32\Moderator.png	1807	a3a7e2e202b5824965477b8d0e935ff527155a84	2023-01-23T22:35:46Z	EE+NeoEE	setup:EE+NeoEE
file	data\Add-on\DLLs\dreXmod\3\Data\dxm\mods\template\WONLobby Resources\Icons\32\Muted.png	2053	6b1400db9a8f6d76476484d4e6abe47e449e783d	2023-01-23T22:35:46Z	EE+NeoEE	setup:EE+NeoEE
file	data\Add-on\DLLs\dreXmod\3\Data\dxm\mods\template\WONLobby Resources\Icons\Admin.png	656	4c4e9c0213072794fc6e947133bb8c7f629e096c	2023-01-23T22:35:44Z	EE+NeoEE	setup:EE+NeoEE
file	data\Add-on\DLLs\dreXmod\3\Data\dxm\mods\template\WONLobby Resources\Icons\AFK.png	498	607ae8b2f4c8b567051ab8d649f971d30b8b0e05	2023-01-23T22:35:44Z	EE+NeoEE	setup:EE+NeoEE
file	data\Add-on\DLLs\dreXmod\3\Data\dxm\mods\template\WONLobby Resources\Icons\Blocked.png	425	335decd13983e4732e772a79228b9f4ab60a18b0	2023-01-23T22:35:44Z	EE+NeoEE	setup:EE+NeoEE
file	data\Add-on\DLLs\dreXmod\3\Data\dxm\mods\template\WONLobby Resources\Icons\Captain.png	661	b6f887bc7496efb34d6a62e0af211047a4a2b028	2023-01-23T22:35:44Z	EE+NeoEE	setup:EE+NeoEE
file	data\Add-on\DLLs\dreXmod\3\Data\dxm\mods\template\WONLobby Resources\Icons\Ignored.png	259	90003f2076de6abe7964bdde115a302189277010	2023-01-23T22:35:44Z	EE+NeoEE	setup:EE+NeoEE
file	data\Add-on\DLLs\dreXmod\3\Data\dxm\mods\template\WONLobby Resources\Icons\Moderator.png	693	ae57597b5f626d67616e8695269bdd727cf49460	2023-01-23T22:35:44Z	EE+NeoEE	setup:EE+NeoEE
file	data\Add-on\DLLs\dreXmod\3\Data\dxm\mods\template\WONLobby Resources\Icons\Muted.png	402	07eba46457d47a98833255db2f356abe72b5dd48	2023-01-23T22:35:44Z	EE+NeoEE	setup:EE+NeoEE
file	data\Add-on\DLLs\dreXmod\3\Data\dxm\mods\template\WONLobby Resources\Icons\readme.txt	290	7eb9a748ae00ffc12d798ed617420110e4edcc5b	2023-01-23T22:35:44Z	EE+NeoEE	setup:EE+NeoEE
file	data\Add-on\DLLs\dreXmod\3\Data\dxm\mods\template\WONLobby Resources\Images\readme.txt	158	bba651344d2732e1833af8c782598ef27ccced52	2023-01-23T22:35:46Z	EE+NeoEE	setup:EE+NeoEE
file	data\Add-on\DLLs\dreXmod\3\Data\dxm\mods\template\WONLobby Resources\InternetQuickPlay.cfg	91	9234c78d4c57b99e4159aee5a5e1f60f461f9e4b	2023-01-23T22:35:44Z	EE+NeoEE	setup:EE+NeoEE
file	data\Add-on\DLLs\dreXmod\3\Data\dxm\mods\template\WONLobby Resources\InternetScreen.cfg	103	a02e15b2cd1ab025e54596c2c15dfacf68f0a5cd	2023-01-23T22:35:44Z	EE+NeoEE	setup:EE+NeoEE
file	data\Add-on\DLLs\dreXmod\3\Data\dxm\mods\template\WONLobby Resources\LanScreen.cfg	98	9384ad8d5f0230ddb5b2dc71c7394a66879089eb	2023-01-23T22:35:44Z	EE+NeoEE	setup:EE+NeoEE
file	data\Add-on\DLLs\dreXmod\3\Data\dxm\mods\template\WONLobby Resources\LoginScreen.cfg	2774	a56e296a271c6cc5be2ca700f0836e83833a2423	2023-11-13T18:17:14Z	EE+NeoEE	setup:EE+NeoEE
file	data\Add-on\DLLs\dreXmod\3\Data\dxm\mods\template\WONLobby Resources\MainInternetTab.cfg	99	c3ede9837d98e98ef0be61496a15d8d028e254b0	2023-01-23T22:35:44Z	EE+NeoEE	setup:EE+NeoEE
file	data\Add-on\DLLs\dreXmod\3\Data\dxm\mods\template\WONLobby Resources\MainLanTab.cfg	92	5082597aade41095f3475a2f7e984bb097b2436e	2023-01-23T22:35:44Z	EE+NeoEE	setup:EE+NeoEE
file	data\Add-on\DLLs\dreXmod\3\Data\dxm\mods\template\WONLobby Resources\PlayerOptionsCtrl.cfg	617	5248ca47982c43554b2ba76ff924d79bb3d9d88a	2023-11-13T18:17:14Z	EE+NeoEE	setup:EE+NeoEE
file	data\Add-on\DLLs\dreXmod\3\Data\dxm\mods\template\WONLobby Resources\readme.txt	3	18f6d44b57019e657a57d786ff0653c8ca62fd40	2023-01-23T22:35:44Z	EE+NeoEE	setup:EE+NeoEE
file	data\Add-on\DLLs\dreXmod\3\Data\dxm\mods\template\WONLobby Resources\Sounds\readme.txt	145	a33e60e238cdac99128a567be4dd176e52e4a953	2023-01-23T22:35:46Z	EE+NeoEE	setup:EE+NeoEE
file	data\Add-on\DLLs\dreXmod\3\Data\dxm\mods\yukon\CREDITS	2636	f01634426d899c321f3a5d91bd2f40d005e65823	2023-11-13T18:17:14Z	EE+NeoEE	setup:EE+NeoEE
file	data\Add-on\DLLs\dreXmod\3\Data\dxm\mods\yukon\fonts\CascadiaMono-Bold.ttf	459644	df8beec8ebc4edf7eeb0023cd0774d8900949833	2023-01-23T22:35:46Z	EE+NeoEE	setup:EE+NeoEE
file	data\Add-on\DLLs\dreXmod\3\Data\dxm\mods\yukon\fonts\CascadiaMono-OFL.txt	4487	80a8315d227d906f1c60540a33f0ef011c6be162	2023-01-23T22:35:46Z	EE+NeoEE	setup:EE+NeoEE
file	data\Add-on\DLLs\dreXmod\3\Data\dxm\mods\yukon\fonts\CascadiaMono-Regular.ttf	454048	967bc4a32c24c3a07e0ae0c54e66e6330d4c06f2	2023-01-23T22:35:46Z	EE+NeoEE	setup:EE+NeoEE
file	data\Add-on\DLLs\dreXmod\3\Data\dxm\mods\yukon\sounds\button3.wav	24620	6c10604b8896ae070b8412bcc128fd4631bcdeb8	2023-01-23T22:35:46Z	EE+NeoEE	setup:EE+NeoEE
file	data\Add-on\DLLs\dreXmod\3\Data\dxm\mods\yukon\sounds\cheatdetector.wav	743340	ae14d98c015ba13e0941b756e06dcbe2be974d9f	2023-01-23T22:35:46Z	EE+NeoEE	setup:EE+NeoEE
file	data\Add-on\DLLs\dreXmod\3\Data\dxm\mods\yukon\sounds\eeintro.mp3	5031248	aa2aeb1e03f55e387d5d326b714aa3f9041af1db	2023-01-23T22:35:46Z	EE+NeoEE	setup:EE+NeoEE
file	data\Add-on\DLLs\dreXmod\3\Data\dxm\mods\yukon\sounds\pauserequest.wav	88302	5825e3f8741fd810b76c3eb269328502c1691da3	2023-01-23T22:35:46Z	EE+NeoEE	setup:EE+NeoEE
file	data\Add-on\DLLs\dreXmod\3\Data\dxm\mods\yukon\textures\basegrass_1_1.sst	65569	c181cd28f8a65ba0a03a98fd024b54ea73e854c9	2023-01-23T22:35:46Z	EE+NeoEE	setup:EE+NeoEE
file	data\Add-on\DLLs\dreXmod\3\Data\dxm\mods\yukon\textures\basegrass_1_2.sst	65569	cd38f5b3b1b646e6c77a5aa15f3753341c5fbdff	2023-01-23T22:35:46Z	EE+NeoEE	setup:EE+NeoEE
file	data\Add-on\DLLs\dreXmod\3\Data\dxm\mods\yukon\textures\basegrass_1_3.sst	65569	d82b0bda6bf3326117f04a11e2beabeab9630a06	2023-01-23T22:35:46Z	EE+NeoEE	setup:EE+NeoEE
file	data\Add-on\DLLs\dreXmod\3\Data\dxm\mods\yukon\textures\basegrass_1_4.sst	65569	59af1fde7739b9ae43dfb17597debd705237a58f	2023-01-23T22:35:46Z	EE+NeoEE	setup:EE+NeoEE
file	data\Add-on\DLLs\dreXmod\3\Data\dxm\mods\yukon\textures\cliff_1_1.sst	65569	6d97403f7d7920b4d915784445951b37c816f104	2023-01-23T22:35:46Z	EE+NeoEE	setup:EE+NeoEE
file	data\Add-on\DLLs\dreXmod\3\Data\dxm\mods\yukon\textures\cliff_1_2.sst	65569	79f7b9c2e5225902a066bb7e9956b3598527e4dc	2023-01-23T22:35:46Z	EE+NeoEE	setup:EE+NeoEE
file	data\Add-on\DLLs\dreXmod\3\Data\dxm\mods\yukon\textures\cliff_1_3.sst	65569	93866670a000d15d322d95c3fe23a0771eb0e5dd	2023-01-23T22:35:46Z	EE+NeoEE	setup:EE+NeoEE
file	data\Add-on\DLLs\dreXmod\3\Data\dxm\mods\yukon\textures\cliff_1_4.sst	65569	6cad562264cebbae05b96f0983913db8ffe59f13	2023-01-23T22:35:46Z	EE+NeoEE	setup:EE+NeoEE
file	data\Add-on\DLLs\dreXmod\3\Data\dxm\mods\yukon\textures\cliff_2_1.sst	65569	ae38b91d0bdb618822c7b56ba34e5084c28760aa	2023-01-23T22:35:46Z	EE+NeoEE	setup:EE+NeoEE
file	data\Add-on\DLLs\dreXmod\3\Data\dxm\mods\yukon\textures\cliff_2_2.sst	65569	d5893363d4201e41860f0e35faf6d5ab2c2182a7	2023-01-23T22:35:46Z	EE+NeoEE	setup:EE+NeoEE
file	data\Add-on\DLLs\dreXmod\3\Data\dxm\mods\yukon\textures\cliff_2_3.sst	65569	30100fb38552bd2510c0958f4684bd6ab195fa92	2023-01-23T22:35:46Z	EE+NeoEE	setup:EE+NeoEE
file	data\Add-on\DLLs\dreXmod\3\Data\dxm\mods\yukon\textures\cliff_2_4.sst	65569	3da51a17aa81048105b57f968ffb0fc35d74d519	2023-01-23T22:35:46Z	EE+NeoEE	setup:EE+NeoEE
file	data\Add-on\DLLs\dreXmod\3\Data\dxm\mods\yukon\textures\cobblestones_1_1.sst	65569	f73b2ac507d4d94f8fc8e170e3ac99f8132b4b9c	2023-01-23T22:35:46Z	EE+NeoEE	setup:EE+NeoEE
file	data\Add-on\DLLs\dreXmod\3\Data\dxm\mods\yukon\textures\cobblestones_1_2.sst	65569	c6164a8af21ba6d9c4621c75c9dc030ad9f10f1d	2023-01-23T22:35:46Z	EE+NeoEE	setup:EE+NeoEE
file	data\Add-on\DLLs\dreXmod\3\Data\dxm\mods\yukon\textures\cobblestones_1_3.sst	65569	c6164a8af21ba6d9c4621c75c9dc030ad9f10f1d	2023-01-23T22:35:46Z	EE+NeoEE	setup:EE+NeoEE
file	data\Add-on\DLLs\dreXmod\3\Data\dxm\mods\yukon\textures\cobblestones_1_4.sst	65569	b7172aceaf67750cb4122dd57fb5925dade8711f	2023-01-23T22:35:46Z	EE+NeoEE	setup:EE+NeoEE
file	data\Add-on\DLLs\dreXmod\3\Data\dxm\mods\yukon\textures\driedleaves_1_1.sst	65569	f1bb3005197aa2e7b0d224a0cf1051e662983b12	2023-01-23T22:35:46Z	EE+NeoEE	setup:EE+NeoEE
file	data\Add-on\DLLs\dreXmod\3\Data\dxm\mods\yukon\textures\driedleaves_1_2.sst	65569	2b2bd486640f11ba9f997c27f712a2861b8d7292	2023-01-23T22:35:46Z	EE+NeoEE	setup:EE+NeoEE
file	data\Add-on\DLLs\dreXmod\3\Data\dxm\mods\yukon\textures\driedleaves_1_3.sst	65569	8c4c8b4489ac1693eb34661e0d466153c77c57f8	2023-01-23T22:35:46Z	EE+NeoEE	setup:EE+NeoEE
file	data\Add-on\DLLs\dreXmod\3\Data\dxm\mods\yukon\textures\driedleaves_1_4.sst	65569	4eb76c6337c8c29b30196934c71abd047b3916a9	2023-01-23T22:35:46Z	EE+NeoEE	setup:EE+NeoEE
file	data\Add-on\DLLs\dreXmod\3\Data\dxm\mods\yukon\textures\eegenericback_gold.sst	16417	65b14f2cc554ddb006758f4de49f3bf58a2ec3c3	2023-01-23T22:35:46Z	EE+NeoEE	setup:EE+NeoEE
file	data\Add-on\DLLs\dreXmod\3\Data\dxm\mods\yukon\textures\grasspatch_1_1.sst	65569	cf54e0a6f46d9e21a7cc1767959bd44433d5f4aa	2023-01-23T22:35:46Z	EE+NeoEE	setup:EE+NeoEE
file	data\Add-on\DLLs\dreXmod\3\Data\dxm\mods\yukon\textures\grasspatch_1_2.sst	65569	4203c27432c2f8144e27719c03f0cb2037c528d4	2023-01-23T22:35:46Z	EE+NeoEE	setup:EE+NeoEE
file	data\Add-on\DLLs\dreXmod\3\Data\dxm\mods\yukon\textures\grasspatch_1_3.sst	65569	ce15f98d69f89f64806405eed6098b037044ce6e	2023-01-23T22:35:46Z	EE+NeoEE	setup:EE+NeoEE
file	data\Add-on\DLLs\dreXmod\3\Data\dxm\mods\yukon\textures\grasspatch_1_4.sst	65569	e34be4e2398164fd7d80eb0c35a8173dd22a23b7	2023-01-23T22:35:46Z	EE+NeoEE	setup:EE+NeoEE
file	data\Add-on\DLLs\dreXmod\3\Data\dxm\mods\yukon\textures\grasstufts_1_1.sst	65569	0935a6989c84f17e18eda5c251b2a2f4f074fbe2	2023-01-23T22:35:46Z	EE+NeoEE	setup:EE+NeoEE
file	data\Add-on\DLLs\dreXmod\3\Data\dxm\mods\yukon\textures\grasstufts_1_2.sst	65569	f3f9cd016779334eb267cc4503a502e3908636cb	2023-01-23T22:35:46Z	EE+NeoEE	setup:EE+NeoEE
file	data\Add-on\DLLs\dreXmod\3\Data\dxm\mods\yukon\textures\grasstufts_1_3.sst	65569	f69a31e51f75b19edaed6f0851cd39e2cc0d3fda	2023-01-23T22:35:46Z	EE+NeoEE	setup:EE+NeoEE
file	data\Add-on\DLLs\dreXmod\3\Data\dxm\mods\yukon\textures\grasstufts_1_4.sst	65569	45f664e61760ad702629928235d80ae19754731f	2023-01-23T22:35:46Z	EE+NeoEE	setup:EE+NeoEE
file	data\Add-on\DLLs\dreXmod\3\Data\dxm\mods\yukon\textures\longgrass_1_1.sst	65569	f2da19babe20c50e84fb962094ac6ce42ce2a672	2023-01-23T22:35:46Z	EE+NeoEE	setup:EE+NeoEE
file	data\Add-on\DLLs\dreXmod\3\Data\dxm\mods\yukon\textures\longgrass_1_2.sst	65569	9c1db5aa8f30d17ea4b785cf229a9114a548f0ae	2023-01-23T22:35:46Z	EE+NeoEE	setup:EE+NeoEE
file	data\Add-on\DLLs\dreXmod\3\Data\dxm\mods\yukon\textures\longgrass_1_3.sst	65569	4db8976a600e560757c8abea4ed1ad457d174dd8	2023-01-23T22:35:46Z	EE+NeoEE	setup:EE+NeoEE
file	data\Add-on\DLLs\dreXmod\3\Data\dxm\mods\yukon\textures\longgrass_1_4.sst	65569	0aecec8351abce005ae0965273eeca4b93bc849b	2023-01-23T22:35:46Z	EE+NeoEE	setup:EE+NeoEE
file	data\Add-on\DLLs\dreXmod\3\Data\dxm\mods\yukon\textures\overgrowngrass_1_1.sst	65569	13d701285427baed85329ac468688efaa7cb6c26	2023-01-23T22:35:46Z	EE+NeoEE	setup:EE+NeoEE
file	data\Add-on\DLLs\dreXmod\3\Data\dxm\mods\yukon\textures\overgrowngrass_1_2.sst	65569	0b0d9ac73fb9efcdf10d68718590a9e66e1ee4a5	2023-01-23T22:35:46Z	EE+NeoEE	setup:EE+NeoEE
file	data\Add-on\DLLs\dreXmod\3\Data\dxm\mods\yukon\textures\overgrowngrass_1_3.sst	65569	667f9183538fdba620595e9adf9bc9fa48ea3ec0	2023-01-23T22:35:46Z	EE+NeoEE	setup:EE+NeoEE
file	data\Add-on\DLLs\dreXmod\3\Data\dxm\mods\yukon\textures\overgrowngrass_1_4.sst	65569	8043b4ee440f0d9274832f6b27caaf94bd19f5fb	2023-01-23T22:35:46Z	EE+NeoEE	setup:EE+NeoEE
file	data\Add-on\DLLs\dreXmod\3\Data\dxm\mods\yukon\textures\sfx_nukeblast.sst	4129	99b2e3400d9bba7207191357580a98542d556b0a	2023-01-23T22:35:46Z	EE+NeoEE	setup:EE+NeoEE
file	data\Add-on\DLLs\dreXmod\3\Data\dxm\mods\yukon\textures\snow_1_1.sst	65569	a8a2d0612b119e4d254a2021dda3e68574b89a18	2023-01-23T22:35:48Z	EE+NeoEE	setup:EE+NeoEE
file	data\Add-on\DLLs\dreXmod\3\Data\dxm\mods\yukon\textures\snow_1_2.sst	65569	63f19da38d6da2967b640e7f18d207c15b23b086	2023-01-23T22:35:48Z	EE+NeoEE	setup:EE+NeoEE
file	data\Add-on\DLLs\dreXmod\3\Data\dxm\mods\yukon\textures\snow_1_3.sst	65569	3676b407d0fe1e856b7cb6aec2fb155c426d130e	2023-01-23T22:35:48Z	EE+NeoEE	setup:EE+NeoEE
file	data\Add-on\DLLs\dreXmod\3\Data\dxm\mods\yukon\textures\snow_1_4.sst	65569	61bfe2c42f9c023010524f0e804063f7e5258082	2023-01-23T22:35:48Z	EE+NeoEE	setup:EE+NeoEE
file	data\Add-on\DLLs\dreXmod\3\Data\dxm\mods\yukon\textures\snowdirt_1_1.sst	65569	fdd8bac586463eaf924019886bec8ef52b07d63a	2023-01-23T22:35:46Z	EE+NeoEE	setup:EE+NeoEE
file	data\Add-on\DLLs\dreXmod\3\Data\dxm\mods\yukon\textures\snowdirt_1_2.sst	65569	ac9229eafaaca543b26e5e1a78c4c0cc606ec1a3	2023-01-23T22:35:46Z	EE+NeoEE	setup:EE+NeoEE
file	data\Add-on\DLLs\dreXmod\3\Data\dxm\mods\yukon\textures\snowdirt_1_3.sst	65569	9a615f2b4c40e7a7d05ed0f9471cdc2da2adffe9	2023-01-23T22:35:46Z	EE+NeoEE	setup:EE+NeoEE
file	data\Add-on\DLLs\dreXmod\3\Data\dxm\mods\yukon\textures\snowdirt_1_4.sst	65569	5a257bc1a62d0ab767a2efcf32cb1307b579314b	2023-01-23T22:35:46Z	EE+NeoEE	setup:EE+NeoEE
file	data\Add-on\DLLs\dreXmod\3\Data\dxm\mods\yukon\textures\snowgrass_1_1.sst	65569	bfa1ce2a2eedbcd6e01a19b0ebb3e9e1d4c71ad8	2023-01-23T22:35:46Z	EE+NeoEE	setup:EE+NeoEE
file	data\Add-on\DLLs\dreXmod\3\Data\dxm\mods\yukon\textures\snowgrass_1_2.sst	65569	a59f535d1555166763802c4122180b0e81e4740a	2023-01-23T22:35:46Z	EE+NeoEE	setup:EE+NeoEE
file	data\Add-on\DLLs\dreXmod\3\Data\dxm\mods\yukon\textures\snowgrass_1_3.sst	65569	9db3a9645526174977cd47934da3b4af79de1f6a	2023-01-23T22:35:46Z	EE+NeoEE	setup:EE+NeoEE
file	data\Add-on\DLLs\dreXmod\3\Data\dxm\mods\yukon\textures\snowgrass_1_4.sst	65569	e0a52dd7070b3bca3c232fdb815b05c29c8bfba2	2023-01-23T22:35:48Z	EE+NeoEE	setup:EE+NeoEE
file	data\Add-on\DLLs\dreXmod\3\Data\dxm\mods\yukon\textures\snowtufts_1_1.sst	65569	94204c55e8851384af05a61c9397e000ff1b9c65	2023-01-23T22:35:48Z	EE+NeoEE	setup:EE+NeoEE
file	data\Add-on\DLLs\dreXmod\3\Data\dxm\mods\yukon\textures\snowtufts_1_2.sst	65569	82e8c38f0d426b0b61bb917708a1612741320d2e	2023-01-23T22:35:48Z	EE+NeoEE	setup:EE+NeoEE
file	data\Add-on\DLLs\dreXmod\3\Data\dxm\mods\yukon\textures\snowtufts_1_3.sst	65569	054d04e0514b1b9b79dc8033b5d61919aef047bb	2023-01-23T22:35:48Z	EE+NeoEE	setup:EE+NeoEE
file	data\Add-on\DLLs\dreXmod\3\Data\dxm\mods\yukon\textures\snowtufts_1_4.sst	65569	dc95f9b93186187837ef066ca62d7842293ce9a7	2023-01-23T22:35:48Z	EE+NeoEE	setup:EE+NeoEE
file	data\Add-on\DLLs\dreXmod\3\Data\dxm\mods\yukon\textures\sparsegrass_1_1.sst	65569	4191a6efb8a37c8588d0a555d53778a6b129da27	2023-01-23T22:35:48Z	EE+NeoEE	setup:EE+NeoEE
file	data\Add-on\DLLs\dreXmod\3\Data\dxm\mods\yukon\textures\sparsegrass_1_2.sst	65569	7cc72ceceaf73f743b06cf63cbd25761a4a66049	2023-01-23T22:35:48Z	EE+NeoEE	setup:EE+NeoEE
file	data\Add-on\DLLs\dreXmod\3\Data\dxm\mods\yukon\textures\sparsegrass_1_3.sst	65569	f93cef5dfec63eb8783965a358e5c3f68449e8e1	2023-01-23T22:35:48Z	EE+NeoEE	setup:EE+NeoEE
file	data\Add-on\DLLs\dreXmod\3\Data\dxm\mods\yukon\textures\sparsegrass_1_4.sst	65569	2b3cc3577de3d6a392d0fe3c1929b48598aea7d5	2023-01-23T22:35:48Z	EE+NeoEE	setup:EE+NeoEE
file	data\Add-on\DLLs\dreXmod\3\Data\dxm\mods\yukon\textures\tcrackedmud_1_1.sst	65569	51755f4171664a9adfa18cc7157215af95be404b	2023-01-23T22:35:48Z	EE+NeoEE	setup:EE+NeoEE
file	data\Add-on\DLLs\dreXmod\3\Data\dxm\mods\yukon\textures\tcrackedmud_1_2.sst	65569	3101408d2857c262ebfc35d7727728f3fb74d381	2023-01-23T22:35:48Z	EE+NeoEE	setup:EE+NeoEE
file	data\Add-on\DLLs\dreXmod\3\Data\dxm\mods\yukon\textures\tcrackedmud_1_3.sst	65569	052f65cb8bc91004c2d36312f5004945acb250a7	2023-01-23T22:35:48Z	EE+NeoEE	setup:EE+NeoEE
file	data\Add-on\DLLs\dreXmod\3\Data\dxm\mods\yukon\textures\tcrackedmud_1_4.sst	65569	0f8346cab1a9b833e316d045d0c36c9207e6c2ad	2023-01-23T22:35:48Z	EE+NeoEE	setup:EE+NeoEE
file	data\Add-on\DLLs\dreXmod\3\Data\dxm\mods\yukon\WONLobby Resources\_drexmod.cfg	18086	01d475bbc49fbc867101c0fd23e35b1beb2eba25	2023-11-13T18:17:14Z	EE+NeoEE	setup:EE+NeoEE
file	data\Add-on\DLLs\dreXmod\3\Data\dxm\mods\yukon\WONLobby Resources\_DreXmodFont.cfg	36054	38c9dff7b0878de3e0dfc0d26803001450d5ceff	2023-01-23T22:35:48Z	EE+NeoEE	setup:EE+NeoEE
file	data\Add-on\DLLs\dreXmod\3\Data\dxm\mods\yukon\WONLobby Resources\_LobbyMaster.cfg	339	0b4509665b6a21938100eea2cc5485667f869865	2023-01-23T22:35:48Z	EE+NeoEE	setup:EE+NeoEE
file	data\Add-on\DLLs\dreXmod\3\Data\dxm\mods\yukon\WONLobby Resources\CommonOptions.cfg	85	2469565993a1713605960fef86be430ede715975	2023-01-23T22:35:48Z	EE+NeoEE	setup:EE+NeoEE
file	data\Add-on\DLLs\dreXmod\3\Data\dxm\mods\yukon\WONLobby Resources\CreateAccountCtrl.cfg	202	c434ad50e78534239e9d98a912f0c87daefb6f52	2023-02-05T06:15:00Z	EE+NeoEE	setup:EE+NeoEE
file	data\Add-on\DLLs\dreXmod\3\Data\dxm\mods\yukon\WONLobby Resources\DirectConnectCtrl.cfg	101	15afa491381b194820a9df1c6afcb7dba0f558cc	2023-01-23T22:35:48Z	EE+NeoEE	setup:EE+NeoEE
file	data\Add-on\DLLs\dreXmod\3\Data\dxm\mods\yukon\WONLobby Resources\GameOptionsCtrl.cfg	105	58e6dce64fa2e25b1997cc6552b72ebfac130653	2023-11-13T18:17:14Z	EE+NeoEE	setup:EE+NeoEE
file	data\Add-on\DLLs\dreXmod\3\Data\dxm\mods\yukon\WONLobby Resources\GameStagingCtrl.cfg	99	d49b98f4ec48e2239c678de862552e6e719de4bf	2023-01-23T22:35:48Z	EE+NeoEE	setup:EE+NeoEE
file	data\Add-on\DLLs\dreXmod\3\Data\dxm\mods\yukon\WONLobby Resources\GameUserListCtrl.cfg	152	ec65aaef6a763415eec47012121c77160a3c87c8	2023-01-23T22:35:48Z	EE+NeoEE	setup:EE+NeoEE
file	data\Add-on\DLLs\dreXmod\3\Data\dxm\mods\yukon\WONLobby Resources\Icons\24\Admin.png	1147	a30cb01c028e5cf25952c568919e3a295e86d45e	2023-01-23T22:35:48Z	EE+NeoEE	setup:EE+NeoEE
file	data\Add-on\DLLs\dreXmod\3\Data\dxm\mods\yukon\WONLobby Resources\Icons\24\AFK.png	1118	4b4234e6b139f11427d1d93d8ab2081d466ea61d	2023-01-23T22:35:48Z	EE+NeoEE	setup:EE+NeoEE
file	data\Add-on\DLLs\dreXmod\3\Data\dxm\mods\yukon\WONLobby Resources\Icons\24\Blank.png	126	17e0a0617ef93beba2014cf03fd61496d9d92bcf	2023-01-23T22:35:48Z	EE+NeoEE	setup:EE+NeoEE
file	data\Add-on\DLLs\dreXmod\3\Data\dxm\mods\yukon\WONLobby Resources\Icons\24\Blocked.png	1083	459486fece5c1c06bf934821c56cf67cd8d4a8c4	2023-01-23T22:35:48Z	EE+NeoEE	setup:EE+NeoEE
file	data\Add-on\DLLs\dreXmod\3\Data\dxm\mods\yukon\WONLobby Resources\Icons\24\BlueCheck.png	629	47239221728ac638ff3f86e4b96678d92dc71798	2023-01-23T22:35:48Z	EE+NeoEE	setup:EE+NeoEE
file	data\Add-on\DLLs\dreXmod\3\Data\dxm\mods\yukon\WONLobby Resources\Icons\24\Captain.png	983	b243fce6ec5f89567ec1e5a5c96343d471d680d0	2023-01-23T22:35:48Z	EE+NeoEE	setup:EE+NeoEE
file	data\Add-on\DLLs\dreXmod\3\Data\dxm\mods\yukon\WONLobby Resources\Icons\24\Ignored.png	432	362cf231f025d1382db6cdfd4bcdcb59f2514af5	2023-01-23T22:35:48Z	EE+NeoEE	setup:EE+NeoEE
file	data\Add-on\DLLs\dreXmod\3\Data\dxm\mods\yukon\WONLobby Resources\Icons\24\Moderator.png	1230	9886563b4550ff4b2e1f4e65272d9d15e38299f5	2023-01-23T22:35:48Z	EE+NeoEE	setup:EE+NeoEE
file	data\Add-on\DLLs\dreXmod\3\Data\dxm\mods\yukon\WONLobby Resources\Icons\24\Muted.png	1391	d85fca9384ae392859d9c902b0a772b298c9a700	2023-01-23T22:35:48Z	EE+NeoEE	setup:EE+NeoEE
file	data\Add-on\DLLs\dreXmod\3\Data\dxm\mods\yukon\WONLobby Resources\Icons\32\Admin.png	1633	7699e5550b6d80a14b539bba83b322abd92de40c	2023-01-23T22:35:48Z	EE+NeoEE	setup:EE+NeoEE
file	data\Add-on\DLLs\dreXmod\3\Data\dxm\mods\yukon\WONLobby Resources\Icons\32\AFK.png	1584	e1b16e4c76495c2a861be6cd809f7b1fd43d74a7	2023-01-23T22:35:48Z	EE+NeoEE	setup:EE+NeoEE
file	data\Add-on\DLLs\dreXmod\3\Data\dxm\mods\yukon\WONLobby Resources\Icons\32\Blank.png	118	b8a7d3d39d9a7fd9a615b4478c933f9a1828c811	2023-01-23T22:35:48Z	EE+NeoEE	setup:EE+NeoEE
file	data\Add-on\DLLs\dreXmod\3\Data\dxm\mods\yukon\WONLobby Resources\Icons\32\Blocked.png	1441	b2e79b5a1d322eef7fc9bb47a0181b8ffc95a19e	2023-01-23T22:35:48Z	EE+NeoEE	setup:EE+NeoEE
file	data\Add-on\DLLs\dreXmod\3\Data\dxm\mods\yukon\WONLobby Resources\Icons\32\BlueCheck.png	940	70903139bf3328124ba6925a75557d6a8e133d64	2023-01-23T22:35:48Z	EE+NeoEE	setup:EE+NeoEE
file	data\Add-on\DLLs\dreXmod\3\Data\dxm\mods\yukon\WONLobby Resources\Icons\32\Captain.png	1257	50c5d4bbe0079a5be399b0160d0a948843d92867	2023-01-23T22:35:48Z	EE+NeoEE	setup:EE+NeoEE
file	data\Add-on\DLLs\dreXmod\3\Data\dxm\mods\yukon\WONLobby Resources\Icons\32\Ignored.png	537	fbc481c1dbf2d3bb09ef088a025ccf28f7e24c6d	2023-01-23T22:35:48Z	EE+NeoEE	setup:EE+NeoEE
file	data\Add-on\DLLs\dreXmod\3\Data\dxm\mods\yukon\WONLobby Resources\Icons\32\Moderator.png	1807	a3a7e2e202b5824965477b8d0e935ff527155a84	2023-01-23T22:35:48Z	EE+NeoEE	setup:EE+NeoEE
file	data\Add-on\DLLs\dreXmod\3\Data\dxm\mods\yukon\WONLobby Resources\Icons\32\Muted.png	2053	6b1400db9a8f6d76476484d4e6abe47e449e783d	2023-01-23T22:35:48Z	EE+NeoEE	setup:EE+NeoEE
file	data\Add-on\DLLs\dreXmod\3\Data\dxm\mods\yukon\WONLobby Resources\Icons\Admin.png	656	4c4e9c0213072794fc6e947133bb8c7f629e096c	2023-01-23T22:35:48Z	EE+NeoEE	setup:EE+NeoEE
file	data\Add-on\DLLs\dreXmod\3\Data\dxm\mods\yukon\WONLobby Resources\Icons\AFK.png	498	607ae8b2f4c8b567051ab8d649f971d30b8b0e05	2023-01-23T22:35:48Z	EE+NeoEE	setup:EE+NeoEE
file	data\Add-on\DLLs\dreXmod\3\Data\dxm\mods\yukon\WONLobby Resources\Icons\Ask2Join.png	637	4afeb291c7a4e0b5760e436d7d1dcbaf70f6cfa3	2023-01-23T22:35:48Z	EE+NeoEE	setup:EE+NeoEE
file	data\Add-on\DLLs\dreXmod\3\Data\dxm\mods\yukon\WONLobby Resources\Icons\Blocked.png	425	335decd13983e4732e772a79228b9f4ab60a18b0	2023-01-23T22:35:48Z	EE+NeoEE	setup:EE+NeoEE
file	data\Add-on\DLLs\dreXmod\3\Data\dxm\mods\yukon\WONLobby Resources\Icons\BlueCheck.png	370	e70ff176bdfe7030d55d333a7bbad6bc67386fba	2023-01-23T22:35:48Z	EE+NeoEE	setup:EE+NeoEE
file	data\Add-on\DLLs\dreXmod\3\Data\dxm\mods\yukon\WONLobby Resources\Icons\Captain.png	661	b6f887bc7496efb34d6a62e0af211047a4a2b028	2023-01-23T22:35:48Z	EE+NeoEE	setup:EE+NeoEE
file	data\Add-on\DLLs\dreXmod\3\Data\dxm\mods\yukon\WONLobby Resources\Icons\Flashlight.png	648	0e01611d0730edc71a3f2b06494ce27b82181040	2023-01-23T22:35:48Z	EE+NeoEE	setup:EE+NeoEE
file	data\Add-on\DLLs\dreXmod\3\Data\dxm\mods\yukon\WONLobby Resources\Icons\GameClosed.png	309	6aee01065be2a2332a5bf49413a3e371a35ff8ca	2023-01-23T22:35:48Z	EE+NeoEE	setup:EE+NeoEE
file	data\Add-on\DLLs\dreXmod\3\Data\dxm\mods\yukon\WONLobby Resources\Icons\GameOpen.png	298	3a3b3ffd605d3cc6f0dc821cd8db07c94f63806f	2023-01-23T22:35:48Z	EE+NeoEE	setup:EE+NeoEE
file	data\Add-on\DLLs\dreXmod\3\Data\dxm\mods\yukon\WONLobby Resources\Icons\Ignored.png	259	90003f2076de6abe7964bdde115a302189277010	2023-01-23T22:35:48Z	EE+NeoEE	setup:EE+NeoEE
file	data\Add-on\DLLs\dreXmod\3\Data\dxm\mods\yukon\WONLobby Resources\Icons\Invited.png	675	dd1cd76a43e2ca4cd013433281cacf2cda4f0a20	2023-01-23T22:35:48Z	EE+NeoEE	setup:EE+NeoEE
file	data\Add-on\DLLs\dreXmod\3\Data\dxm\mods\yukon\WONLobby Resources\Icons\InviteNot.png	584	fe1d45ee804d0cc805ca6335f49535f2ef517117	2023-01-23T22:35:48Z	EE+NeoEE	setup:EE+NeoEE
file	data\Add-on\DLLs\dreXmod\3\Data\dxm\mods\yukon\WONLobby Resources\Icons\Moderator.png	693	ae57597b5f626d67616e8695269bdd727cf49460	2023-01-23T22:35:48Z	EE+NeoEE	setup:EE+NeoEE
file	data\Add-on\DLLs\dreXmod\3\Data\dxm\mods\yukon\WONLobby Resources\Icons\Muted.png	402	07eba46457d47a98833255db2f356abe72b5dd48	2023-01-23T22:35:48Z	EE+NeoEE	setup:EE+NeoEE
file	data\Add-on\DLLs\dreXmod\3\Data\dxm\mods\yukon\WONLobby Resources\Icons\Password.png	526	a7e76a0f33412b71059c2e9f37107641766029d1	2023-01-23T22:35:48Z	EE+NeoEE	setup:EE+NeoEE
file	data\Add-on\DLLs\dreXmod\3\Data\dxm\mods\yukon\WONLobby Resources\Icons\SkillAdvanced.png	642	9592db637d920e5b26f50a73948d1cb0f2c9f42a	2023-01-23T22:35:48Z	EE+NeoEE	setup:EE+NeoEE
file	data\Add-on\DLLs\dreXmod\3\Data\dxm\mods\yukon\WONLobby Resources\Icons\SkillExpert.png	735	794112b77b62653154c2af43d7343e241b3f1cbe	2023-01-23T22:35:48Z	EE+NeoEE	setup:EE+NeoEE
file	data\Add-on\DLLs\dreXmod\3\Data\dxm\mods\yukon\WONLobby Resources\Icons\SkillIntermediate.png	577	93828bd1d82f16edc788c3d3c62b7a4cd204ccb4	2023-01-23T22:35:48Z	EE+NeoEE	setup:EE+NeoEE
file	data\Add-on\DLLs\dreXmod\3\Data\dxm\mods\yukon\WONLobby Resources\Icons\SkillNovice.png	389	4806fae8484813424c8bdce64ecb96b85b885c0d	2023-01-23T22:35:48Z	EE+NeoEE	setup:EE+NeoEE
file	data\Add-on\DLLs\dreXmod\3\Data\dxm\mods\yukon\WONLobby Resources\Icons\Tombstone.png	661	b004c8fba822a055d0a90f8d535fe424ca07487e	2023-01-23T22:35:48Z	EE+NeoEE	setup:EE+NeoEE
file	data\Add-on\DLLs\dreXmod\3\Data\dxm\mods\yukon\WONLobby Resources\Images\bottom.jpg	461581	73b814c363aeb15e018138a709c706d74289c56e	2023-01-23T22:35:48Z	EE+NeoEE	setup:EE+NeoEE
file	data\Add-on\DLLs\dreXmod\3\Data\dxm\mods\yukon\WONLobby Resources\Images\login_16_9.jpg	364990	cce9e576c24b92cf245260f16dc332c041d959f5	2023-01-23T22:35:48Z	EE+NeoEE	setup:EE+NeoEE
file	data\Add-on\DLLs\dreXmod\3\Data\dxm\mods\yukon\WONLobby Resources\Images\login_4_3.jpg	377638	26ce388e9942361def3e2c777b7f70d8cf0b23e0	2023-01-23T22:35:48Z	EE+NeoEE	setup:EE+NeoEE
file	data\Add-on\DLLs\dreXmod\3\Data\dxm\mods\yukon\WONLobby Resources\Images\totalwar.jpg	332888	5a53c86a860bf7dd5319008b3b756ad6db6c4328	2023-01-23T22:35:48Z	EE+NeoEE	setup:EE+NeoEE
file	data\Add-on\DLLs\dreXmod\3\Data\dxm\mods\yukon\WONLobby Resources\InternetQuickPlay.cfg	91	9234c78d4c57b99e4159aee5a5e1f60f461f9e4b	2023-01-23T22:35:48Z	EE+NeoEE	setup:EE+NeoEE
file	data\Add-on\DLLs\dreXmod\3\Data\dxm\mods\yukon\WONLobby Resources\InternetScreen.cfg	154	88cec462c9b559f988e821058375fe6ac1772f6e	2023-01-23T22:35:48Z	EE+NeoEE	setup:EE+NeoEE
file	data\Add-on\DLLs\dreXmod\3\Data\dxm\mods\yukon\WONLobby Resources\LanScreen.cfg	144	02b1160de351b9c881d598f50f230c68d6e519bc	2023-01-23T22:35:48Z	EE+NeoEE	setup:EE+NeoEE
file	data\Add-on\DLLs\dreXmod\3\Data\dxm\mods\yukon\WONLobby Resources\LoginScreen.cfg	2774	a56e296a271c6cc5be2ca700f0836e83833a2423	2023-11-13T18:17:14Z	EE+NeoEE	setup:EE+NeoEE
file	data\Add-on\DLLs\dreXmod\3\Data\dxm\mods\yukon\WONLobby Resources\MainInternetTab.cfg	158	5747617e738d5401bfc7e46b86072e7f0b277eed	2023-01-23T22:35:48Z	EE+NeoEE	setup:EE+NeoEE
file	data\Add-on\DLLs\dreXmod\3\Data\dxm\mods\yukon\WONLobby Resources\MainLanTab.cfg	92	5082597aade41095f3475a2f7e984bb097b2436e	2023-01-23T22:35:48Z	EE+NeoEE	setup:EE+NeoEE
file	data\Add-on\DLLs\dreXmod\3\Data\dxm\mods\yukon\WONLobby Resources\PlayerOptionsCtrl.cfg	605	27abfdc838e6e4d65578ac7a674dd95f6cdb7097	2023-11-13T18:17:14Z	EE+NeoEE	setup:EE+NeoEE
file	data\Add-on\DLLs\dreXmod\3\Data\dxm\mods\yukon\WONLobby Resources\RootScreen.cfg	646	6246b27bb3a4470f6afe538152d832a7bd1e31ec	2023-01-23T22:35:48Z	EE+NeoEE	setup:EE+NeoEE
file	data\Add-on\DLLs\dreXmod\3\Data\dxm\mods\yukon\WONLobby Resources\Skin\Dialog2.png	200060	bace7b649ff40929d6ee3d97d4b61ffa2e3c7f8f	2023-01-23T22:35:48Z	EE+NeoEE	setup:EE+NeoEE
file	data\Add-on\DLLs\dreXmod\3\Data\dxm\mods\yukon\WONLobby Resources\Sounds\ButtonClick.wav	24620	6c10604b8896ae070b8412bcc128fd4631bcdeb8	2023-01-23T22:35:48Z	EE+NeoEE	setup:EE+NeoEE
file	data\Add-on\DLLs\dreXmod\3\Data\dxm\mods\yukon\WONLobby Resources\Sounds\eeintro.mp3	5031248	aa2aeb1e03f55e387d5d326b714aa3f9041af1db	2023-01-23T22:35:48Z	EE+NeoEE	setup:EE+NeoEE
file	data\Add-on\DLLs\dreXmod\3\Data\dxm\mods\yukon\WONLobby Resources\Sounds\Empty.wav	136	0f0cd6672495ca55fc93511cf93b5e643c0be9b2	2023-01-23T22:35:48Z	EE+NeoEE	setup:EE+NeoEE
file	data\Add-on\DLLs\dreXmod\3\Data\dxm\mods\yukon\WONLobby Resources\Sounds\Error.wav	54186	db74a5babbf134eb87e70c61e2e67a0e16aedb91	2023-01-23T22:35:48Z	EE+NeoEE	setup:EE+NeoEE
file	data\Add-on\DLLs\dreXmod\3\Data\dxm\mods\yukon\WONLobby Resources\Sounds\PlayerJoined.wav	159138	f9322c4025471a790dbd86e56d3b9a83dd42bc3c	2023-01-23T22:35:48Z	EE+NeoEE	setup:EE+NeoEE
file	data\Add-on\DLLs\dreXmod\3\Data\dxm\mods\yukon\WONLobby Resources\Sounds\WhisperRecv.wav	176788	00bc1a2a502f678530cec698cee537fef1080bc4	2023-01-23T22:35:48Z	EE+NeoEE	setup:EE+NeoEE
file	data\Add-on\DLLs\dreXmod\3\dreXmod.config	13850	f78c36f8efc386709c36fc0b4a9e41a92066e8eb	2023-12-03T23:30:18Z	EE+NeoEE	setup:EE+NeoEE
file	data\Add-on\DLLs\dreXmod\3\dreXmod.dll	3791648	3688bfef9e8b92ec09a6601742c6e5417717a097	2023-11-28T01:51:30Z	EE+NeoEE	setup:EE+NeoEE
file	data\Add-on\DLLs\dreXmod\3_privacy\dreXmod.config	13850	1db32c744cf31d2441e2d187e7b7a2e5975a06b1	2023-12-03T23:26:34Z	EE+NeoEE	setup:EE+NeoEE
file	data\Add-on\DLLs\EEStats\EEStats.dll	920880	42f9ea57ffc075f4d142cea1ad30ce0ff7780d4f	2023-02-05T15:51:34Z	EE+NeoEE	setup:EE+NeoEE
file	data\Add-on\DLLs\EEStats\EEStatsSetup.dll	394048	f4cbaddd8cfc1e0b7438a2136912bdf82c3d0eac	2023-02-05T15:51:42Z	EE+NeoEE	setup:EE+NeoEE
file	data\Add-on\HD\buildings\but_aagun.sst	65569	58acaac4fc40fdde7f561f1476670602099f8525	2022-02-17T01:25:46Z	EE+NeoEE	setup:EE+NeoEE
file	data\Add-on\HD\buildings\but_airport.sst	65569	052ccec8098a10269cceccacce614224696c8cfe	2022-02-17T01:25:46Z	EE+NeoEE	setup:EE+NeoEE
file	data\Add-on\HD\buildings\but_archery.sst	65569	028645d8756888d39f1f873d5e6b0f592be788f1	2022-02-17T01:25:46Z	EE+NeoEE	setup:EE+NeoEE
file	data\Add-on\HD\buildings\but_asianhouse.sst	65569	7fcb8c8e9d0c858f77b8834c4d702889f144133f	2022-02-20T22:16:12Z	EE+NeoEE	setup:EE+NeoEE
file	data\Add-on\HD\buildings\but_asianpagoda.sst	65569	15be3054becbb2e75463610136e9f0e22c40e6cf	2022-02-20T22:16:12Z	EE+NeoEE	setup:EE+NeoEE
file	data\Add-on\HD\buildings\but_babylontower.sst	65569	e2958104825a46e42767f0ea7806ac992b5680d8	2022-02-17T01:25:46Z	EE+NeoEE	setup:EE+NeoEE
file	data\Add-on\HD\buildings\but_barracks.sst	65569	ead8b172a11cb93ece6b57b04c71b2e9a394a069	2022-02-17T01:25:46Z	EE+NeoEE	setup:EE+NeoEE
file	data\Add-on\HD\buildings\but_buckinghampalace.sst	65569	49fc94d9082f57717cdf9616c0f8ec059304b9d0	2022-02-20T22:16:12Z	EE+NeoEE	setup:EE+NeoEE
file	data\Add-on\HD\buildings\but_capitol.sst	65569	0cffe5ad6b1c63f38bcc16fee442245e414b6294	2022-02-17T01:25:46Z	EE+NeoEE	setup:EE+NeoEE
file	data\Add-on\HD\buildings\but_castlekeep.sst	65569	8312f8d0babe919ecd8a3e9e714a944ac734ece7	2022-02-20T22:16:12Z	EE+NeoEE	setup:EE+NeoEE
file	data\Add-on\HD\buildings\but_colliseum.sst	65569	9cd6c1282f759fbfad85b138ef1c7abab9ffb1aa	2022-02-17T01:25:46Z	EE+NeoEE	setup:EE+NeoEE
file	data\Add-on\HD\buildings\but_computer.sst	65569	7dbe548efa11ea9d1edd6dc69652fcd0124bbd13	2022-02-20T22:16:12Z	EE+NeoEE	setup:EE+NeoEE
file	data\Add-on\HD\buildings\but_dock.sst	65569	6ef0bad8668f31ab3863c5472f351ccc22b9c715	2022-02-17T01:25:46Z	EE+NeoEE	setup:EE+NeoEE
file	data\Add-on\HD\buildings\but_eiffeltower.sst	65569	3d780d42864bb5ce5de8c36ec5cc5f9c2fd1afd5	2022-02-20T22:16:12Z	EE+NeoEE	setup:EE+NeoEE
file	data\Add-on\HD\buildings\but_flag.sst	65569	03d2e8745850918db99d36cb155ea5c2c32dc03f	2022-02-20T22:16:12Z	EE+NeoEE	setup:EE+NeoEE
file	data\Add-on\HD\buildings\but_fortress.sst	65569	da5a3dd19cc725430eabf358e913d176bcc814ac	2022-02-17T01:25:46Z	EE+NeoEE	setup:EE+NeoEE
file	data\Add-on\HD\buildings\but_gate.sst	65569	33055d25507e6f0a6f43115ed766948c9a4098cd	2022-02-17T01:25:46Z	EE+NeoEE	setup:EE+NeoEE
file	data\Add-on\HD\buildings\but_granary.sst	65569	86190c56c39924e0d4c4a5d03d5eb0be41f84e5e	2022-02-17T01:25:46Z	EE+NeoEE	setup:EE+NeoEE
file	data\Add-on\HD\buildings\but_hospital.sst	65569	8d2ed83b17fef85ece648aed638a24d125d11479	2022-02-17T01:25:46Z	EE+NeoEE	setup:EE+NeoEE
file	data\Add-on\HD\buildings\but_house.sst	65569	57e544884bb6132c7e58ff05f305363ff9d10aa4	2022-02-17T01:25:46Z	EE+NeoEE	setup:EE+NeoEE
file	data\Add-on\HD\buildings\but_ishtargates.sst	65569	4dcae97d09ce6a58902f0912c880f46ea6220774	2022-02-17T01:25:46Z	EE+NeoEE	setup:EE+NeoEE
file	data\Add-on\HD\buildings\but_libraryofalexandria.sst	65569	ac8f83a3d13c58f790b6bf764d709ff2b1adae0b	2022-02-17T01:25:46Z	EE+NeoEE	setup:EE+NeoEE
file	data\Add-on\HD\buildings\but_lighthouseofalexandria.sst	65569	999a4239320a367ebdca07a7ae16beb307cef389	2022-02-17T01:25:46Z	EE+NeoEE	setup:EE+NeoEE
file	data\Add-on\HD\buildings\but_mech factory.sst	65569	e49001dabd7b1780c42021be71d39c31069178f7	2022-02-17T01:25:46Z	EE+NeoEE	setup:EE+NeoEE
file	data\Add-on\HD\buildings\but_mech laboratory.sst	65569	b256a5f42ddbe3810cf5660ee00c613bc226a4da	2022-02-17T01:25:46Z	EE+NeoEE	setup:EE+NeoEE
file	data\Add-on\HD\buildings\but_missilebaseatomic.sst	65569	6997b3819df4a261400d17de52881a864bc99bff	2022-02-20T22:16:12Z	EE+NeoEE	setup:EE+NeoEE
file	data\Add-on\HD\buildings\but_missilebasenano.sst	65569	c9880619092b0eb0d1f35bf598a1500e8e967f23	2022-02-20T22:16:12Z	EE+NeoEE	setup:EE+NeoEE
file	data\Add-on\HD\buildings\but_modernlighthouse.sst	65569	48e4c90ec179a03526f380e0db9586e51babc27e	2022-02-20T22:16:12Z	EE+NeoEE	setup:EE+NeoEE
file	data\Add-on\HD\buildings\but_mosque.sst	65569	285ab9c3c4a2fbe761ec4accbb7ef4948cadf44c	2022-02-20T22:16:12Z	EE+NeoEE	setup:EE+NeoEE
file	data\Add-on\HD\buildings\but_naval yard.sst	65569	d751de98a210c1f5842d84c1e49992c65e8048ed	2022-02-17T01:25:46Z	EE+NeoEE	setup:EE+NeoEE
file	data\Add-on\HD\buildings\but_pillbox.sst	65569	891a8adaefe1f75f321827559359c54ad76a41b1	2022-02-20T22:16:12Z	EE+NeoEE	setup:EE+NeoEE
file	data\Add-on\HD\buildings\but_radardish.sst	65569	2a62675aab0d118e82297676269af92d7dcf44b3	2022-02-20T22:16:12Z	EE+NeoEE	setup:EE+NeoEE
file	data\Add-on\HD\buildings\but_ruins.sst	65569	bc20ce1a0077ed3bad968ea88a854287c76c90e0	2022-02-20T22:16:12Z	EE+NeoEE	setup:EE+NeoEE
file	data\Add-on\HD\buildings\but_settlement.sst	65569	7f36e731e7f1afa7f64d6be1d3790f3b421b08ac	2022-02-17T01:25:46Z	EE+NeoEE	setup:EE+NeoEE
file	data\Add-on\HD\buildings\but_siege workshop.sst	65569	b6ba9d86b2c3745e87b31b1b11686ad2ec4d82eb	2022-02-17T01:25:46Z	EE+NeoEE	setup:EE+NeoEE
file	data\Add-on\HD\buildings\but_stable.sst	65569	267cb02d98f78fc7bd95d66a23d85e08d792d21c	2022-02-17T01:25:46Z	EE+NeoEE	setup:EE+NeoEE
file	data\Add-on\HD\buildings\but_streetlamp01.sst	65569	ac95a6cdb55d4b130493b23631dc7f7bc38aaabe	2022-02-20T22:16:12Z	EE+NeoEE	setup:EE+NeoEE
file	data\Add-on\HD\buildings\but_streetlamp02.sst	65569	295ea62890f6b8cff2f03644ee8f16332cda4277	2022-02-20T22:16:12Z	EE+NeoEE	setup:EE+NeoEE
file	data\Add-on\HD\buildings\but_tank factory.sst	65569	e2dc3e643281cd102b221a923da0e2f6a15a7553	2022-02-17T01:25:46Z	EE+NeoEE	setup:EE+NeoEE
file	data\Add-on\HD\buildings\but_temple.sst	65569	4758c457ff42682520d0232b341bd31d74515707	2022-02-17T01:25:46Z	EE+NeoEE	setup:EE+NeoEE
file	data\Add-on\HD\buildings\but_templeofzeus.sst	65569	0dcced774a107d87af295cde74523d3453a54695	2022-02-17T01:25:46Z	EE+NeoEE	setup:EE+NeoEE
file	data\Add-on\HD\buildings\but_tent.sst	65569	8e7a325f010cd1e4e4929e1bb23c53b924abcbf6	2022-02-20T22:16:12Z	EE+NeoEE	setup:EE+NeoEE
file	data\Add-on\HD\buildings\but_timemachine.sst	65569	e44d51ab16d63651acb388b96794a2e7f64c7f3f	2022-02-20T22:16:12Z	EE+NeoEE	setup:EE+NeoEE
file	data\Add-on\HD\buildings\but_tower.sst	65569	9bcd8859fc7797d3cc4b4d409653d60e11d5a903	2022-02-17T01:25:46Z	EE+NeoEE	setup:EE+NeoEE
file	data\Add-on\HD\buildings\but_toweroflondon.sst	65569	cd408882ad8863a5be967e61645fae893ef17599	2022-02-20T22:16:12Z	EE+NeoEE	setup:EE+NeoEE
file	data\Add-on\HD\buildings\but_town center.sst	65569	1482af69c27252c230f560b8fcbb193de0fe193c	2022-02-17T01:25:46Z	EE+NeoEE	setup:EE+NeoEE
file	data\Add-on\HD\buildings\but_university.sst	65569	579dcd0771f3c04cd09ca468fe8cb46ba286a9c1	2022-02-17T01:25:46Z	EE+NeoEE	setup:EE+NeoEE
file	data\Add-on\HD\buildings\but_wall.sst	65569	afed7d890f10f9af4b5c683bba2e954f9428af6c	2022-02-17T01:25:46Z	EE+NeoEE	setup:EE+NeoEE
file	data\Add-on\HD\buildings\button_barbwire.sst	65569	f89865938c12efa092f3ed1bd35294652f23f53b	2022-02-20T22:16:12Z	EE+NeoEE	setup:EE+NeoEE
file	data\Add-on\HD\buildings\button_buddahstatue.sst	65569	fbeab548278c05327ade9663c5b8916bb3da77b9	2022-02-20T22:16:12Z	EE+NeoEE	setup:EE+NeoEE
file	data\Add-on\HD\buildings\button_horsestatue.sst	65569	11b6def3ba0be3cadede0aff97d1129b5d40d079	2022-02-20T22:16:12Z	EE+NeoEE	setup:EE+NeoEE
file	data\Add-on\HD\buildings\button_moastatue.sst	65569	e5fe9c234a811552e3a8545e829068b50a882a43	2022-02-20T22:16:12Z	EE+NeoEE	setup:EE+NeoEE
file	data\Add-on\HD\buildings\button_navalmine.sst	65569	47a0b2353c8887360ecc940295614954d84f7501	2022-02-20T22:16:12Z	EE+NeoEE	setup:EE+NeoEE
file	data\Add-on\HD\buildings\button_nikestatue.sst	65569	3ba5e37723ec445a2fd2f2ffc5047206fcc29c80	2022-02-20T22:16:12Z	EE+NeoEE	setup:EE+NeoEE
file	data\Add-on\HD\buildings\button_olmecstatue.sst	65569	9f74cb0602b145955618809b810fa9fcbca55630	2022-02-20T22:16:12Z	EE+NeoEE	setup:EE+NeoEE
file	data\Add-on\HD\buildings\button_orthodoxchurch.sst	65569	9528677acabfe7068ed83d427e1acdce5e778ab3	2022-02-20T22:16:12Z	EE+NeoEE	setup:EE+NeoEE
file	data\Add-on\HD\buildings\button_streetlamp.sst	65569	30d16c6f6100ad2e5ea66057af0df96e73d3c529	2022-02-20T22:16:12Z	EE+NeoEE	setup:EE+NeoEE
file	data\Add-on\HD\buildings\button_tankobstacle.sst	65569	5c7fede80d289f56b50ee0fb362573f2eba8e932	2022-02-20T22:16:12Z	EE+NeoEE	setup:EE+NeoEE
file	data\Add-on\HD\effects\sfx_nukeblast.sst	4194337	ddb424137c304c5a31b79fe16d972a242241c56c	2021-04-06T19:56:08Z	EE+NeoEE	setup:EE+NeoEE
file	data\Add-on\HD\music\arthurian.mp3	2898240	a8971e71018c82d092abf34636110ca8c29ba557	2022-12-24T21:10:44Z	EE+NeoEE	setup:EE+NeoEE
file	data\Add-on\HD\music\eeintro.mp3	2862720	56942d41736dde1cedb40627c7d0d9edd55c29d1	2022-12-24T21:10:44Z	EE+NeoEE	setup:EE+NeoEE
file	data\Add-on\HD\music\siege.mp3	2330880	a62f205540875eaebce2b5a712b0b51b2b265c5b	2022-12-24T21:12:04Z	EE+NeoEE	setup:EE+NeoEE
file	data\Add-on\HD\tech\but_amalgamation_06.sst	65569	13f1a1fe629e638baffe549e0792ee3fee320fbc	2022-02-17T01:22:54Z	EE+NeoEE	setup:EE+NeoEE
file	data\Add-on\HD\tech\but_ancestorworship_02.sst	65569	d646468dcb0d2290485cab2a3aefb9b7a8d40fe5	2022-02-17T01:22:54Z	EE+NeoEE	setup:EE+NeoEE
file	data\Add-on\HD\tech\but_anesthesia_09.sst	65569	f4615268712c17efa8046035cf61ceb582bc7c00	2022-02-17T01:22:54Z	EE+NeoEE	setup:EE+NeoEE
file	data\Add-on\HD\tech\but_antiaging pill_14.sst	65569	0f60d4f6de07b660b750450fddb50ca10df6010e	2022-03-03T10:21:00Z	EE+NeoEE	setup:EE+NeoEE
file	data\Add-on\HD\tech\but_astrology_07.sst	65569	c6b1017e9eec0a962a1ca1e8a50167570ad1c800	2022-02-17T01:22:54Z	EE+NeoEE	setup:EE+NeoEE
file	data\Add-on\HD\tech\but_atom manipulation_14.sst	65569	4c28817bd06912040e9b7ed6856521257b13e46d	2022-02-17T01:22:54Z	EE+NeoEE	setup:EE+NeoEE
file	data\Add-on\HD\tech\but_basic oxygen furnace_11.sst	65569	efd2cd21175913a922fc934fb828e80ecdda999c	2022-02-17T01:22:54Z	EE+NeoEE	setup:EE+NeoEE
file	data\Add-on\HD\tech\but_building codes_12.sst	65569	38b7db61b20756b283f80e98bb716007633fa09b	2022-02-17T01:22:54Z	EE+NeoEE	setup:EE+NeoEE
file	data\Add-on\HD\tech\but_bullseye lantern_06.sst	65569	84298b7c7d9329f0798ddc2e4365b53fc3210201	2022-02-17T01:22:54Z	EE+NeoEE	setup:EE+NeoEE
file	data\Add-on\HD\tech\but_ceremonial burial_02.sst	65569	b1a8d5d5590f2323864e0cdb6dcfbc0beba92277	2022-02-17T01:22:54Z	EE+NeoEE	setup:EE+NeoEE
file	data\Add-on\HD\tech\but_chemical drugs_08.sst	65569	6889d17eb8669ef4c2faf3878463f87dacfc34d3	2022-02-17T01:22:54Z	EE+NeoEE	setup:EE+NeoEE
file	data\Add-on\HD\tech\but_chemical pesticides_10.sst	65569	e0f3929a8720f752f38bf10537ccaec9ce124832	2022-02-17T01:22:54Z	EE+NeoEE	setup:EE+NeoEE
file	data\Add-on\HD\tech\but_civil liberties_10.sst	65569	7dc2d0986f057adea67566aff594ae6a0dcb4e8c	2022-02-17T01:22:54Z	EE+NeoEE	setup:EE+NeoEE
file	data\Add-on\HD\tech\but_coffer dam_05.sst	65569	0f625dd42417c118181033bdd3ad1cf89f0f830a	2022-02-17T01:22:54Z	EE+NeoEE	setup:EE+NeoEE
file	data\Add-on\HD\tech\but_commercial law_05.sst	65569	0b131c28e948b00766d464d6b1e85c073f0cf13f	2022-02-17T01:22:54Z	EE+NeoEE	setup:EE+NeoEE
file	data\Add-on\HD\tech\but_comparitive anatomy_05.sst	65569	e6483f942d50f89645f2775c8e3aaf9a41e0c4e5	2022-02-17T01:22:54Z	EE+NeoEE	setup:EE+NeoEE
file	data\Add-on\HD\tech\but_core mining_14.sst	65569	a43f5120c9ada563d624bf9d9564588ce9ea135a	2022-02-17T01:22:54Z	EE+NeoEE	setup:EE+NeoEE
file	data\Add-on\HD\tech\but_crusades_06.sst	65569	a5fa159f98c328752abc636058f89a212c176d11	2022-02-17T01:22:54Z	EE+NeoEE	setup:EE+NeoEE
file	data\Add-on\HD\tech\but_cybernetics_14.sst	65569	e16d8ac17896f4df10c2beba3eb6a1bff8ece061	2022-02-17T01:22:54Z	EE+NeoEE	setup:EE+NeoEE
file	data\Add-on\HD\tech\but_digital library_13.sst	65569	4d5eab4ffd1dccdda200466930ae2b746176cb6f	2022-02-17T01:22:54Z	EE+NeoEE	setup:EE+NeoEE
file	data\Add-on\HD\tech\but_dna research_11.sst	65569	b5bafc1b28c82cffdabba894036a957ef7760dfb	2022-02-17T01:22:54Z	EE+NeoEE	setup:EE+NeoEE
file	data\Add-on\HD\tech\but_drydock_08.sst	65569	d6c978868aeec51a8cb311244f48157d40c17347	2022-02-17T01:22:54Z	EE+NeoEE	setup:EE+NeoEE
file	data\Add-on\HD\tech\but_enclosure_08.sst	65569	a03b2f80c6dcb9897fd2d61778b3f4f091008b12	2022-02-17T01:22:54Z	EE+NeoEE	setup:EE+NeoEE
file	data\Add-on\HD\tech\but_environmental laws_11.sst	65569	39094c1ecf0db653298a2f544d7cf4a768c26b32	2022-02-17T01:22:54Z	EE+NeoEE	setup:EE+NeoEE
file	data\Add-on\HD\tech\but_excommunication_05.sst	65569	922b0ced29e8ac4b0db8bfe1af0a491dfec136c4	2022-02-17T01:22:54Z	EE+NeoEE	setup:EE+NeoEE
file	data\Add-on\HD\tech\but_explosives_07.sst	65569	6d552514bb58836d0ecdf2bb7da0c3844e88d619	2022-02-17T01:22:54Z	EE+NeoEE	setup:EE+NeoEE
file	data\Add-on\HD\tech\but_falconry_05.sst	65569	604e588c4f1ad29a5f22b48eab8be1fcc20842e8	2022-02-17T01:22:54Z	EE+NeoEE	setup:EE+NeoEE
file	data\Add-on\HD\tech\but_fineflakedtools_02.sst	65569	ab8681cc8217efccc84506de05b0316781067fba	2022-02-17T01:22:54Z	EE+NeoEE	setup:EE+NeoEE
file	data\Add-on\HD\tech\but_forestry_07.sst	65569	29e144019859f050eb66b2387bee2a777accbd2d	2022-02-17T01:22:54Z	EE+NeoEE	setup:EE+NeoEE
file	data\Add-on\HD\tech\but_gaslamp_09.sst	65569	2f117d925e0cad6d14565026226cb5f8743cbff6	2022-02-17T01:22:54Z	EE+NeoEE	setup:EE+NeoEE
file	data\Add-on\HD\tech\but_genetic engineering_13.sst	65569	609f198d709ae122a53d351be5249c8b236af65a	2022-02-17T01:22:54Z	EE+NeoEE	setup:EE+NeoEE
file	data\Add-on\HD\tech\but_hafts_02.sst	65569	9f7045a540d6e7879685cb23462b83817ef70105	2022-02-17T01:22:54Z	EE+NeoEE	setup:EE+NeoEE
file	data\Add-on\HD\tech\but_hammer drilling rig_11.sst	65569	3bff59e81fda5a10b2442925dadb65b52a935b63	2022-02-17T01:22:54Z	EE+NeoEE	setup:EE+NeoEE
file	data\Add-on\HD\tech\but_handaxe_01.sst	65569	61d9d151ca9e10a8fdcad259406950c4f7b2e0cc	2022-02-17T01:22:54Z	EE+NeoEE	setup:EE+NeoEE
file	data\Add-on\HD\tech\but_hardened chisel.sst	65569	bd2b681a6134f79a8f66bcbf2b990e2e052574f0	2022-02-17T01:22:54Z	EE+NeoEE	setup:EE+NeoEE
file	data\Add-on\HD\tech\but_herbal medicines_03.sst	65569	a918253d601cebd92ccbb6cba9fa0053159bfac1	2022-02-17T01:22:54Z	EE+NeoEE	setup:EE+NeoEE
file	data\Add-on\HD\tech\but_hippocratic oath_04.sst	65569	6a48a7cdc8aba9710312f20e7514157cf28dfb29	2022-02-17T01:22:54Z	EE+NeoEE	setup:EE+NeoEE
file	data\Add-on\HD\tech\but_human anatomy_06.sst	65569	e49cb2b5ca189e3f6d6577b377430cc27c52d6c4	2022-02-17T01:22:54Z	EE+NeoEE	setup:EE+NeoEE
file	data\Add-on\HD\tech\but_hydraulic mining_11.sst	65569	b535948cac5dbe417ede942547eaf42d174965c0	2022-02-17T01:22:54Z	EE+NeoEE	setup:EE+NeoEE
file	data\Add-on\HD\tech\but_hydroponics_13.sst	65569	0abe558d99210d5439684e36397d210cec06ffc8	2022-02-17T01:22:54Z	EE+NeoEE	setup:EE+NeoEE
file	data\Add-on\HD\tech\but_indulgences_06.sst	65569	a0fbfde8df414f33eb2688e1a9843e998d2ec8ab	2022-02-17T01:22:54Z	EE+NeoEE	setup:EE+NeoEE
file	data\Add-on\HD\tech\but_inquisition_06.sst	65569	a037c84cce47c32b6dfe33a9a69dd244ca0f3017	2022-02-17T01:22:54Z	EE+NeoEE	setup:EE+NeoEE
file	data\Add-on\HD\tech\but_irrigation_04.sst	65569	9e2ad137ff24309f094a3d84a61863376cfefcd5	2022-02-17T01:22:54Z	EE+NeoEE	setup:EE+NeoEE
file	data\Add-on\HD\tech\but_land conservation_08t.sst	65569	b96a47ec513dad247b3e8828cfc09c34557ab485	2022-02-17T01:22:54Z	EE+NeoEE	setup:EE+NeoEE
file	data\Add-on\HD\tech\but_law schools_06.sst	65569	9b4c4aec7fedd93791eeddd7213ff15100a3579e	2022-02-17T01:22:54Z	EE+NeoEE	setup:EE+NeoEE
file	data\Add-on\HD\tech\but_mechanized logging_10.sst	65569	948652f1edbcac03aa105ce63f19a521081bd24d	2022-02-17T01:22:54Z	EE+NeoEE	setup:EE+NeoEE
file	data\Add-on\HD\tech\but_metal casting_03.sst	65569	1f73b878a3f5cfc5d2e2a486a371324c1708345d	2022-02-17T01:22:54Z	EE+NeoEE	setup:EE+NeoEE
file	data\Add-on\HD\tech\but_mind control_14.sst	65569	517e2f8275f9ff8cee9ac8707c5ed6b18946a510	2022-02-17T01:22:54Z	EE+NeoEE	setup:EE+NeoEE
file	data\Add-on\HD\tech\but_missionaries_08.sst	65569	79335865793988a1c16e71d54fc66759face66f0	2022-02-17T01:22:54Z	EE+NeoEE	setup:EE+NeoEE
file	data\Add-on\HD\tech\but_monotheism_04.sst	65569	e0ade428569693caf10b317f5dcbcfb1026961b9	2022-02-17T01:22:54Z	EE+NeoEE	setup:EE+NeoEE
file	data\Add-on\HD\tech\but_mri_12.sst	65569	7423a34ef0c062fb9bccb2b1ca95237f11a2ec82	2022-02-17T01:22:54Z	EE+NeoEE	setup:EE+NeoEE
file	data\Add-on\HD\tech\but_mysticism_01.sst	65569	3a219321b0425783dde0029d41559d116a1f49c9	2022-02-17T01:22:54Z	EE+NeoEE	setup:EE+NeoEE
file	data\Add-on\HD\tech\but_mythology_03.sst	65569	544f894a7a85156a446d00d3ff2dc90ba085e885	2022-02-17T01:22:54Z	EE+NeoEE	setup:EE+NeoEE
file	data\Add-on\HD\tech\but_occultism_08.sst	65569	54ab5f00b8c90edcb2eb03e778812184173b998e	2022-02-17T01:22:54Z	EE+NeoEE	setup:EE+NeoEE
file	data\Add-on\HD\tech\but_oillamp_03.sst	65569	08a4a73ba7fb197100b8398fc74acd7168c9f75c	2022-02-17T01:22:54Z	EE+NeoEE	setup:EE+NeoEE
file	data\Add-on\HD\tech\but_oracle_04.sst	65569	cba19b4c21d451c0421b942e8afb24d7201c07fa	2022-02-17T01:22:54Z	EE+NeoEE	setup:EE+NeoEE
file	data\Add-on\HD\tech\but_orthopedics_08.sst	65569	bbeb3a226c7215047cb467670beaec0e020ab3b5	2022-02-17T01:22:54Z	EE+NeoEE	setup:EE+NeoEE
file	data\Add-on\HD\tech\but_pasteurization_09.sst	65569	cdaa2532858163fc0317338aa74282d513fbe1f1	2022-02-17T01:22:54Z	EE+NeoEE	setup:EE+NeoEE
file	data\Add-on\HD\tech\but_pharmacy_05.sst	65569	218a3ae40b06aeb0f92829e56c183c9eaae534a8	2022-02-17T01:22:54Z	EE+NeoEE	setup:EE+NeoEE
file	data\Add-on\HD\tech\but_philosophy_04.sst	65569	8d86690dca68fe8f2521e6b9073bb43874ab19e4	2022-02-17T01:22:54Z	EE+NeoEE	setup:EE+NeoEE
file	data\Add-on\HD\tech\but_polytheism_03.sst	65569	f5799232068a133c879f9681adb279ef907e954e	2022-02-17T01:22:54Z	EE+NeoEE	setup:EE+NeoEE
file	data\Add-on\HD\tech\but_printing press_07.sst	65569	3d030aeafb947ad186262714476479d7e639c71b	2022-02-17T01:22:54Z	EE+NeoEE	setup:EE+NeoEE
file	data\Add-on\HD\tech\but_prophecy_05.sst	65569	871915d89970f580491384db4ac8cbf26a1e5caf	2022-02-17T01:22:54Z	EE+NeoEE	setup:EE+NeoEE
file	data\Add-on\HD\tech\but_pulley_04.sst	65569	c50df4eb5a90102644ca020692ae2cf350d40bd2	2022-02-17T01:22:54Z	EE+NeoEE	setup:EE+NeoEE
file	data\Add-on\HD\tech\but_quarantine_07.sst	65569	9a09b9e9ecf6fc2eb69aa31899231531b78e6599	2022-02-17T01:22:54Z	EE+NeoEE	setup:EE+NeoEE
file	data\Add-on\HD\tech\but_radioservices_10.sst	65569	3e8349781f6d68f7a5a90ac3faddd9e46ff9c414	2022-02-17T01:22:54Z	EE+NeoEE	setup:EE+NeoEE
file	data\Add-on\HD\tech\but_reformation_08.sst	65569	cb206a5a6314032390ea2d541bc5e4ea9c1c2858	2022-02-17T01:22:54Z	EE+NeoEE	setup:EE+NeoEE
file	data\Add-on\HD\tech\but_reinforced concrete_08.sst	65569	6c2d3aacd28f3f418c4470afc0df161a09dc3b9b	2022-02-17T01:22:54Z	EE+NeoEE	setup:EE+NeoEE
file	data\Add-on\HD\tech\but_religious tolerance_09.sst	65569	cdc7a84fb8fe0643072fc7ebe8a55e64a62c3a87	2022-02-17T01:22:54Z	EE+NeoEE	setup:EE+NeoEE
file	data\Add-on\HD\tech\but_religiousresurgence_12.sst	65569	0c97f1fcf5e8a7e85455554cc7cbfdc9eb152261	2022-02-17T01:22:54Z	EE+NeoEE	setup:EE+NeoEE
file	data\Add-on\HD\tech\but_sainthood_05.sst	65569	644dad697d92ec5af139084f14574f0a4a8ccfd1	2022-02-17T01:22:54Z	EE+NeoEE	setup:EE+NeoEE
file	data\Add-on\HD\tech\but_sandals_01.sst	65569	f1908d84a38f54655b577176742d26fdb251727a	2022-02-17T01:22:54Z	EE+NeoEE	setup:EE+NeoEE
file	data\Add-on\HD\tech\but_sanitation_05.sst	65569	aa848fa3779277fcd7088700f7d042ecddb76346	2022-02-17T01:22:54Z	EE+NeoEE	setup:EE+NeoEE
file	data\Add-on\HD\tech\but_saw_04.sst	65569	f1d6d2bfc9b48e6aa667109b189c0442e1f51e33	2022-02-17T01:22:54Z	EE+NeoEE	setup:EE+NeoEE
file	data\Add-on\HD\tech\but_scientific method_08.sst	65569	33ea48f42bef90f59ddab95a6793a82e183e9c0f	2022-02-17T01:22:54Z	EE+NeoEE	setup:EE+NeoEE
file	data\Add-on\HD\tech\but_scuba repairs_11.sst	65569	c16ddcec9ecfc86379c2d458bb84a891948ba2b6	2022-02-17T01:22:54Z	EE+NeoEE	setup:EE+NeoEE
file	data\Add-on\HD\tech\but_self sufficiency movement_14.sst	65569	75fe0d86dab5d1190f56bdb625948a8ed2085f3f	2022-02-17T01:22:54Z	EE+NeoEE	setup:EE+NeoEE
file	data\Add-on\HD\tech\but_shaft mining_08.sst	65569	0c8fd5a62cf53d64b40a9fb149cb9ce9fb184d5b	2022-02-17T01:22:54Z	EE+NeoEE	setup:EE+NeoEE
file	data\Add-on\HD\tech\but_shamanism_02.sst	65569	9c9fc6349bb383b2e04b90de95f9333742b63532	2022-02-17T01:22:54Z	EE+NeoEE	setup:EE+NeoEE
file	data\Add-on\HD\tech\but_steam engine_09.sst	65569	45b916ead619476874022556ad05360c0710e040	2022-02-17T01:22:54Z	EE+NeoEE	setup:EE+NeoEE
file	data\Add-on\HD\tech\but_sundayschool_09.sst	65569	0475d4215a51e1fd5676daafcdb0d559d500e9b1	2022-02-17T01:22:54Z	EE+NeoEE	setup:EE+NeoEE
file	data\Add-on\HD\tech\but_tarot_07.sst	65569	1c0f2723d47508a5a64cd4e73da63ef827941892	2022-02-17T01:22:54Z	EE+NeoEE	setup:EE+NeoEE
file	data\Add-on\HD\tech\but_televangelism_11.sst	65569	7dd5197139347542545744e3f2f4fa50036109ad	2022-02-17T01:22:54Z	EE+NeoEE	setup:EE+NeoEE
file	data\Add-on\HD\tech\but_upgrade unit.sst	65569	9f7857c0de6d6976a71c28d07d4e80fb1ab3be74	2022-02-17T01:22:54Z	EE+NeoEE	setup:EE+NeoEE
file	data\Add-on\HD\tech\but_upgrade wall and tower.sst	65569	700f657500feb35a4385aeb841e1c8fd5d8a2ed6	2022-02-17T01:22:54Z	EE+NeoEE	setup:EE+NeoEE
file	data\Add-on\HD\tech\but_vaccinations_11.sst	65569	dc90fdc8b2f64e91c9d29a7e6d6362d648c163c8	2022-02-17T01:22:54Z	EE+NeoEE	setup:EE+NeoEE
file	data\Add-on\HD\tech\but_virtualservices_13.sst	65569	4f7c1ee9a3188a9dd1b9adf10b291cd7e1719e67	2022-02-17T01:22:54Z	EE+NeoEE	setup:EE+NeoEE
file	data\Add-on\HD\tech\but_vitamins_10.sst	65569	250b835a0ac897f26042939f5118f0f263749e9f	2022-02-17T01:22:54Z	EE+NeoEE	setup:EE+NeoEE
file	data\Add-on\HD\tech\but_wheeled drawn plow_06.sst	65569	84520f4c12fc8308a46354bba1d255cd06f466ac	2022-02-17T01:22:54Z	EE+NeoEE	setup:EE+NeoEE
file	data\Add-on\HD\tech\but_windlass_08.sst	65569	7d50a7f9e48c063b9c05467188c916b0ade69089	2022-02-17T01:22:54Z	EE+NeoEE	setup:EE+NeoEE
file	data\Add-on\HD\terrain\basegrass_1_1.sst	65569	c181cd28f8a65ba0a03a98fd024b54ea73e854c9	2020-12-22T21:18:54Z	EE+NeoEE	setup:EE+NeoEE
file	data\Add-on\HD\terrain\basegrass_1_2.sst	65569	cd38f5b3b1b646e6c77a5aa15f3753341c5fbdff	2020-12-22T21:18:54Z	EE+NeoEE	setup:EE+NeoEE
file	data\Add-on\HD\terrain\basegrass_1_3.sst	65569	d82b0bda6bf3326117f04a11e2beabeab9630a06	2020-12-22T21:18:54Z	EE+NeoEE	setup:EE+NeoEE
file	data\Add-on\HD\terrain\basegrass_1_4.sst	65569	59af1fde7739b9ae43dfb17597debd705237a58f	2020-12-22T21:18:54Z	EE+NeoEE	setup:EE+NeoEE
file	data\Add-on\HD\terrain\cliff_1_1.sst	65569	5608aff51b0cdc379fa3168215405e68c34efda6	2021-04-07T13:57:34Z	EE+NeoEE	setup:EE+NeoEE
file	data\Add-on\HD\terrain\cliff_1_2.sst	65569	f4db472710bef6182954f1a1ee371931e5107552	2021-04-07T13:57:34Z	EE+NeoEE	setup:EE+NeoEE
file	data\Add-on\HD\terrain\cliff_1_3.sst	65569	171258c6a7abaa352f3640c8691b36202c2d0ad7	2021-04-07T13:57:34Z	EE+NeoEE	setup:EE+NeoEE
file	data\Add-on\HD\terrain\cliff_1_4.sst	65569	cbdb649d417e0a40726ba8fdb9e62e00b1c1a482	2021-04-07T13:57:34Z	EE+NeoEE	setup:EE+NeoEE
file	data\Add-on\HD\terrain\cliff_2_1.sst	65569	ada47803b253ebf170b13adad0dedef8fb216618	2021-04-07T14:04:48Z	EE+NeoEE	setup:EE+NeoEE
file	data\Add-on\HD\terrain\cliff_2_2.sst	65569	897e75a309e21c7dced658bb6719d0e2471ff8ba	2021-04-07T14:04:48Z	EE+NeoEE	setup:EE+NeoEE
file	data\Add-on\HD\terrain\cliff_2_3.sst	65569	456f9c4335c2c74b1601d58a8ff6c71d85bde40e	2021-04-07T14:04:48Z	EE+NeoEE	setup:EE+NeoEE
file	data\Add-on\HD\terrain\cliff_2_4.sst	65569	27f5a07a571df68643b4b0731dc5d012307e5515	2021-04-07T14:04:48Z	EE+NeoEE	setup:EE+NeoEE
file	data\Add-on\HD\terrain\cliffwinter_1_1.sst	65569	2bd1dae846bdc61affee27b1ffcc3a14073097e9	2021-04-07T00:18:06Z	EE+NeoEE	setup:EE+NeoEE
file	data\Add-on\HD\terrain\cliffwinter_1_2.sst	65569	ac66b69cf36ef1d8ac513e8c197d7f035040c4f0	2021-04-07T00:18:06Z	EE+NeoEE	setup:EE+NeoEE
file	data\Add-on\HD\terrain\cliffwinter_1_3.sst	65569	c3bf9ef138a89f0be3c2805d17b21e8f02dc03b2	2021-04-07T00:18:06Z	EE+NeoEE	setup:EE+NeoEE
file	data\Add-on\HD\terrain\cliffwinter_1_4.sst	65569	cbdb649d417e0a40726ba8fdb9e62e00b1c1a482	2021-04-07T00:18:06Z	EE+NeoEE	setup:EE+NeoEE
file	data\Add-on\HD\terrain\cliffwinter_2_1.sst	65569	ab19329efddccf3d7de3d72706131effad64d104	2021-04-07T00:36:40Z	EE+NeoEE	setup:EE+NeoEE
file	data\Add-on\HD\terrain\cliffwinter_2_2.sst	65569	7ead4f085ba364fe6136d1cee670c1580e01ba86	2021-04-07T00:36:40Z	EE+NeoEE	setup:EE+NeoEE
file	data\Add-on\HD\terrain\cliffwinter_2_3.sst	65569	4d9483c4caba83b7b59a7e22c07c9cebe26e6d88	2021-04-07T00:36:40Z	EE+NeoEE	setup:EE+NeoEE
file	data\Add-on\HD\terrain\cliffwinter_2_4.sst	65569	7bd942c8fe41a54288151968a6be0094426feb4b	2021-04-07T00:36:40Z	EE+NeoEE	setup:EE+NeoEE
file	data\Add-on\HD\terrain\cobblestones_1_1.sst	65569	f73b2ac507d4d94f8fc8e170e3ac99f8132b4b9c	2020-12-22T21:18:54Z	EE+NeoEE	setup:EE+NeoEE
file	data\Add-on\HD\terrain\cobblestones_1_2.sst	65569	c6164a8af21ba6d9c4621c75c9dc030ad9f10f1d	2020-12-22T21:18:54Z	EE+NeoEE	setup:EE+NeoEE
file	data\Add-on\HD\terrain\cobblestones_1_3.sst	65569	c6164a8af21ba6d9c4621c75c9dc030ad9f10f1d	2020-12-22T21:18:54Z	EE+NeoEE	setup:EE+NeoEE
file	data\Add-on\HD\terrain\cobblestones_1_4.sst	65569	b7172aceaf67750cb4122dd57fb5925dade8711f	2020-12-22T21:18:54Z	EE+NeoEE	setup:EE+NeoEE
file	data\Add-on\HD\terrain\driedleaves_1_1.sst	65569	f1bb3005197aa2e7b0d224a0cf1051e662983b12	2020-12-22T21:18:54Z	EE+NeoEE	setup:EE+NeoEE
file	data\Add-on\HD\terrain\driedleaves_1_2.sst	65569	2b2bd486640f11ba9f997c27f712a2861b8d7292	2020-12-22T21:18:54Z	EE+NeoEE	setup:EE+NeoEE
file	data\Add-on\HD\terrain\driedleaves_1_3.sst	65569	8c4c8b4489ac1693eb34661e0d466153c77c57f8	2020-12-22T21:18:54Z	EE+NeoEE	setup:EE+NeoEE
file	data\Add-on\HD\terrain\driedleaves_1_4.sst	65569	4eb76c6337c8c29b30196934c71abd047b3916a9	2020-12-22T21:18:54Z	EE+NeoEE	setup:EE+NeoEE
file	data\Add-on\HD\terrain\finesand_1_1.sst	65569	30dfc310f979585ca000b0f469c0daa410934bfd	2021-04-05T15:40:06Z	EE+NeoEE	setup:EE+NeoEE
file	data\Add-on\HD\terrain\finesand_1_2.sst	65569	d5bcd2a134911bddf0fc41f0fdc6605766c87274	2021-04-05T15:40:06Z	EE+NeoEE	setup:EE+NeoEE
file	data\Add-on\HD\terrain\finesand_1_3.sst	65569	4972d8f5301ce3d3fb8aa4ed84e930cc6d70279d	2021-04-05T15:40:06Z	EE+NeoEE	setup:EE+NeoEE
file	data\Add-on\HD\terrain\finesand_1_4.sst	65569	83c80d5641b8d6eaebd0d5bf780d305a0be9f3ac	2021-04-05T15:40:06Z	EE+NeoEE	setup:EE+NeoEE
file	data\Add-on\HD\terrain\grasspatch_1_1.sst	65569	799c565c8ab98ff9ada6f7e1065462e52dbf6088	2021-04-03T14:42:44Z	EE+NeoEE	setup:EE+NeoEE
file	data\Add-on\HD\terrain\grasspatch_1_2.sst	65569	90d7a044030273f5c11a6a79010f3514f6e7cb23	2021-04-03T14:42:44Z	EE+NeoEE	setup:EE+NeoEE
file	data\Add-on\HD\terrain\grasspatch_1_3.sst	65569	d25862bf94c97695e34ff07430c323dfca4ce01c	2021-04-03T14:42:44Z	EE+NeoEE	setup:EE+NeoEE
file	data\Add-on\HD\terrain\grasspatch_1_4.sst	65569	6752bae9213b535f35a5d976c942a4566112753a	2021-04-03T14:42:44Z	EE+NeoEE	setup:EE+NeoEE
file	data\Add-on\HD\terrain\grasstufts_1_1.sst	65569	d294ffbb4f1cf1cdb9dc783c22f3c4afe36bdf20	2021-04-06T22:41:32Z	EE+NeoEE	setup:EE+NeoEE
file	data\Add-on\HD\terrain\grasstufts_1_2.sst	65569	51bda9a9abd47c1c0911bea474c7469030feec98	2021-04-06T22:41:32Z	EE+NeoEE	setup:EE+NeoEE
file	data\Add-on\HD\terrain\grasstufts_1_3.sst	65569	f77f2692ae919fd828dc30bc316074dc8e63c819	2021-04-06T22:41:32Z	EE+NeoEE	setup:EE+NeoEE
file	data\Add-on\HD\terrain\grasstufts_1_4.sst	65569	a07fc4694d323e8051b7e18c753093e89f6fa939	2021-04-06T22:41:32Z	EE+NeoEE	setup:EE+NeoEE
file	data\Add-on\HD\terrain\ice_1_1.sst	65569	2ea3d37dc1dbdab777899310df98ba2bf44da053	2021-04-05T21:38:20Z	EE+NeoEE	setup:EE+NeoEE
file	data\Add-on\HD\terrain\ice_1_2.sst	65569	4625ef9e0cd6ad5ed766d2134db17e2d59ff0bed	2021-04-05T21:38:20Z	EE+NeoEE	setup:EE+NeoEE
file	data\Add-on\HD\terrain\ice_1_3.sst	65569	5d8e77776b464e42d006d9466742cca708280fa4	2021-04-05T21:38:20Z	EE+NeoEE	setup:EE+NeoEE
file	data\Add-on\HD\terrain\ice_1_4.sst	65569	fe698c51d2c7b79f4ee6d27ea9e64522d13a8dc2	2021-04-05T21:38:20Z	EE+NeoEE	setup:EE+NeoEE
file	data\Add-on\HD\terrain\longgrass_1_1.sst	65569	8a1c28fe5936d107dd44563a451c875fb1bd5723	2021-04-03T14:01:28Z	EE+NeoEE	setup:EE+NeoEE
file	data\Add-on\HD\terrain\longgrass_1_2.sst	65569	39d8eb15e21b1575e92d5bed1d827d3cd4fb8131	2021-04-03T14:01:28Z	EE+NeoEE	setup:EE+NeoEE
file	data\Add-on\HD\terrain\longgrass_1_3.sst	65569	b986a778aa7c00beb055c18f19475d28bc4689fe	2021-04-03T14:01:28Z	EE+NeoEE	setup:EE+NeoEE
file	data\Add-on\HD\terrain\longgrass_1_4.sst	65569	f2a78264115154553938a89691f0cf8f2bf4a3ef	2021-04-03T14:01:28Z	EE+NeoEE	setup:EE+NeoEE
file	data\Add-on\HD\terrain\overgrowngrass_1_1.sst	65569	13d701285427baed85329ac468688efaa7cb6c26	2020-12-22T21:18:54Z	EE+NeoEE	setup:EE+NeoEE
file	data\Add-on\HD\terrain\overgrowngrass_1_2.sst	65569	0b0d9ac73fb9efcdf10d68718590a9e66e1ee4a5	2020-12-22T21:18:54Z	EE+NeoEE	setup:EE+NeoEE
file	data\Add-on\HD\terrain\overgrowngrass_1_3.sst	65569	667f9183538fdba620595e9adf9bc9fa48ea3ec0	2020-12-22T21:18:54Z	EE+NeoEE	setup:EE+NeoEE
file	data\Add-on\HD\terrain\overgrowngrass_1_4.sst	65569	8043b4ee440f0d9274832f6b27caaf94bd19f5fb	2020-12-22T21:18:54Z	EE+NeoEE	setup:EE+NeoEE
file	data\Add-on\HD\terrain\rockysand_1_1.sst	65569	3f2476c730c3f67017f5bb4ea5d6b1b6b7424482	2021-04-05T15:38:22Z	EE+NeoEE	setup:EE+NeoEE
file	data\Add-on\HD\terrain\rockysand_1_2.sst	65569	d0cb71875e92481393093ca2e59c73a3a3947158	2021-04-05T15:38:22Z	EE+NeoEE	setup:EE+NeoEE
file	data\Add-on\HD\terrain\rockysand_1_3.sst	65569	42bfab440c0ca240c3cc972f297d6fbe04b79803	2021-04-05T15:38:22Z	EE+NeoEE	setup:EE+NeoEE
file	data\Add-on\HD\terrain\rockysand_1_4.sst	65569	4f75b92d8a87f0f774630c8a7ff30052f1fa9adc	2021-04-05T15:38:22Z	EE+NeoEE	setup:EE+NeoEE
file	data\Add-on\HD\terrain\sandybeach_1_1.sst	65569	d7313939c13eac1e08efc2647b3dbe4d548576f4	2021-04-05T15:12:10Z	EE+NeoEE	setup:EE+NeoEE
file	data\Add-on\HD\terrain\sandybeach_1_2.sst	65569	243eb64caf977a457ec5cef6e14fda9f37a6bc7b	2021-04-05T15:12:10Z	EE+NeoEE	setup:EE+NeoEE
file	data\Add-on\HD\terrain\sandybeach_1_3.sst	65569	7cbabada22071f0312f6617870a0c072395fc0d1	2021-04-05T15:12:10Z	EE+NeoEE	setup:EE+NeoEE
file	data\Add-on\HD\terrain\sandybeach_1_4.sst	65569	a4f83c8b643640be01899f3a42acb993c2808f10	2021-04-05T15:12:10Z	EE+NeoEE	setup:EE+NeoEE
file	data\Add-on\HD\terrain\sfx_volcano_00t.sst	1048609	9a172c1996edf87fe1b7427f42d971a34d90fdad	2021-04-05T23:42:18Z	EE+NeoEE	setup:EE+NeoEE
file	data\Add-on\HD\terrain\snow_1_1.sst	65569	a8a2d0612b119e4d254a2021dda3e68574b89a18	2020-12-22T21:18:54Z	EE+NeoEE	setup:EE+NeoEE
file	data\Add-on\HD\terrain\snow_1_2.sst	65569	63f19da38d6da2967b640e7f18d207c15b23b086	2020-12-22T21:18:54Z	EE+NeoEE	setup:EE+NeoEE
file	data\Add-on\HD\terrain\snow_1_3.sst	65569	3676b407d0fe1e856b7cb6aec2fb155c426d130e	2020-12-22T21:18:54Z	EE+NeoEE	setup:EE+NeoEE
file	data\Add-on\HD\terrain\snow_1_4.sst	65569	61bfe2c42f9c023010524f0e804063f7e5258082	2020-12-22T21:18:54Z	EE+NeoEE	setup:EE+NeoEE
file	data\Add-on\HD\terrain\snowdirt_1_1.sst	65569	fdd8bac586463eaf924019886bec8ef52b07d63a	2020-12-22T21:18:54Z	EE+NeoEE	setup:EE+NeoEE
file	data\Add-on\HD\terrain\snowdirt_1_2.sst	65569	ac9229eafaaca543b26e5e1a78c4c0cc606ec1a3	2020-12-22T21:18:54Z	EE+NeoEE	setup:EE+NeoEE
file	data\Add-on\HD\terrain\snowdirt_1_3.sst	65569	9a615f2b4c40e7a7d05ed0f9471cdc2da2adffe9	2020-12-22T21:18:54Z	EE+NeoEE	setup:EE+NeoEE
file	data\Add-on\HD\terrain\snowdirt_1_4.sst	65569	5a257bc1a62d0ab767a2efcf32cb1307b579314b	2020-12-22T21:18:54Z	EE+NeoEE	setup:EE+NeoEE
file	data\Add-on\HD\terrain\snowgrass_1_1.sst	65569	bfa1ce2a2eedbcd6e01a19b0ebb3e9e1d4c71ad8	2020-12-22T21:18:54Z	EE+NeoEE	setup:EE+NeoEE
file	data\Add-on\HD\terrain\snowgrass_1_2.sst	65569	a59f535d1555166763802c4122180b0e81e4740a	2020-12-22T21:18:54Z	EE+NeoEE	setup:EE+NeoEE
file	data\Add-on\HD\terrain\snowgrass_1_3.sst	65569	9db3a9645526174977cd47934da3b4af79de1f6a	2020-12-22T21:18:54Z	EE+NeoEE	setup:EE+NeoEE
file	data\Add-on\HD\terrain\snowgrass_1_4.sst	65569	e0a52dd7070b3bca3c232fdb815b05c29c8bfba2	2020-12-22T21:18:54Z	EE+NeoEE	setup:EE+NeoEE
file	data\Add-on\HD\terrain\snowtufts_1_1.sst	65569	94204c55e8851384af05a61c9397e000ff1b9c65	2020-12-22T21:18:54Z	EE+NeoEE	setup:EE+NeoEE
file	data\Add-on\HD\terrain\snowtufts_1_2.sst	65569	82e8c38f0d426b0b61bb917708a1612741320d2e	2020-12-22T21:18:54Z	EE+NeoEE	setup:EE+NeoEE
file	data\Add-on\HD\terrain\snowtufts_1_3.sst	65569	054d04e0514b1b9b79dc8033b5d61919aef047bb	2020-12-22T21:18:54Z	EE+NeoEE	setup:EE+NeoEE
file	data\Add-on\HD\terrain\snowtufts_1_4.sst	65569	dc95f9b93186187837ef066ca62d7842293ce9a7	2020-12-22T21:18:54Z	EE+NeoEE	setup:EE+NeoEE
file	data\Add-on\HD\terrain\sparsegrass_1_1.sst	65569	4191a6efb8a37c8588d0a555d53778a6b129da27	2021-03-22T17:01:10Z	EE+NeoEE	setup:EE+NeoEE
file	data\Add-on\HD\terrain\sparsegrass_1_2.sst	65569	7cc72ceceaf73f743b06cf63cbd25761a4a66049	2021-03-22T17:01:10Z	EE+NeoEE	setup:EE+NeoEE
file	data\Add-on\HD\terrain\sparsegrass_1_3.sst	65569	f93cef5dfec63eb8783965a358e5c3f68449e8e1	2021-03-22T17:01:10Z	EE+NeoEE	setup:EE+NeoEE
file	data\Add-on\HD\terrain\sparsegrass_1_4.sst	65569	2b3cc3577de3d6a392d0fe3c1929b48598aea7d5	2021-03-22T17:01:10Z	EE+NeoEE	setup:EE+NeoEE
file	data\Add-on\HD\terrain\tcrackedmud_1_1.sst	65569	6ee1ca3eb5e3bb93890fabd0cc3825daa04ba568	2021-04-05T15:45:46Z	EE+NeoEE	setup:EE+NeoEE
file	data\Add-on\HD\terrain\tcrackedmud_1_2.sst	65569	f16e3fd7504fb0be95f0b9883a3916d99de178a3	2021-04-05T15:45:46Z	EE+NeoEE	setup:EE+NeoEE
file	data\Add-on\HD\terrain\tcrackedmud_1_3.sst	65569	72f2771759d2b3169b6e951981c7d711a078687f	2021-04-05T15:45:46Z	EE+NeoEE	setup:EE+NeoEE
file	data\Add-on\HD\terrain\tcrackedmud_1_4.sst	65569	f680dec52d987784c4bee1f4b8d29d8b9f5ba246	2021-04-05T15:45:46Z	EE+NeoEE	setup:EE+NeoEE
file	data\Add-on\HD\terrain\underwater_1_1.sst	65569	d952e153c9ee727457a31527740febd3d8eb15ea	2021-04-03T20:52:54Z	EE+NeoEE	setup:EE+NeoEE
file	data\Add-on\HD\terrain\underwater_1_2.sst	65569	9f1695faddb72f93415df6171da303fe450d5061	2021-04-03T20:52:54Z	EE+NeoEE	setup:EE+NeoEE
file	data\Add-on\HD\terrain\underwater_1_3.sst	65569	8735c1820f98d295d5399fd308987fb27f089664	2021-04-03T20:52:54Z	EE+NeoEE	setup:EE+NeoEE
file	data\Add-on\HD\terrain\underwater_1_4.sst	65569	60e26139db1f1a3bef61f996fec74283d664c186	2021-04-03T20:52:54Z	EE+NeoEE	setup:EE+NeoEE
file	data\Add-on\Movies\AoC\MadDocSoftware.bik	3041148	20690285ddbd53d53765340798d2523da0523138	2002-08-20T10:50:30Z	EE+NeoEE	setup:EE+NeoEE
file	data\Add-on\Movies\AoC\Sierra.bik	6476976	a01890e15dd1ec0e17a196a77bdfd52a0ad6b872	2002-08-20T10:50:32Z	EE+NeoEE	setup:EE+NeoEE
file	data\Add-on\Movies\EE\Empire Earth.bik	13844920	c005c5eb9505e24f64895f1cf981b7749cf1a406	2001-10-12T15:19:10Z	EE+NeoEE	setup:EE+NeoEE
file	data\Add-on\Movies\EE\Sierra.bik	1596912	185949a06b4b1843714b963c9576aac9ae35f02e	2001-10-12T15:19:12Z	EE+NeoEE	setup:EE+NeoEE
file	data\Add-on\Movies\EE\SSSI.bik	2348212	d0bbef1b4855f4351b4bdac15831f90c78d178c6	2001-10-12T15:19:16Z	EE+NeoEE	setup:EE+NeoEE
file	data\Add-on\RMS\NeoExtra\_Dryterranean.rmv	6629	08730a0bb7f5c7d735c76dcaf91d74e9a903c273	2023-05-31T15:10:18Z	EE+NeoEE	setup:EE+NeoEE
file	data\Add-on\RMS\NeoExtra\_Drytinental.rmv	6388	77cdaadd5b9a5212584618b46c258e100cb9c74e	2023-05-31T15:10:18Z	EE+NeoEE	setup:EE+NeoEE
file	data\Add-on\RMS\NeoExtra\_Large Oases.rmv	6456	22e9fdc4b946e30ae374c4e7def526a946661da5	2023-05-31T15:10:18Z	EE+NeoEE	setup:EE+NeoEE
file	data\Add-on\RMS\NeoExtra\_Neo 1v1 Map Pool.rmv	57847	370f1664db2d2ef15461b94cf59b4dd46818b3be	2023-05-31T15:10:18Z	EE+NeoEE	setup:EE+NeoEE
file	data\Add-on\RMS\NeoExtra\_Neo Continental.rmv	6445	8e237ae2fbe030bff23533d04141da931b56422c	2023-05-31T15:10:18Z	EE+NeoEE	setup:EE+NeoEE
file	data\Add-on\RMS\NeoExtra\_Neo DuPlains.rmv	6554	f6bf6f706930e1246e7f4448cad66905f11692f9	2023-05-31T15:10:18Z	EE+NeoEE	setup:EE+NeoEE
file	data\Add-on\RMS\NeoExtra\_Neo Large Islands.rmv	6720	cfa745c0d37d027ad34fa17b35453ad07aee8f17	2023-05-31T15:10:18Z	EE+NeoEE	setup:EE+NeoEE
file	data\Add-on\RMS\NeoExtra\_Neo Mediterranean.rmv	6766	47b12337ce40a9d16a55eb2604211990389f779d	2023-07-23T08:41:30Z	EE+NeoEE	setup:EE+NeoEE
file	data\Add-on\RMS\NeoExtra\_Neo Plains.rmv	6480	999245aea47043039967ad3defc85360cf02768a	2023-05-31T15:10:18Z	EE+NeoEE	setup:EE+NeoEE
file	data\Add-on\RMS\NeoExtra\_Neo Savannah.rmv	6530	1b774703b1ff554590ccd81616de4158fc0e4d38	2023-05-31T15:10:18Z	EE+NeoEE	setup:EE+NeoEE
file	data\Add-on\RMS\NeoExtra\_Small Oases.rmv	6448	3a468b95dbc7487bea860cbef5b1da492c869c97	2023-05-31T15:10:18Z	EE+NeoEE	setup:EE+NeoEE
file	data\Add-on\RMS\NeoExtra\_zzPerfect Island3.rmv	6919	77d4869eab52a4dc9aa4c13c6cf9eae5eef08d3e	2020-07-09T20:49:46Z	EE+NeoEE	setup:EE+NeoEE
file	data\Add-on\RMS\NeoExtra\_zzPerfect Island4.rmv	6919	5a3c527fae817aca55d53b45b2c2be9b926d6841	2020-07-09T20:49:54Z	EE+NeoEE	setup:EE+NeoEE
file	data\Add-on\RMS\NeoExtra\Common\Dry Map Climate.rmv	509	d8ead05a89b720ae9272ce6582468b86e51aee52	2023-05-31T15:10:18Z	EE+NeoEE	setup:EE+NeoEE
file	data\Add-on\RMS\NeoExtra\Common\Neo Common Initial Units.rmv	6924	b800939de734afbbf5c3c29289a79091e9b60263	2023-11-23T19:15:56Z	EE+NeoEE	setup:EE+NeoEE
file	data\Add-on\RMS\NeoExtra\Common\Neo Map Climate.rmv	513	33c68980b30f387a206087287ed8fbbdcce8fbf3	2023-05-31T15:10:18Z	EE+NeoEE	setup:EE+NeoEE
file	data\Add-on\RMS\NeoExtra\Common\Savannah Common Initial Units.rmv	6778	a7b45cc8b477cadd4e179d7c149722dd135fb31e	2023-05-31T15:10:18Z	EE+NeoEE	setup:EE+NeoEE
file	data\Add-on\RMS\NeoExtra\Dryterranean\Dryterranean Gigantic.rmv	52846	a2df028430e1467e10704a7b26a97dbe21438d58	2023-05-31T15:10:18Z	EE+NeoEE	setup:EE+NeoEE
file	data\Add-on\RMS\NeoExtra\Dryterranean\Dryterranean Huge.rmv	52970	420e74d5b49d3b5ce9f9c75e0af9d49a80b45cbf	2023-05-31T15:10:18Z	EE+NeoEE	setup:EE+NeoEE
file	data\Add-on\RMS\NeoExtra\Dryterranean\Dryterranean Large.rmv	53263	1ed55c31a903ba2d325033cbd1f3bbb36b751b86	2023-05-31T15:10:18Z	EE+NeoEE	setup:EE+NeoEE
file	data\Add-on\RMS\NeoExtra\Dryterranean\Dryterranean Medium.rmv	52884	cd04ecaaa9fd8066b6506a3405fe69ea282e6fb7	2023-05-31T15:10:18Z	EE+NeoEE	setup:EE+NeoEE
file	data\Add-on\RMS\NeoExtra\Dryterranean\Dryterranean Small.rmv	52770	9e6a95018fb91a4425e79f86ee5a462531e28657	2023-05-31T15:10:18Z	EE+NeoEE	setup:EE+NeoEE
file	data\Add-on\RMS\NeoExtra\Dryterranean\Dryterranean Tiny.rmv	51995	12249629cd0a4a9f23e6dc0765ec120bbfbdf447	2023-05-31T15:10:18Z	EE+NeoEE	setup:EE+NeoEE
file	data\Add-on\RMS\NeoExtra\Drytinental\Drytinental Gigantic.rmv	51885	156ce427a424df73abdd6636e6532af94f05b398	2023-05-31T15:10:18Z	EE+NeoEE	setup:EE+NeoEE
file	data\Add-on\RMS\NeoExtra\Drytinental\Drytinental Huge.rmv	52059	f8ee48aafc562c85ad2059dd464ebecf2c075a4e	2023-05-31T15:10:18Z	EE+NeoEE	setup:EE+NeoEE
file	data\Add-on\RMS\NeoExtra\Drytinental\Drytinental Large.rmv	51517	c78c633f803e1836225a82f5220bb559db9d8e74	2023-05-31T15:10:18Z	EE+NeoEE	setup:EE+NeoEE
file	data\Add-on\RMS\NeoExtra\Drytinental\Drytinental Medium.rmv	51313	22f4b193981c0449224641d8f088da6dec733dff	2023-05-31T15:10:18Z	EE+NeoEE	setup:EE+NeoEE
file	data\Add-on\RMS\NeoExtra\Drytinental\Drytinental Small.rmv	51100	8c2fc4aac348d351e6aa47319ee364bb40c7b6a8	2023-05-31T15:10:18Z	EE+NeoEE	setup:EE+NeoEE
file	data\Add-on\RMS\NeoExtra\Drytinental\Drytinental Tiny.rmv	51209	7e25d4d724630785c5f47dc4f9d85f65934d7bbf	2023-05-31T15:10:18Z	EE+NeoEE	setup:EE+NeoEE
file	data\Add-on\RMS\NeoExtra\Large Oases\Large Oases Gigantic.rmv	52996	13f17829f8cfdf6d28bdad5f4efbce411a02d10c	2023-05-31T15:10:18Z	EE+NeoEE	setup:EE+NeoEE
file	data\Add-on\RMS\NeoExtra\Large Oases\Large Oases Huge.rmv	52936	16aae94084d108b8215509e9f5edd1c6cc934127	2023-05-31T15:10:18Z	EE+NeoEE	setup:EE+NeoEE
file	data\Add-on\RMS\NeoExtra\Large Oases\Large Oases Large.rmv	52881	abff4bc219cba6b8e161ae0d90f52c1598a6f48c	2023-05-31T15:10:18Z	EE+NeoEE	setup:EE+NeoEE
file	data\Add-on\RMS\NeoExtra\Large Oases\Large Oases Medium.rmv	52871	b0bb236c9795ed6bd51b25ec33ee901bc689eae6	2023-05-31T15:10:18Z	EE+NeoEE	setup:EE+NeoEE
file	data\Add-on\RMS\NeoExtra\Large Oases\Large Oases Small.rmv	52892	eca95edbe1df7632de08a2ab6553749ea101ef81	2023-05-31T15:10:18Z	EE+NeoEE	setup:EE+NeoEE
file	data\Add-on\RMS\NeoExtra\Large Oases\Large Oases Tiny.rmv	52757	626e4532295450a7a7a22770708787ef2b387e47	2023-05-31T15:10:18Z	EE+NeoEE	setup:EE+NeoEE
file	data\Add-on\RMS\NeoExtra\Neo Continental\Neo Continental Gigantic.rmv	51885	3d58bc1f019b3332f9395cf6f2f2fc93bb64e33a	2023-05-31T15:10:18Z	EE+NeoEE	setup:EE+NeoEE
file	data\Add-on\RMS\NeoExtra\Neo Continental\Neo Continental Huge.rmv	52057	da9368485f74f170d92ff53b945a4a6385ccf9f0	2023-05-31T15:10:18Z	EE+NeoEE	setup:EE+NeoEE
file	data\Add-on\RMS\NeoExtra\Neo Continental\Neo Continental Large.rmv	51515	ca4186428aab78daba6322aee1529d464848517b	2023-05-31T15:10:18Z	EE+NeoEE	setup:EE+NeoEE
file	data\Add-on\RMS\NeoExtra\Neo Continental\Neo Continental Medium.rmv	51311	e6f856ca6b457a92946c993ce1554b0ef81c5a55	2023-05-31T15:10:18Z	EE+NeoEE	setup:EE+NeoEE
file	data\Add-on\RMS\NeoExtra\Neo Continental\Neo Continental Small.rmv	51098	5828d28eacc677768352df822cc8d41ef4e3cbf4	2023-05-31T15:10:18Z	EE+NeoEE	setup:EE+NeoEE
file	data\Add-on\RMS\NeoExtra\Neo Continental\Neo Continental Tiny.rmv	51211	2513ebed7942d7d2f19862257273122b6d26e3fc	2023-05-31T15:10:18Z	EE+NeoEE	setup:EE+NeoEE
file	data\Add-on\RMS\NeoExtra\Neo Large Islands\Neo Large Islands Gigantic.rmv	52640	ad0be495e30cadb45a5b0f45b140394a8be2bee6	2023-05-31T15:10:18Z	EE+NeoEE	setup:EE+NeoEE
file	data\Add-on\RMS\NeoExtra\Neo Large Islands\Neo Large Islands Huge.rmv	52580	3d4d94f282b35154ab32d60696714b19451dd370	2023-05-31T15:10:18Z	EE+NeoEE	setup:EE+NeoEE
file	data\Add-on\RMS\NeoExtra\Neo Large Islands\Neo Large Islands Large.rmv	52525	f4ec8b2076ab35edb866d5a3df37105cefb18512	2023-05-31T15:10:18Z	EE+NeoEE	setup:EE+NeoEE
file	data\Add-on\RMS\NeoExtra\Neo Large Islands\Neo Large Islands Medium.rmv	52515	bf88b1e9ec78d268b9de985dbb22fc6ede445825	2023-05-31T15:10:18Z	EE+NeoEE	setup:EE+NeoEE
file	data\Add-on\RMS\NeoExtra\Neo Large Islands\Neo Large Islands Small.rmv	52529	72c8f827473635712cb00bcc970fdd0031607fc8	2023-05-31T15:10:18Z	EE+NeoEE	setup:EE+NeoEE
file	data\Add-on\RMS\NeoExtra\Neo Large Islands\Neo Large Islands Tiny.rmv	52394	180c4e79289a5c3abda95b8ee4e0360b2ff95c7e	2023-05-31T15:10:18Z	EE+NeoEE	setup:EE+NeoEE
file	data\Add-on\RMS\NeoExtra\Neo Mediterranean\Neo Mediterranean Gigantic.rmv	52788	130ecc311c24db811385594d71b08477a419b308	2023-05-31T15:10:18Z	EE+NeoEE	setup:EE+NeoEE
file	data\Add-on\RMS\NeoExtra\Neo Mediterranean\Neo Mediterranean Huge.rmv	53916	89adca7200e4f915da17730ffea11697f5dcf435	2023-07-29T16:03:52Z	EE+NeoEE	setup:EE+NeoEE
file	data\Add-on\RMS\NeoExtra\Neo Mediterranean\Neo Mediterranean Large.rmv	53977	96cbce8227bd30929e6db183d065d776adbecb83	2023-11-30T00:59:24Z	EE+NeoEE	setup:EE+NeoEE
file	data\Add-on\RMS\NeoExtra\Neo Mediterranean\Neo Mediterranean Medium.rmv	52826	6956dc053125993bfce921767e8a9addef471066	2023-05-31T15:10:18Z	EE+NeoEE	setup:EE+NeoEE
file	data\Add-on\RMS\NeoExtra\Neo Mediterranean\Neo Mediterranean Small.rmv	52712	260a18b51728e240004eb5a2cca4a2e43abb4629	2023-05-31T15:10:18Z	EE+NeoEE	setup:EE+NeoEE
file	data\Add-on\RMS\NeoExtra\Neo Mediterranean\Neo Mediterranean Tiny.rmv	51937	942cd7d76f7353981e3f1e3c5976c8b251ec2d8b	2023-05-31T15:10:18Z	EE+NeoEE	setup:EE+NeoEE
file	data\Add-on\RMS\NeoExtra\Neo Mediterranean\Neo Mediterranean XLarge.rmv	53207	9eb77f160517df8c233423e2f93cdb3aa9d9d7b7	2023-07-23T08:43:10Z	EE+NeoEE	setup:EE+NeoEE
file	data\Add-on\RMS\NeoExtra\Neo Plains\Neo Plains Gigantic.rmv	55486	17b982e41661bed87a1a93cf64a303f3796acee1	2023-05-31T15:10:18Z	EE+NeoEE	setup:EE+NeoEE
file	data\Add-on\RMS\NeoExtra\Neo Plains\Neo Plains Huge.rmv	51596	1b612aea5041aabf4416e2eee8e4264e3724ed9f	2023-05-31T15:10:18Z	EE+NeoEE	setup:EE+NeoEE
file	data\Add-on\RMS\NeoExtra\Neo Plains\Neo Plains Large.rmv	51134	afb09404bd6dd6a8fa6f02810fd8de19e95d186d	2023-05-31T15:10:18Z	EE+NeoEE	setup:EE+NeoEE
file	data\Add-on\RMS\NeoExtra\Neo Plains\Neo Plains Medium.rmv	52060	0c3d5ff5a8086678ed3f2e114895748c13c680fe	2023-05-31T15:10:18Z	EE+NeoEE	setup:EE+NeoEE
file	data\Add-on\RMS\NeoExtra\Neo Plains\Neo Plains Small.rmv	51256	6c36f5999c1f10be5c8aa6b3d36e0c430f92b840	2023-05-31T15:10:18Z	EE+NeoEE	setup:EE+NeoEE
file	data\Add-on\RMS\NeoExtra\Neo Plains\Neo Plains Tiny.rmv	53696	05183ff10ed6d784862cabf358e90038033c48e7	2023-05-31T15:10:18Z	EE+NeoEE	setup:EE+NeoEE
file	data\Add-on\RMS\NeoExtra\Neo Savannah\Savannah Gigantic.rmv	55493	d74950b34198e7ae36638b188e3e7450d422ebc5	2023-05-31T15:10:18Z	EE+NeoEE	setup:EE+NeoEE
file	data\Add-on\RMS\NeoExtra\Neo Savannah\Savannah Huge.rmv	51603	338ec95ee14484fa2cac93be9c5d907d97d4086d	2023-05-31T15:10:18Z	EE+NeoEE	setup:EE+NeoEE
file	data\Add-on\RMS\NeoExtra\Neo Savannah\Savannah Large.rmv	51134	afb09404bd6dd6a8fa6f02810fd8de19e95d186d	2023-05-31T15:10:18Z	EE+NeoEE	setup:EE+NeoEE
file	data\Add-on\RMS\NeoExtra\Neo Savannah\Savannah Medium.rmv	52060	0c3d5ff5a8086678ed3f2e114895748c13c680fe	2023-05-31T15:10:18Z	EE+NeoEE	setup:EE+NeoEE
file	data\Add-on\RMS\NeoExtra\Neo Savannah\Savannah Small.rmv	51256	6c36f5999c1f10be5c8aa6b3d36e0c430f92b840	2023-05-31T15:10:18Z	EE+NeoEE	setup:EE+NeoEE
file	data\Add-on\RMS\NeoExtra\Neo Savannah\Savannah Tiny.rmv	53696	05183ff10ed6d784862cabf358e90038033c48e7	2023-05-31T15:10:18Z	EE+NeoEE	setup:EE+NeoEE
file	data\Add-on\RMS\NeoExtra\Perfect Islands\Perfect Islands3 Gigantic.rmv	52640	921eac1576f5b4fd7a2f8851036bd26b248b464c	2020-07-09T20:47:28Z	EE+NeoEE	setup:EE+NeoEE
file	data\Add-on\RMS\NeoExtra\Perfect Islands\Perfect Islands3 Huge.rmv	52627	bcaf246c1f1c5e70aaa272ddc94337078a68cf7b	2020-07-09T20:47:32Z	EE+NeoEE	setup:EE+NeoEE
file	data\Add-on\RMS\NeoExtra\Perfect Islands\perfect Islands3 Large.rmv	52809	c80e213f929a1947af26cd9a42425d5baeab0d30	2020-10-11T13:59:06Z	EE+NeoEE	setup:EE+NeoEE
file	data\Add-on\RMS\NeoExtra\Perfect Islands\Perfect Islands3 Medium.rmv	52619	bd05e53af4e9816b7e1f43cd04aa96c1e0b3908d	2020-07-09T20:47:42Z	EE+NeoEE	setup:EE+NeoEE
file	data\Add-on\RMS\NeoExtra\Perfect Islands\Perfect Islands3 Small.rmv	52632	1a09251a73c9c3bf122ee1e329468a9578669fd6	2020-07-09T20:47:46Z	EE+NeoEE	setup:EE+NeoEE
file	data\Add-on\RMS\NeoExtra\Perfect Islands\Perfect Islands3 Tiny.rmv	52499	0c6a31a24e254cdeecc18c70ab3c3bb0b0e998b2	2020-07-09T20:48:06Z	EE+NeoEE	setup:EE+NeoEE
file	data\Add-on\RMS\NeoExtra\Perfect Islands\Perfect Islands4 Gigantic.rmv	52640	921eac1576f5b4fd7a2f8851036bd26b248b464c	2020-07-09T20:48:12Z	EE+NeoEE	setup:EE+NeoEE
file	data\Add-on\RMS\NeoExtra\Perfect Islands\Perfect Islands4 Huge.rmv	52627	bcaf246c1f1c5e70aaa272ddc94337078a68cf7b	2020-07-09T20:47:06Z	EE+NeoEE	setup:EE+NeoEE
file	data\Add-on\RMS\NeoExtra\Perfect Islands\perfect Islands4 Large.rmv	52913	c3d26a1bc045f49cb3dcec532cabf46c5e42f8b7	2020-10-11T14:02:50Z	EE+NeoEE	setup:EE+NeoEE
file	data\Add-on\RMS\NeoExtra\Perfect Islands\Perfect Islands4 Medium.rmv	52506	860081394fc2761955341d8a51e2ede4a280f684	2020-07-09T20:47:16Z	EE+NeoEE	setup:EE+NeoEE
file	data\Add-on\RMS\NeoExtra\Perfect Islands\Perfect Islands4 Small.rmv	52632	52a8fcdbe65262a472caa1d51a34ff8052ed11ee	2020-07-09T20:47:20Z	EE+NeoEE	setup:EE+NeoEE
file	data\Add-on\RMS\NeoExtra\Perfect Islands\Perfect Islands4 Tiny.rmv	52498	e8ef8ab000fac27b2736dbe2be67982641ec90c9	2020-07-09T20:47:24Z	EE+NeoEE	setup:EE+NeoEE
file	data\Add-on\RMS\NeoExtra\Small Oases\Small Oases Gigantic.rmv	54667	2f4cfb0f3efc63760195d199fbc4b7c9ce514ad8	2023-05-31T15:10:18Z	EE+NeoEE	setup:EE+NeoEE
file	data\Add-on\RMS\NeoExtra\Small Oases\Small Oases Huge.rmv	54409	510c51bd94440c653b41308e0fb85b1dc410853c	2023-05-31T15:10:18Z	EE+NeoEE	setup:EE+NeoEE
file	data\Add-on\RMS\NeoExtra\Small Oases\Small Oases Large.rmv	54341	b27c50a7215eeca812afbeff814ced4b9f5dc55f	2023-05-31T15:10:18Z	EE+NeoEE	setup:EE+NeoEE
file	data\Add-on\RMS\NeoExtra\Small Oases\Small Oases Medium.rmv	54309	78b1c402d7412d88a914ec0375e520b28b722538	2023-05-31T15:10:18Z	EE+NeoEE	setup:EE+NeoEE
file	data\Add-on\RMS\NeoExtra\Small Oases\Small Oases Small.rmv	54368	225a8ad19c2791480dca225ec27e5c30f43a9d6a	2023-05-31T15:10:18Z	EE+NeoEE	setup:EE+NeoEE
file	data\Add-on\RMS\NeoExtra\Small Oases\Small Oases Tiny.rmv	54140	74163f066b0f1140031e6f491a5459af929f1bc3	2023-05-31T15:10:18Z	EE+NeoEE	setup:EE+NeoEE
file	data\Add-on\RMS\Omega\AoC\_New Plains.rmv	6804	a623c8e55b2c113f98c3db58d9c68ae8d03d8c49	2011-09-14T18:11:38Z	EE+NeoEE	setup:EE+NeoEE
file	data\Add-on\RMS\Omega\AoC\_No Resources.rmv	6782	23b5ba60feb75a146e113f2a354d6f6d8f1ca43b	2011-09-14T18:11:24Z	EE+NeoEE	setup:EE+NeoEE
file	data\Add-on\RMS\Omega\AoC\_Twisted For Grens.rmv	58538	7fe96401e40e122933547c71dfe8277498f377a7	2009-05-19T18:48:44Z	EE+NeoEE	setup:EE+NeoEE
file	data\Add-on\RMS\Omega\AoC\_X.rmv	6988	4c20be48f658994f7a515023cd11bf7efae7795a	2009-02-23T20:07:14Z	EE+NeoEE	setup:EE+NeoEE
file	data\Add-on\RMS\Omega\AoC\_Z.rmv	6988	c8b04765abf0a7321a4d6efdc69d87a674be1ede	2009-02-24T13:24:34Z	EE+NeoEE	setup:EE+NeoEE
file	data\Add-on\RMS\Omega\AoC\No Resource\NR Gigantic.rmv	54586	3e4b2e14cd3e7c62082e263576ac7ffbce9de02c	2011-09-12T18:41:06Z	EE+NeoEE	setup:EE+NeoEE
file	data\Add-on\RMS\Omega\AoC\No Resource\NR Huge.rmv	50213	ef7ac7052880492301639acdce4c64074b421708	2011-09-12T18:39:28Z	EE+NeoEE	setup:EE+NeoEE
file	data\Add-on\RMS\Omega\AoC\No Resource\NR Large.rmv	50351	01ba35d67bb27477f2c9bc2b2f04c67efb35a8e7	2011-09-12T18:35:00Z	EE+NeoEE	setup:EE+NeoEE
file	data\Add-on\RMS\Omega\AoC\No Resource\NR Medium.rmv	50447	220e4c4acbfb0d37aba7f7206a6e5395680edfe0	2011-09-12T18:37:08Z	EE+NeoEE	setup:EE+NeoEE
file	data\Add-on\RMS\Omega\AoC\No Resource\NR Small.rmv	50045	a78493b6e03069522918ffa80e46cd149cb6768c	2011-09-12T18:26:42Z	EE+NeoEE	setup:EE+NeoEE
file	data\Add-on\RMS\Omega\AoC\No Resource\NR Tiny.rmv	51551	1109380efe5c28f59218a3096c59ee64f5d31bd4	2011-09-12T18:23:42Z	EE+NeoEE	setup:EE+NeoEE
file	data\Add-on\RMS\Omega\AoC\Plains Cobra\Plains Gigantic.rmv	55466	d44534b65e9f381ee9881136bda35f9c8ead2400	2011-09-12T17:47:46Z	EE+NeoEE	setup:EE+NeoEE
file	data\Add-on\RMS\Omega\AoC\Plains Cobra\Plains Huge.rmv	51530	f37aafd58184c54d02f3c0b75d9957e0b94776cc	2011-09-12T17:47:30Z	EE+NeoEE	setup:EE+NeoEE
file	data\Add-on\RMS\Omega\AoC\Plains Cobra\Plains Large.rmv	51021	23f249d9eceed8c9e5676880936b95371d25ccab	2011-09-12T17:47:18Z	EE+NeoEE	setup:EE+NeoEE
file	data\Add-on\RMS\Omega\AoC\Plains Cobra\Plains Medium.rmv	51633	5e6c6bec3361f9d68a675781faffc13ff3deb136	2011-09-12T17:47:12Z	EE+NeoEE	setup:EE+NeoEE
file	data\Add-on\RMS\Omega\AoC\Plains Cobra\Plains Small.rmv	50663	02db52115c88a31d6aa40eb66f6bfefad5460202	2011-09-12T17:47:06Z	EE+NeoEE	setup:EE+NeoEE
file	data\Add-on\RMS\Omega\AoC\Plains Cobra\Plains Tiny.rmv	53525	b21dfbcd178f2063b44daf132a4c4570e473bfab	2011-09-12T17:46:58Z	EE+NeoEE	setup:EE+NeoEE
file	data\Add-on\RMS\Omega\AoC\X\Tournament Islands Gigantic.rmv	25768	96f8a6255d3f3d8e651c67d66de62d6d94170ec4	2009-02-23T12:00:08Z	EE+NeoEE	setup:EE+NeoEE
file	data\Add-on\RMS\Omega\AoC\X\Tournament Islands Huge.rmv	26036	a037609feeb8de544063762ca533802ea060a42e	2009-02-23T20:58:10Z	EE+NeoEE	setup:EE+NeoEE
file	data\Add-on\RMS\Omega\AoC\X\Tournament Islands Large.rmv	25554	8e15dcaad022ddbfdd261a9ddb3c93e1653b9a7e	2009-02-23T20:58:42Z	EE+NeoEE	setup:EE+NeoEE
file	data\Add-on\RMS\Omega\AoC\X\Tournament Islands Medium.rmv	26518	713b3b023ad0682ec338a29843ed2d75331f352e	2009-02-23T21:06:40Z	EE+NeoEE	setup:EE+NeoEE
file	data\Add-on\RMS\Omega\AoC\X\Tournament Islands Small.rmv	25703	b591fde292e060976d87d7da5b8254817f939f10	2009-02-23T20:59:24Z	EE+NeoEE	setup:EE+NeoEE
file	data\Add-on\RMS\Omega\AoC\X\Tournament Islands Tiny.rmv	27889	73d3c608cc7bdcf22f90d0388f423cd2d5a21d3d	2009-02-23T21:00:54Z	EE+NeoEE	setup:EE+NeoEE
file	data\Add-on\RMS\Omega\AoC\X\Tourney Common Initial Units.rmv	7477	13a7e49dbb3f0d4d60f7126751572e48145b42a0	2009-02-23T21:04:24Z	EE+NeoEE	setup:EE+NeoEE
file	data\Add-on\RMS\Omega\AoC\Z\Tournament Islands Gigantic.rmv	26058	7f59939481edd3dd287c035a1e24abf8bcc18144	2009-02-24T13:19:56Z	EE+NeoEE	setup:EE+NeoEE
file	data\Add-on\RMS\Omega\AoC\Z\Tournament Islands Huge.rmv	25358	94cd17bdbb68d2e720d21bb4593960738264e107	2009-02-24T13:07:50Z	EE+NeoEE	setup:EE+NeoEE
file	data\Add-on\RMS\Omega\AoC\Z\Tournament Islands Large.rmv	25406	29c70f22cfb86639089f575fb1673d46ef4671fd	2009-02-24T13:22:20Z	EE+NeoEE	setup:EE+NeoEE
file	data\Add-on\RMS\Omega\AoC\Z\Tournament Islands Medium.rmv	27207	52a19972317b204fc9bee7b3dc1e31d91322e8e9	2009-02-24T13:23:24Z	EE+NeoEE	setup:EE+NeoEE
file	data\Add-on\RMS\Omega\AoC\Z\Tournament Islands Small.rmv	26119	2d60dea7097322fc046ea05313332b25972ea03d	2009-02-24T11:18:46Z	EE+NeoEE	setup:EE+NeoEE
file	data\Add-on\RMS\Omega\AoC\Z\Tournament Islands Tiny.rmv	30912	28a1d7f0db3dd0308d1f58b057345e1a2f4784a0	2009-02-24T12:01:56Z	EE+NeoEE	setup:EE+NeoEE
file	data\Add-on\RMS\Omega\AoC\Z\Tourney Common Initial Units.rmv	7496	d495479cc64906b3b0e6121e77d9868fd9104db2	2009-02-24T10:36:28Z	EE+NeoEE	setup:EE+NeoEE
file	data\Add-on\RMS\Omega\EE\_New Plains.rmv	6804	a623c8e55b2c113f98c3db58d9c68ae8d03d8c49	2011-09-14T18:11:38Z	EE+NeoEE	setup:EE+NeoEE
file	data\Add-on\RMS\Omega\EE\_No Resources.rmv	6782	23b5ba60feb75a146e113f2a354d6f6d8f1ca43b	2011-09-14T18:11:24Z	EE+NeoEE	setup:EE+NeoEE
file	data\Add-on\RMS\Omega\EE\_Tortured Rivers.rmv	6299	9ac9f653a2808a4f6de93ba80e7d720411364798	2009-03-24T15:39:10Z	EE+NeoEE	setup:EE+NeoEE
file	data\Add-on\RMS\Omega\EE\_Tunisia Oasis.rmv	5627	7a91c7bfcd12bae615124ac6a3a03f1919ce9f22	2009-06-30T10:20:42Z	EE+NeoEE	setup:EE+NeoEE
file	data\Add-on\RMS\Omega\EE\_Tweek My CA Micro.rmv	5622	a9758633db3366c0ace466c1f4597f595352a79d	2009-03-12T10:58:34Z	EE+NeoEE	setup:EE+NeoEE
file	data\Add-on\RMS\Omega\EE\_Twisted For Grens.rmv	58538	7fe96401e40e122933547c71dfe8277498f377a7	2009-05-19T18:48:44Z	EE+NeoEE	setup:EE+NeoEE
file	data\Add-on\RMS\Omega\EE\_Uniquely Random.rmv	72469	4560150de87466d9a17e501d6fcdcd762b32e491	2009-08-06T10:29:44Z	EE+NeoEE	setup:EE+NeoEE
file	data\Add-on\RMS\Omega\EE\_Vicious Isthmi.rmv	5830	751b82dc4f0c45837949b402482642ec4609638d	2009-03-27T19:37:44Z	EE+NeoEE	setup:EE+NeoEE
file	data\Add-on\RMS\Omega\EE\_X.rmv	6988	4c20be48f658994f7a515023cd11bf7efae7795a	2009-02-23T20:07:14Z	EE+NeoEE	setup:EE+NeoEE
file	data\Add-on\RMS\Omega\EE\_Z.rmv	6988	c8b04765abf0a7321a4d6efdc69d87a674be1ede	2009-02-24T13:24:34Z	EE+NeoEE	setup:EE+NeoEE
file	data\Add-on\RMS\Omega\EE\_zBG_Death Gulch.rmv	18995	f56aefb536a7f77506bc90c3222d1793c8095efd	2008-11-30T18:45:40Z	EE+NeoEE	setup:EE+NeoEE
file	data\Add-on\RMS\Omega\EE\_zContinents-DrOrange.rmv	10015	723126fdf240c2af3b3e2e6ded4b62dcdcd5c715	2008-12-07T19:08:46Z	EE+NeoEE	setup:EE+NeoEE
file	data\Add-on\RMS\Omega\EE\_zRandom Islands.rmv	37271	436be71a738e2c8e99f483a26c20c0b9e12f756b	2009-08-05T21:24:18Z	EE+NeoEE	setup:EE+NeoEE
file	data\Add-on\RMS\Omega\EE\_zRandom Land.rmv	72467	a5a4c2b7902ac995b1af62e8b2f3ea9e935a6cd2	2009-08-06T10:54:00Z	EE+NeoEE	setup:EE+NeoEE
file	data\Add-on\RMS\Omega\EE\_zTropic Island.rmv	5859	9a7411f67065950f5d5442d09c1db99a3420658d	2009-12-25T15:14:48Z	EE+NeoEE	setup:EE+NeoEE
file	data\Add-on\RMS\Omega\EE\CA Micro\Common Forests.rmv	2050	fde9017ae3cee956d5dc564db77999967e6421ed	2009-03-12T10:58:34Z	EE+NeoEE	setup:EE+NeoEE
file	data\Add-on\RMS\Omega\EE\CA Micro\Map Climate.rmv	305	b089216b635279b736c27e8347354978d54803f4	2009-03-12T10:58:34Z	EE+NeoEE	setup:EE+NeoEE
file	data\Add-on\RMS\Omega\EE\CA Micro\Plains Gigantic.rmv	24186	9d8c5b3bde84228074e316b863e6194892db4c72	2009-03-12T10:58:34Z	EE+NeoEE	setup:EE+NeoEE
file	data\Add-on\RMS\Omega\EE\CA Micro\Plains Huge.rmv	24509	dabd8142d63580841679beb64454be5a16643872	2009-03-12T10:58:34Z	EE+NeoEE	setup:EE+NeoEE
file	data\Add-on\RMS\Omega\EE\CA Micro\Plains Large.rmv	24309	3a075df9a155e94f76335b71b3dfa8b9686bae1c	2009-03-12T10:58:34Z	EE+NeoEE	setup:EE+NeoEE
file	data\Add-on\RMS\Omega\EE\CA Micro\Plains Medium.rmv	23676	e85dd68db36f2a7d8bd419fe9c5656e028addc3a	2009-03-12T10:58:34Z	EE+NeoEE	setup:EE+NeoEE
file	data\Add-on\RMS\Omega\EE\CA Micro\Plains Small.rmv	23875	35684612a4f634aed159b0ee95e51dac3b00f302	2009-03-12T10:58:34Z	EE+NeoEE	setup:EE+NeoEE
file	data\Add-on\RMS\Omega\EE\CA Micro\Plains Tiny.rmv	25232	423b6d5e654739d59f89a60155653d63516d35c0	2009-03-12T10:58:34Z	EE+NeoEE	setup:EE+NeoEE
file	data\Add-on\RMS\Omega\EE\CA Micro\Tourney Common Initial Units.rmv	6625	b43bad0134d3027ff1d64157c58883da750ff9f8	2009-03-13T08:58:46Z	EE+NeoEE	setup:EE+NeoEE
file	data\Add-on\RMS\Omega\EE\No Resource\NR Gigantic.rmv	54586	3e4b2e14cd3e7c62082e263576ac7ffbce9de02c	2011-09-12T18:41:06Z	EE+NeoEE	setup:EE+NeoEE
file	data\Add-on\RMS\Omega\EE\No Resource\NR Huge.rmv	50213	ef7ac7052880492301639acdce4c64074b421708	2011-09-12T18:39:28Z	EE+NeoEE	setup:EE+NeoEE
file	data\Add-on\RMS\Omega\EE\No Resource\NR Large.rmv	50351	01ba35d67bb27477f2c9bc2b2f04c67efb35a8e7	2011-09-12T18:35:00Z	EE+NeoEE	setup:EE+NeoEE
file	data\Add-on\RMS\Omega\EE\No Resource\NR Medium.rmv	50447	220e4c4acbfb0d37aba7f7206a6e5395680edfe0	2011-09-12T18:37:08Z	EE+NeoEE	setup:EE+NeoEE
file	data\Add-on\RMS\Omega\EE\No Resource\NR Small.rmv	50045	a78493b6e03069522918ffa80e46cd149cb6768c	2011-09-12T18:26:42Z	EE+NeoEE	setup:EE+NeoEE
file	data\Add-on\RMS\Omega\EE\No Resource\NR Tiny.rmv	51551	1109380efe5c28f59218a3096c59ee64f5d31bd4	2011-09-12T18:23:42Z	EE+NeoEE	setup:EE+NeoEE
file	data\Add-on\RMS\Omega\EE\Plains Cobra\Plains Gigantic.rmv	55466	d44534b65e9f381ee9881136bda35f9c8ead2400	2011-09-12T17:47:46Z	EE+NeoEE	setup:EE+NeoEE
file	data\Add-on\RMS\Omega\EE\Plains Cobra\Plains Huge.rmv	51530	f37aafd58184c54d02f3c0b75d9957e0b94776cc	2011-09-12T17:47:30Z	EE+NeoEE	setup:EE+NeoEE
file	data\Add-on\RMS\Omega\EE\Plains Cobra\Plains Large.rmv	51021	23f249d9eceed8c9e5676880936b95371d25ccab	2011-09-12T17:47:18Z	EE+NeoEE	setup:EE+NeoEE
file	data\Add-on\RMS\Omega\EE\Plains Cobra\Plains Medium.rmv	51633	5e6c6bec3361f9d68a675781faffc13ff3deb136	2011-09-12T17:47:12Z	EE+NeoEE	setup:EE+NeoEE
file	data\Add-on\RMS\Omega\EE\Plains Cobra\Plains Small.rmv	50663	02db52115c88a31d6aa40eb66f6bfefad5460202	2011-09-12T17:47:06Z	EE+NeoEE	setup:EE+NeoEE
file	data\Add-on\RMS\Omega\EE\Plains Cobra\Plains Tiny.rmv	53525	b21dfbcd178f2063b44daf132a4c4570e473bfab	2011-09-12T17:46:58Z	EE+NeoEE	setup:EE+NeoEE
file	data\Add-on\RMS\Omega\EE\Rivers\Rivers Gigantic.rmv	24883	e7888a96585b75118e8cf03f9ff7abceb5e877f4	2009-03-24T16:54:36Z	EE+NeoEE	setup:EE+NeoEE
file	data\Add-on\RMS\Omega\EE\Rivers\Rivers Huge.rmv	24925	074a06a38c6bb703cff4f9584c1f80e4556b4d27	2009-03-24T16:54:44Z	EE+NeoEE	setup:EE+NeoEE
file	data\Add-on\RMS\Omega\EE\Rivers\Rivers Large.rmv	24933	c416ff9ced513b9b1fd56cd95360f0cebc8fb950	2009-03-24T16:54:54Z	EE+NeoEE	setup:EE+NeoEE
file	data\Add-on\RMS\Omega\EE\Rivers\Rivers Medium.rmv	24689	77bd0187fe02b7315c550a1eff8eb8adc92d5128	2009-03-24T16:55:02Z	EE+NeoEE	setup:EE+NeoEE
file	data\Add-on\RMS\Omega\EE\Rivers\Rivers Small.rmv	24929	c40215cceb9a6a5c1071372d6e388c108cbd3926	2009-03-24T16:55:12Z	EE+NeoEE	setup:EE+NeoEE
file	data\Add-on\RMS\Omega\EE\Rivers\Rivers Tiny.rmv	24596	e39cefbdcd09cd192d20f5df963b8e43d00c66a2	2009-03-24T16:55:22Z	EE+NeoEE	setup:EE+NeoEE
file	data\Add-on\RMS\Omega\EE\Tunisia Oasis\Common Conditions.rmv	5796	f202e613a01f63a922c7e70f1c6fec7b74d1fde1	2001-10-12T12:19:16Z	EE+NeoEE	setup:EE+NeoEE
file	data\Add-on\RMS\Omega\EE\Tunisia Oasis\Common Forests.rmv	806	bb33cca000266130570fbd2083c5393604481a4d	2009-06-30T09:46:36Z	EE+NeoEE	setup:EE+NeoEE
file	data\Add-on\RMS\Omega\EE\Tunisia Oasis\Common Terrain Painting.rmv	2262	8902a0429433b8ec260c437f8c6638381d16abd8	2009-06-30T10:38:48Z	EE+NeoEE	setup:EE+NeoEE
file	data\Add-on\RMS\Omega\EE\Tunisia Oasis\Map Climate.rmv	475	ae056b3234cc61f32f789c14d66e856087b5a937	2009-06-30T10:10:54Z	EE+NeoEE	setup:EE+NeoEE
file	data\Add-on\RMS\Omega\EE\Tunisia Oasis\Tourney Common Initial Units.rmv	6650	1fe74f3eb018551c3c7925c8431c1002b4bfb3f4	2009-06-30T11:02:00Z	EE+NeoEE	setup:EE+NeoEE
file	data\Add-on\RMS\Omega\EE\Tunisia Oasis\Tunisia Oasis Gigantic.rmv	25997	5bf01e74d67bc043edef2d8e7f626dc2bb8390a2	2009-06-30T12:16:24Z	EE+NeoEE	setup:EE+NeoEE
file	data\Add-on\RMS\Omega\EE\Tunisia Oasis\Tunisia Oasis Huge.rmv	26181	34feeed4d222952b4377aacebbbd6a129363713a	2009-06-30T12:16:30Z	EE+NeoEE	setup:EE+NeoEE
file	data\Add-on\RMS\Omega\EE\Tunisia Oasis\Tunisia Oasis Large.rmv	25639	2f3ec3bed616c1e94cb85eb1c9f0835703b011b0	2009-06-30T12:14:52Z	EE+NeoEE	setup:EE+NeoEE
file	data\Add-on\RMS\Omega\EE\Tunisia Oasis\Tunisia Oasis Medium.rmv	25449	21f3f2e4c360e6b75ac231513e5f5c5fe69ef5b9	2009-06-30T12:11:58Z	EE+NeoEE	setup:EE+NeoEE
file	data\Add-on\RMS\Omega\EE\Tunisia Oasis\Tunisia Oasis Small.rmv	25232	dc74dda44f95da25b6414f89ad150228a618f71b	2009-06-30T11:59:48Z	EE+NeoEE	setup:EE+NeoEE
file	data\Add-on\RMS\Omega\EE\Tunisia Oasis\Tunisia Oasis Tiny.rmv	25029	4509b4465787768f2dbc01a92003844fe319cc1c	2009-06-30T11:59:24Z	EE+NeoEE	setup:EE+NeoEE
file	data\Add-on\RMS\Omega\EE\Vicious Isthmi\Vicious Isthmi Gigantic.rmv	25078	880464e9f939e45906e4e6cdab13658074d4de42	2009-03-28T06:55:30Z	EE+NeoEE	setup:EE+NeoEE
file	data\Add-on\RMS\Omega\EE\Vicious Isthmi\Vicious Isthmi Huge.rmv	25009	a2a932d79d7c3be47598f9ae50661106e8bb1bee	2009-03-28T06:24:20Z	EE+NeoEE	setup:EE+NeoEE
file	data\Add-on\RMS\Omega\EE\Vicious Isthmi\Vicious Isthmi Large.rmv	25014	17f9febf3d185b2ceb4b21d503847948f990c2b4	2009-03-28T06:23:02Z	EE+NeoEE	setup:EE+NeoEE
file	data\Add-on\RMS\Omega\EE\Vicious Isthmi\Vicious Isthmi Medium.rmv	25011	91835d2395e11bd0fcf81d1cddaa2241f866857d	2009-03-28T06:42:12Z	EE+NeoEE	setup:EE+NeoEE
file	data\Add-on\RMS\Omega\EE\Vicious Isthmi\Vicious Isthmi Small.rmv	25001	128fe40efec11b6e22febb2227232f70adf868fc	2009-03-28T06:37:52Z	EE+NeoEE	setup:EE+NeoEE
file	data\Add-on\RMS\Omega\EE\Vicious Isthmi\Vicious Isthmi Tiny.rmv	24881	136672879062f192c6566e71d0f34ca9f1dafad8	2009-03-27T20:24:48Z	EE+NeoEE	setup:EE+NeoEE
file	data\Add-on\RMS\Omega\EE\X\Tournament Islands Gigantic.rmv	25768	96f8a6255d3f3d8e651c67d66de62d6d94170ec4	2009-02-23T12:00:08Z	EE+NeoEE	setup:EE+NeoEE
file	data\Add-on\RMS\Omega\EE\X\Tournament Islands Huge.rmv	26036	a037609feeb8de544063762ca533802ea060a42e	2009-02-23T20:58:10Z	EE+NeoEE	setup:EE+NeoEE
file	data\Add-on\RMS\Omega\EE\X\Tournament Islands Large.rmv	25554	8e15dcaad022ddbfdd261a9ddb3c93e1653b9a7e	2009-02-23T20:58:42Z	EE+NeoEE	setup:EE+NeoEE
file	data\Add-on\RMS\Omega\EE\X\Tournament Islands Medium.rmv	26518	713b3b023ad0682ec338a29843ed2d75331f352e	2009-02-23T21:06:40Z	EE+NeoEE	setup:EE+NeoEE
file	data\Add-on\RMS\Omega\EE\X\Tournament Islands Small.rmv	25703	b591fde292e060976d87d7da5b8254817f939f10	2009-02-23T20:59:24Z	EE+NeoEE	setup:EE+NeoEE
file	data\Add-on\RMS\Omega\EE\X\Tournament Islands Tiny.rmv	27889	73d3c608cc7bdcf22f90d0388f423cd2d5a21d3d	2009-02-23T21:00:54Z	EE+NeoEE	setup:EE+NeoEE
file	data\Add-on\RMS\Omega\EE\X\Tourney Common Initial Units.rmv	7477	13a7e49dbb3f0d4d60f7126751572e48145b42a0	2009-02-23T21:04:24Z	EE+NeoEE	setup:EE+NeoEE
file	data\Add-on\RMS\Omega\EE\Z\Tournament Islands Gigantic.rmv	26058	7f59939481edd3dd287c035a1e24abf8bcc18144	2009-02-24T13:19:56Z	EE+NeoEE	setup:EE+NeoEE
file	data\Add-on\RMS\Omega\EE\Z\Tournament Islands Huge.rmv	25358	94cd17bdbb68d2e720d21bb4593960738264e107	2009-02-24T13:07:50Z	EE+NeoEE	setup:EE+NeoEE
file	data\Add-on\RMS\Omega\EE\Z\Tournament Islands Large.rmv	25406	29c70f22cfb86639089f575fb1673d46ef4671fd	2009-02-24T13:22:20Z	EE+NeoEE	setup:EE+NeoEE
file	data\Add-on\RMS\Omega\EE\Z\Tournament Islands Medium.rmv	27207	52a19972317b204fc9bee7b3dc1e31d91322e8e9	2009-02-24T13:23:24Z	EE+NeoEE	setup:EE+NeoEE
file	data\Add-on\RMS\Omega\EE\Z\Tournament Islands Small.rmv	26119	2d60dea7097322fc046ea05313332b25972ea03d	2009-02-24T11:18:46Z	EE+NeoEE	setup:EE+NeoEE
file	data\Add-on\RMS\Omega\EE\Z\Tournament Islands Tiny.rmv	30912	28a1d7f0db3dd0308d1f58b057345e1a2f4784a0	2009-02-24T12:01:56Z	EE+NeoEE	setup:EE+NeoEE
file	data\Add-on\RMS\Omega\EE\Z\Tourney Common Initial Units.rmv	7496	d495479cc64906b3b0e6121e77d9868fd9104db2	2009-02-24T10:36:28Z	EE+NeoEE	setup:EE+NeoEE
file	data\Add-on\RMS\Omega\EE\zTropic Island\Climate-Terrain.rmv	2863	a3360c8b84ea1be7fa41df3d321f54c68cbf73bc	2009-12-03T05:52:56Z	EE+NeoEE	setup:EE+NeoEE
file	data\Add-on\RMS\Omega\EE\zTropic Island\zTropic Island Gigantic.rmv	25811	60c109f25d9b0ae4106a50733bd17c7fd62e521c	2009-12-25T19:21:22Z	EE+NeoEE	setup:EE+NeoEE
file	data\Add-on\RMS\Omega\EE\zTropic Island\zTropic Island Huge.rmv	25788	10b815eebec0961aba856bf5dc34ef86a6012364	2009-12-25T19:15:28Z	EE+NeoEE	setup:EE+NeoEE
file	data\Add-on\RMS\Omega\EE\zTropic Island\zTropic Island Large.rmv	25738	f62e6b71a970276425006ed1cea1edc44eb6333d	2009-12-25T19:12:10Z	EE+NeoEE	setup:EE+NeoEE
file	data\Add-on\RMS\Omega\EE\zTropic Island\zTropic Island Medium.rmv	25764	3fd500c4f2ad18a32a442e389afe33cfa509ac34	2009-12-25T19:12:38Z	EE+NeoEE	setup:EE+NeoEE
file	data\Add-on\RMS\Omega\EE\zTropic Island\zTropic Island Small.rmv	25767	cdc7220fca3d037897376bb4994ba8a075ef6401	2009-12-25T19:38:22Z	EE+NeoEE	setup:EE+NeoEE
file	data\Add-on\RMS\Omega\EE\zTropic Island\zTropic Island Tiny.rmv	25722	316f060cc68398bbde3aad0c8065a67eb10bc9ac	2009-12-25T19:45:22Z	EE+NeoEE	setup:EE+NeoEE
file	data\Add-on\Tools\Diagnostic\EE-Diagnostic.exe	463208	07a4e3be6590bdad46f63be629c299515729bf56	2022-03-05T19:00:40Z	EE+NeoEE	setup:EE+NeoEE
file	data\Add-on\Tools\Diagnostic\guid_dictionary	187	af5f88febfe05e055c2b1ca25b4293ce431690c8	2022-02-20T09:09:18Z	EE+NeoEE	setup:EE+NeoEE
file	data\Empire Earth Base\Empire Earth - The Art of Conquest\binkw32.dll	290816	6678ba5dd284ac40f93bd0be5fcecc2b1f8b5389	2002-05-17T14:11:18Z	EE+NeoEE	setup:EE+NeoEE
file	data\Empire Earth Base\Empire Earth - The Art of Conquest\Data\Campaigns\AOCAsian.ssa	28889793	f8d4b49cffc16f4c1f8d9f9e3685aa12285f664a	2002-08-20T10:49:36Z	EE+NeoEE	setup:EE+NeoEE
file	data\Empire Earth Base\Empire Earth - The Art of Conquest\Data\Campaigns\AOCPacific.ssa	19483528	0b7873ca94c848b2a43ebb28c69174b8719d07b6	2002-08-20T10:49:42Z	EE+NeoEE	setup:EE+NeoEE
file	data\Empire Earth Base\Empire Earth - The Art of Conquest\Data\Campaigns\AOCRoman.ssa	29231778	8189e9e75ae68f23cea8abf6e89b111cfbd73c77	2002-08-20T10:49:50Z	EE+NeoEE	setup:EE+NeoEE
file	data\Empire Earth Base\Empire Earth - The Art of Conquest\Data\Campaigns\EELearningCampaign.ssa	34460339	274ac7c29e93fbdc2d1bb03976f812f27a8b0d61	2002-08-20T10:50:02Z	EE+NeoEE	setup:EE+NeoEE
file	data\Empire Earth Base\Empire Earth - The Art of Conquest\Data\data.ssa	45554167	4e1320852c3429e8a88fc4f8639f65761b951758	2002-08-20T10:56:42Z	EE+NeoEE	setup:EE+NeoEE
file	data\Empire Earth Base\Empire Earth - The Art of Conquest\Data\Models\amb_rock.cem	24	90b08ac3354e0e2ad5d42722178d80863a3c005c	2002-08-20T10:50:12Z	EE+NeoEE	setup:EE+NeoEE
file	data\Empire Earth Base\Empire Earth - The Art of Conquest\Data\Random Map Scripts\Common\Common Conditions.rmv	5796	f202e613a01f63a922c7e70f1c6fec7b74d1fde1	2002-08-20T10:50:32Z	EE+NeoEE	setup:EE+NeoEE
file	data\Empire Earth Base\Empire Earth - The Art of Conquest\Data\Random Map Scripts\Common\Common Forests.rmv	2499	cd6184096b8ffd4162ea3bb18a158e68e15cb904	2002-08-20T10:50:32Z	EE+NeoEE	setup:EE+NeoEE
file	data\Empire Earth Base\Empire Earth - The Art of Conquest\Data\Random Map Scripts\Common\Common Initial Units.rmv	7270	68b3ccf71ec9b322ed2e3c61cf8b09a8e9d946c8	2002-08-20T10:50:32Z	EE+NeoEE	setup:EE+NeoEE
file	data\Empire Earth Base\Empire Earth - The Art of Conquest\Data\Random Map Scripts\Common\Common Terrain Painting.rmv	6909	4bc5ca3dcb0d9897fffb79d6b20b08c671c7bffc	2002-08-20T10:50:32Z	EE+NeoEE	setup:EE+NeoEE
file	data\Empire Earth Base\Empire Earth - The Art of Conquest\Data\Random Map Scripts\Common\Map Climate.rmv	737	ae336a7b572e51f457ab386fe321caca854402ad	2002-08-20T10:50:34Z	EE+NeoEE	setup:EE+NeoEE
file	data\Empire Earth Base\Empire Earth - The Art of Conquest\Data\Random Map Scripts\Common\Mars Terrain Painting.rmv	7612	381af748fc384e6e2cedb4940d6638e5cb9c8f76	2002-08-20T10:50:34Z	EE+NeoEE	setup:EE+NeoEE
file	data\Empire Earth Base\Empire Earth - The Art of Conquest\Data\Random Map Scripts\Common\Planet Forests.rmv	1145	4028ffb7d7882ba721803aa30c2f4d54bc15b551	2002-08-20T10:50:34Z	EE+NeoEE	setup:EE+NeoEE
file	data\Empire Earth Base\Empire Earth - The Art of Conquest\Data\Random Map Scripts\Common\Planet Initial Units.rmv	2176	3535cb56f7e672aaa03c1dcd67e800d5322c9b93	2002-08-20T10:50:34Z	EE+NeoEE	setup:EE+NeoEE
file	data\Empire Earth Base\Empire Earth - The Art of Conquest\Data\Random Map Scripts\Common\Planet Terrain Painting.rmv	9181	0be7a184da869e947b3b683121b3e75b913b2601	2002-08-20T10:50:34Z	EE+NeoEE	setup:EE+NeoEE
file	data\Empire Earth Base\Empire Earth - The Art of Conquest\Data\Random Map Scripts\Common\Tourney Common Initial Units.rmv	7335	0341183c84fc7bd4fd068aae202bc1a0fcdd80ec	2002-08-20T10:50:34Z	EE+NeoEE	setup:EE+NeoEE
file	data\Empire Earth Base\Empire Earth - The Art of Conquest\Data\Random Map Scripts\Continental.rmv	6924	e163b7beadbd9479d2cacec6d9c6f10aab85e28c	2002-08-20T10:50:32Z	EE+NeoEE	setup:EE+NeoEE
file	data\Empire Earth Base\Empire Earth - The Art of Conquest\Data\Random Map Scripts\Continental\Continental Gigantic.rmv	51871	badebd4aa5eddbee19ad2459926fddbf5f74754b	2002-08-20T10:50:34Z	EE+NeoEE	setup:EE+NeoEE
file	data\Empire Earth Base\Empire Earth - The Art of Conquest\Data\Random Map Scripts\Continental\Continental Huge.rmv	52045	b5d5d15697ca614d9dee6e487f16d28cafee69d8	2002-08-20T10:50:34Z	EE+NeoEE	setup:EE+NeoEE
file	data\Empire Earth Base\Empire Earth - The Art of Conquest\Data\Random Map Scripts\Continental\Continental Large.rmv	51503	2589f09758c525d0732a3eab7f9d07e910faf718	2002-08-20T10:50:34Z	EE+NeoEE	setup:EE+NeoEE
file	data\Empire Earth Base\Empire Earth - The Art of Conquest\Data\Random Map Scripts\Continental\Continental Medium.rmv	51299	80ad80aa873d8035f5016da3a01e25c5e9c0cf0b	2002-08-20T10:50:34Z	EE+NeoEE	setup:EE+NeoEE
file	data\Empire Earth Base\Empire Earth - The Art of Conquest\Data\Random Map Scripts\Continental\Continental Small.rmv	51086	578443c78e3514918d9f7d2d6dcbdaa86701177c	2002-08-20T10:50:34Z	EE+NeoEE	setup:EE+NeoEE
file	data\Empire Earth Base\Empire Earth - The Art of Conquest\Data\Random Map Scripts\Continental\Continental Tiny.rmv	51202	b59dec740b464d39d252d47671ce5971fb58a3de	2002-08-20T10:50:34Z	EE+NeoEE	setup:EE+NeoEE
file	data\Empire Earth Base\Empire Earth - The Art of Conquest\Data\Random Map Scripts\Earth.rmv	6147	5ff04fdee1e627a789e10ddc7a33f314d72f4945	2002-08-20T10:50:32Z	EE+NeoEE	setup:EE+NeoEE
file	data\Empire Earth Base\Empire Earth - The Art of Conquest\Data\Random Map Scripts\Earth\Earth Gigantic.rmv	4223	f2b19d07772e85b55db4345e3d90a060eaf0d217	2002-08-20T10:50:34Z	EE+NeoEE	setup:EE+NeoEE
file	data\Empire Earth Base\Empire Earth - The Art of Conquest\Data\Random Map Scripts\Earth\Earth Huge.rmv	4286	e8ca6a322fc616bdd1581ad9d54020178b595f42	2002-08-20T10:50:34Z	EE+NeoEE	setup:EE+NeoEE
file	data\Empire Earth Base\Empire Earth - The Art of Conquest\Data\Random Map Scripts\Earth\Earth Large.rmv	4321	5233141a109f374bc6b6378f708b12f77b95ddfa	2002-08-20T10:50:34Z	EE+NeoEE	setup:EE+NeoEE
file	data\Empire Earth Base\Empire Earth - The Art of Conquest\Data\Random Map Scripts\Earth\Earth Medium.rmv	4285	b2f6a7041c21a6d1fc4fdda706aed67061a7fc21	2002-08-20T10:50:34Z	EE+NeoEE	setup:EE+NeoEE
file	data\Empire Earth Base\Empire Earth - The Art of Conquest\Data\Random Map Scripts\Earth\Earth Small.rmv	4131	d220657643232f67c6f67cb6c63ce9d2e34ce2f3	2002-08-20T10:50:34Z	EE+NeoEE	setup:EE+NeoEE
file	data\Empire Earth Base\Empire Earth - The Art of Conquest\Data\Random Map Scripts\Earth\Earth Tiny.rmv	4007	026ac985a34ffcf1631657ff48779e60fc51b59b	2002-08-20T10:50:34Z	EE+NeoEE	setup:EE+NeoEE
file	data\Empire Earth Base\Empire Earth - The Art of Conquest\Data\Random Map Scripts\Highlands.rmv	6968	b5d1084c61d7998bf65e563281d846140a6ba2e4	2002-08-20T10:50:32Z	EE+NeoEE	setup:EE+NeoEE
file	data\Empire Earth Base\Empire Earth - The Art of Conquest\Data\Random Map Scripts\Highlands\Highlands Gigantic.rmv	53184	4728637b0cbc0c948bbf1038d32b5bae43702894	2002-08-20T10:50:34Z	EE+NeoEE	setup:EE+NeoEE
file	data\Empire Earth Base\Empire Earth - The Art of Conquest\Data\Random Map Scripts\Highlands\Highlands Huge.rmv	53458	05cefb5e96e9e68bdfd7614c0142d9450062671a	2002-08-20T10:50:34Z	EE+NeoEE	setup:EE+NeoEE
file	data\Empire Earth Base\Empire Earth - The Art of Conquest\Data\Random Map Scripts\Highlands\Highlands Large.rmv	53497	fa0c171c2a1a242f23562927aa3a1dc419f34692	2002-08-20T10:50:34Z	EE+NeoEE	setup:EE+NeoEE
file	data\Empire Earth Base\Empire Earth - The Art of Conquest\Data\Random Map Scripts\Highlands\Highlands Medium.rmv	53094	de89966be5f3e0860b842a09c8b83ef5328f381c	2002-08-20T10:50:34Z	EE+NeoEE	setup:EE+NeoEE
file	data\Empire Earth Base\Empire Earth - The Art of Conquest\Data\Random Map Scripts\Highlands\Highlands Small.rmv	52729	38ce26f643cdbe884ea1f3ce11c167101c1f854e	2002-08-20T10:50:34Z	EE+NeoEE	setup:EE+NeoEE
file	data\Empire Earth Base\Empire Earth - The Art of Conquest\Data\Random Map Scripts\Highlands\Highlands Tiny.rmv	51908	3d7fd1fc9d5b987e42aada747a4b2bf106c6d5f2	2002-08-20T10:50:34Z	EE+NeoEE	setup:EE+NeoEE
file	data\Empire Earth Base\Empire Earth - The Art of Conquest\Data\Random Map Scripts\Large Islands.rmv	6886	5651f10ef7e8b1c7902d8e3814a02a0db17f3c33	2002-08-20T10:50:32Z	EE+NeoEE	setup:EE+NeoEE
file	data\Empire Earth Base\Empire Earth - The Art of Conquest\Data\Random Map Scripts\Large Islands\Large Islands Gigantic.rmv	52640	921eac1576f5b4fd7a2f8851036bd26b248b464c	2002-08-20T10:50:34Z	EE+NeoEE	setup:EE+NeoEE
file	data\Empire Earth Base\Empire Earth - The Art of Conquest\Data\Random Map Scripts\Large Islands\Large Islands Huge.rmv	52580	1433d3152aa44306859e2723ffb020c0efd5916e	2002-08-20T10:50:34Z	EE+NeoEE	setup:EE+NeoEE
file	data\Empire Earth Base\Empire Earth - The Art of Conquest\Data\Random Map Scripts\Large Islands\Large Islands Large.rmv	52525	4f3348b34d55746347ca73401e2a6769aff5f8a8	2002-08-20T10:50:34Z	EE+NeoEE	setup:EE+NeoEE
file	data\Empire Earth Base\Empire Earth - The Art of Conquest\Data\Random Map Scripts\Large Islands\Large Islands Medium.rmv	52515	234116e87a444d9817c057411c3d4a381ed9afa1	2002-08-20T10:50:34Z	EE+NeoEE	setup:EE+NeoEE
file	data\Empire Earth Base\Empire Earth - The Art of Conquest\Data\Random Map Scripts\Large Islands\Large Islands Small.rmv	52529	ea7921d3edf88be21937d3d721d1e60a8291772b	2002-08-20T10:50:34Z	EE+NeoEE	setup:EE+NeoEE
file	data\Empire Earth Base\Empire Earth - The Art of Conquest\Data\Random Map Scripts\Large Islands\Large Islands Tiny.rmv	52394	978e16dfae3b2ec916eedf9dfa06413ec6af66d1	2002-08-20T10:50:34Z	EE+NeoEE	setup:EE+NeoEE
file	data\Empire Earth Base\Empire Earth - The Art of Conquest\Data\Random Map Scripts\Large Planets.rmv	6089	957ef63fa909d8953fe3cccfc007652b71327a06	2002-08-20T10:50:32Z	EE+NeoEE	setup:EE+NeoEE
file	data\Empire Earth Base\Empire Earth - The Art of Conquest\Data\Random Map Scripts\Large Planets\Large Planets Gigantic.rmv	3927	877d0849b5db189ac65272f8975b88e2d7840e33	2002-08-20T10:50:36Z	EE+NeoEE	setup:EE+NeoEE
file	data\Empire Earth Base\Empire Earth - The Art of Conquest\Data\Random Map Scripts\Large Planets\Large Planets Huge.rmv	3920	3611a64a6c59b11533ffa65ff9c805938a9618a0	2002-08-20T10:50:36Z	EE+NeoEE	setup:EE+NeoEE
file	data\Empire Earth Base\Empire Earth - The Art of Conquest\Data\Random Map Scripts\Large Planets\Large Planets Large.rmv	3920	ea27c5f5578bf61f867e35342500edabdf5592c1	2002-08-20T10:50:36Z	EE+NeoEE	setup:EE+NeoEE
file	data\Empire Earth Base\Empire Earth - The Art of Conquest\Data\Random Map Scripts\Large Planets\Large Planets Medium.rmv	3931	a96a31ca68078833a18e9fba5b3765a8ee592bd8	2002-08-20T10:50:36Z	EE+NeoEE	setup:EE+NeoEE
file	data\Empire Earth Base\Empire Earth - The Art of Conquest\Data\Random Map Scripts\Large Planets\Large Planets Small.rmv	3929	be713b05f3656c8743962ea3d36e6c0876c80b6c	2002-08-20T10:50:36Z	EE+NeoEE	setup:EE+NeoEE
file	data\Empire Earth Base\Empire Earth - The Art of Conquest\Data\Random Map Scripts\Large Planets\Large Planets Tiny.rmv	3863	d3fbf1f4df84ddae8b0b293b9739428c39aacfff	2002-08-20T10:50:36Z	EE+NeoEE	setup:EE+NeoEE
file	data\Empire Earth Base\Empire Earth - The Art of Conquest\Data\Random Map Scripts\Mars.rmv	8117	4527cccc20798bc9fecb20d06b1b776ba9e964fd	2002-08-20T10:50:32Z	EE+NeoEE	setup:EE+NeoEE
file	data\Empire Earth Base\Empire Earth - The Art of Conquest\Data\Random Map Scripts\Mars\Mars Gigantic.rmv	3915	5a829e28d060c58b7f59719cb4d1c14793b1492f	2002-08-20T10:50:36Z	EE+NeoEE	setup:EE+NeoEE
file	data\Empire Earth Base\Empire Earth - The Art of Conquest\Data\Random Map Scripts\Mars\Mars Huge.rmv	4046	f28112ba9bda67fc2806b908cc95fa5a5198facb	2002-08-20T10:50:36Z	EE+NeoEE	setup:EE+NeoEE
file	data\Empire Earth Base\Empire Earth - The Art of Conquest\Data\Random Map Scripts\Mars\Mars Large.rmv	4075	db45367a84bad5d469defdd1660405ec0b4f683b	2002-08-20T10:50:36Z	EE+NeoEE	setup:EE+NeoEE
file	data\Empire Earth Base\Empire Earth - The Art of Conquest\Data\Random Map Scripts\Mars\Mars Medium.rmv	4077	f6052c817d87dbc4216f0ab8e017bb1def6abdc3	2002-08-20T10:50:36Z	EE+NeoEE	setup:EE+NeoEE
file	data\Empire Earth Base\Empire Earth - The Art of Conquest\Data\Random Map Scripts\Mars\Mars Small.rmv	3965	68fe0ed13b46f75e38c54335367819b5e4c677df	2002-08-20T10:50:36Z	EE+NeoEE	setup:EE+NeoEE
file	data\Empire Earth Base\Empire Earth - The Art of Conquest\Data\Random Map Scripts\Mars\Mars Tiny.rmv	3841	c99c7c5701445cab0a60eb787abcc1bce9c30918	2002-08-20T10:50:36Z	EE+NeoEE	setup:EE+NeoEE
file	data\Empire Earth Base\Empire Earth - The Art of Conquest\Data\Random Map Scripts\Mediterranean.rmv	7050	921aee103ae9dc85a5079b6c92eba304d4e95fa0	2002-08-20T10:50:32Z	EE+NeoEE	setup:EE+NeoEE
file	data\Empire Earth Base\Empire Earth - The Art of Conquest\Data\Random Map Scripts\Mediterranean\Mediterranean Gigantic.rmv	52485	3ec2edcf30c8b670bc3a6a3d16672252f6248024	2002-08-20T10:50:36Z	EE+NeoEE	setup:EE+NeoEE
file	data\Empire Earth Base\Empire Earth - The Art of Conquest\Data\Random Map Scripts\Mediterranean\Mediterranean Huge.rmv	52635	afa53f7aa72a5c7a32c8c0204ac37f26fd1a9cdc	2002-08-20T10:50:36Z	EE+NeoEE	setup:EE+NeoEE
file	data\Empire Earth Base\Empire Earth - The Art of Conquest\Data\Random Map Scripts\Mediterranean\Mediterranean Large.rmv	52913	a40cba83e8ec4ed520d2186270a36cd70c4921a8	2002-08-20T10:50:36Z	EE+NeoEE	setup:EE+NeoEE
file	data\Empire Earth Base\Empire Earth - The Art of Conquest\Data\Random Map Scripts\Mediterranean\Mediterranean Medium.rmv	52537	d9204c0815763c324b92f544da5dea4f8a210199	2002-08-20T10:50:36Z	EE+NeoEE	setup:EE+NeoEE
file	data\Empire Earth Base\Empire Earth - The Art of Conquest\Data\Random Map Scripts\Mediterranean\Mediterranean Small.rmv	52414	099716204c74ce8959fef9dc892244b3c84ff383	2002-08-20T10:50:36Z	EE+NeoEE	setup:EE+NeoEE
file	data\Empire Earth Base\Empire Earth - The Art of Conquest\Data\Random Map Scripts\Mediterranean\Mediterranean Tiny.rmv	51632	30714c321b3d899b308da7bf1def10955d9e62a3	2002-08-20T10:50:36Z	EE+NeoEE	setup:EE+NeoEE
file	data\Empire Earth Base\Empire Earth - The Art of Conquest\Data\Random Map Scripts\Plains.rmv	6961	40d93c766ff1670b9b31baf1de96f938ce54ebc2	2002-08-20T10:50:32Z	EE+NeoEE	setup:EE+NeoEE
file	data\Empire Earth Base\Empire Earth - The Art of Conquest\Data\Random Map Scripts\Plains\Plains Gigantic.rmv	55493	d74950b34198e7ae36638b188e3e7450d422ebc5	2002-08-20T10:50:36Z	EE+NeoEE	setup:EE+NeoEE
file	data\Empire Earth Base\Empire Earth - The Art of Conquest\Data\Random Map Scripts\Plains\Plains Huge.rmv	51603	338ec95ee14484fa2cac93be9c5d907d97d4086d	2002-08-20T10:50:36Z	EE+NeoEE	setup:EE+NeoEE
file	data\Empire Earth Base\Empire Earth - The Art of Conquest\Data\Random Map Scripts\Plains\Plains Large.rmv	51129	2737bc87afdc9d2e97fcb08dd356a4dd1466cba6	2002-08-20T10:50:36Z	EE+NeoEE	setup:EE+NeoEE
file	data\Empire Earth Base\Empire Earth - The Art of Conquest\Data\Random Map Scripts\Plains\Plains Medium.rmv	52048	4eefb4bb27f74ee653a6e7fff6e94a93eb93b6f9	2002-08-20T10:50:36Z	EE+NeoEE	setup:EE+NeoEE
file	data\Empire Earth Base\Empire Earth - The Art of Conquest\Data\Random Map Scripts\Plains\Plains Small.rmv	51244	0fc3b1c833428fda039b61b3aad468e06f8665d1	2002-08-20T10:50:36Z	EE+NeoEE	setup:EE+NeoEE
file	data\Empire Earth Base\Empire Earth - The Art of Conquest\Data\Random Map Scripts\Plains\Plains Tiny.rmv	53420	82e942383dcc80d470e7eaedee5a64c7923e1350	2002-08-20T10:50:36Z	EE+NeoEE	setup:EE+NeoEE
file	data\Empire Earth Base\Empire Earth - The Art of Conquest\Data\Random Map Scripts\Small Islands.rmv	6968	9d8be179464e958d658c16236d5d8982b9c84b07	2002-08-20T10:50:32Z	EE+NeoEE	setup:EE+NeoEE
file	data\Empire Earth Base\Empire Earth - The Art of Conquest\Data\Random Map Scripts\Small Islands\Small Islands Gigantic.rmv	52918	a11cb22b47c4ecab15676bc632ec76737e66b57c	2002-08-20T10:50:36Z	EE+NeoEE	setup:EE+NeoEE
file	data\Empire Earth Base\Empire Earth - The Art of Conquest\Data\Random Map Scripts\Small Islands\Small Islands Huge.rmv	52658	2177fddd257bfeea0840e86ec68df3110bbd05c2	2002-08-20T10:50:36Z	EE+NeoEE	setup:EE+NeoEE
file	data\Empire Earth Base\Empire Earth - The Art of Conquest\Data\Random Map Scripts\Small Islands\Small Islands Large.rmv	52592	1bd64af6192084100621d0ec61a9da925469d767	2002-08-20T10:50:36Z	EE+NeoEE	setup:EE+NeoEE
file	data\Empire Earth Base\Empire Earth - The Art of Conquest\Data\Random Map Scripts\Small Islands\Small Islands Medium.rmv	52556	85804f7191beb99736705315f6cf9bc6348189f2	2002-08-20T10:50:36Z	EE+NeoEE	setup:EE+NeoEE
file	data\Empire Earth Base\Empire Earth - The Art of Conquest\Data\Random Map Scripts\Small Islands\Small Islands Small.rmv	52605	08346a4a6369c9e75dcd3a6c6b4c3bc0f13eee0e	2002-08-20T10:50:38Z	EE+NeoEE	setup:EE+NeoEE
file	data\Empire Earth Base\Empire Earth - The Art of Conquest\Data\Random Map Scripts\Small Islands\Small Islands Tiny.rmv	52382	15bbcbbadb76b6e6601280a9d6508eac2ccaf90d	2002-08-20T10:50:38Z	EE+NeoEE	setup:EE+NeoEE
file	data\Empire Earth Base\Empire Earth - The Art of Conquest\Data\Random Map Scripts\Small Planets.rmv	6089	44e25c858490fb59cd511eab5287e47f400c0859	2002-08-20T10:50:32Z	EE+NeoEE	setup:EE+NeoEE
file	data\Empire Earth Base\Empire Earth - The Art of Conquest\Data\Random Map Scripts\Small Planets\Small Planets Gigantic.rmv	3934	5db4c821ea9b65c8c9799991208ccc286982f432	2002-08-20T10:50:38Z	EE+NeoEE	setup:EE+NeoEE
file	data\Empire Earth Base\Empire Earth - The Art of Conquest\Data\Random Map Scripts\Small Planets\Small Planets Huge.rmv	3919	2cdfc6e959877a9964b87759d3171aef8a59c140	2002-08-20T10:50:38Z	EE+NeoEE	setup:EE+NeoEE
file	data\Empire Earth Base\Empire Earth - The Art of Conquest\Data\Random Map Scripts\Small Planets\Small Planets Large.rmv	3880	ece723e051d90a4c15808b6d002fd8c87656b96a	2002-08-20T10:50:38Z	EE+NeoEE	setup:EE+NeoEE
file	data\Empire Earth Base\Empire Earth - The Art of Conquest\Data\Random Map Scripts\Small Planets\Small Planets Medium.rmv	3888	24adac00e52c65ec3739850c937094610ffc0279	2002-08-20T10:50:38Z	EE+NeoEE	setup:EE+NeoEE
file	data\Empire Earth Base\Empire Earth - The Art of Conquest\Data\Random Map Scripts\Small Planets\Small Planets Small.rmv	3928	cee74a144758082b59c93dceadb617755dc63ed8	2002-08-20T10:50:38Z	EE+NeoEE	setup:EE+NeoEE
file	data\Empire Earth Base\Empire Earth - The Art of Conquest\Data\Random Map Scripts\Small Planets\Small Planets Tiny.rmv	3862	4ba9b3cea79de93e44fe4f3eccc1c723be931739	2002-08-20T10:50:38Z	EE+NeoEE	setup:EE+NeoEE
file	data\Empire Earth Base\Empire Earth - The Art of Conquest\Data\Random Map Scripts\Tournament Islands.rmv	7048	ef4fec5ebbcaeb33ce6072fe32144e12b6d6ba11	2002-08-20T10:50:32Z	EE+NeoEE	setup:EE+NeoEE
file	data\Empire Earth Base\Empire Earth - The Art of Conquest\Data\Random Map Scripts\Tournament Islands\Tournament Islands Gigantic.rmv	51755	0178faa6e0286dcd5f541dd3b00510a37d4dd5cc	2002-08-20T10:50:38Z	EE+NeoEE	setup:EE+NeoEE
file	data\Empire Earth Base\Empire Earth - The Art of Conquest\Data\Random Map Scripts\Tournament Islands\Tournament Islands Huge.rmv	51752	d8ae8de560e444c96a0cb4966c15726c35d2a146	2002-08-20T10:50:38Z	EE+NeoEE	setup:EE+NeoEE
file	data\Empire Earth Base\Empire Earth - The Art of Conquest\Data\Random Map Scripts\Tournament Islands\Tournament Islands Large.rmv	51702	e22c9f96c56cb69f731b46517b930f9ae8b59028	2002-08-20T10:50:38Z	EE+NeoEE	setup:EE+NeoEE
file	data\Empire Earth Base\Empire Earth - The Art of Conquest\Data\Random Map Scripts\Tournament Islands\Tournament Islands Medium.rmv	51703	16a4cab110a269087f9a25b884a017490c8f0728	2002-08-20T10:50:38Z	EE+NeoEE	setup:EE+NeoEE
file	data\Empire Earth Base\Empire Earth - The Art of Conquest\Data\Random Map Scripts\Tournament Islands\Tournament Islands Small.rmv	51346	d9319abd8c9fb73f08e7317c597a3c6bfa3d0149	2002-08-20T10:50:38Z	EE+NeoEE	setup:EE+NeoEE
file	data\Empire Earth Base\Empire Earth - The Art of Conquest\Data\Random Map Scripts\Tournament Islands\Tournament Islands Tiny.rmv	51331	ffc5a34651506212068b602f7f3578b43e32fde4	2002-08-20T10:50:38Z	EE+NeoEE	setup:EE+NeoEE
file	data\Empire Earth Base\Empire Earth - The Art of Conquest\Data\Random Map Scripts\Tournament Planets.rmv	6149	8e2ba13eb60345567862459d2203a03a38cecad4	2002-08-20T10:50:32Z	EE+NeoEE	setup:EE+NeoEE
file	data\Empire Earth Base\Empire Earth - The Art of Conquest\Data\Random Map Scripts\Tournament Planets\Tournament Planets Gigantic.rmv	3955	1407f6091d638134ffc77175da8c206054179745	2002-08-20T10:50:38Z	EE+NeoEE	setup:EE+NeoEE
file	data\Empire Earth Base\Empire Earth - The Art of Conquest\Data\Random Map Scripts\Tournament Planets\Tournament Planets Huge.rmv	3941	cf8c609262d1c861813233936c7fc742760f331e	2002-08-20T10:50:38Z	EE+NeoEE	setup:EE+NeoEE
file	data\Empire Earth Base\Empire Earth - The Art of Conquest\Data\Random Map Scripts\Tournament Planets\Tournament Planets Large.rmv	3940	bfb42330c5c6cd5dcfeed8062f974f6693908b98	2002-08-20T10:50:38Z	EE+NeoEE	setup:EE+NeoEE
file	data\Empire Earth Base\Empire Earth - The Art of Conquest\Data\Random Map Scripts\Tournament Planets\Tournament Planets Medium.rmv	3946	e55f5e393449585b4b7e16a0fa604ad632c8e2ab	2002-08-20T10:50:38Z	EE+NeoEE	setup:EE+NeoEE
file	data\Empire Earth Base\Empire Earth - The Art of Conquest\Data\Random Map Scripts\Tournament Planets\Tournament Planets Small.rmv	3943	694cac35cb0563703da14ca4db5a60d9f931271a	2002-08-20T10:50:38Z	EE+NeoEE	setup:EE+NeoEE
file	data\Empire Earth Base\Empire Earth - The Art of Conquest\Data\Random Map Scripts\Tournament Planets\Tournament Planets Tiny.rmv	3877	6c2b7f26c530dc16c57e3ec2d314cd57c3a9f859	2002-08-20T10:50:38Z	EE+NeoEE	setup:EE+NeoEE
file	data\Empire Earth Base\Empire Earth - The Art of Conquest\Data\WONLobby Resources\_GameMaster.cfg	162	e2f40f3242bbc85668fcddc220f5efcf452a8752	2002-09-13T12:38:10Z	EE+NeoEE	setup:EE+NeoEE
file	data\Empire Earth Base\Empire Earth - The Art of Conquest\Data\WONLobby Resources\_GameResource.cfg	6751	84685272c1b61d3f13f7e47004b0d2027e482db4	2022-12-01T07:01:10Z	EE+NeoEE	setup:EE+NeoEE
file	data\Empire Earth Base\Empire Earth - The Art of Conquest\Data\WONLobby Resources\_LobbyMaster.cfg	2040	b99fb923d4322b09de5313efeaea68f571daa137	2002-09-13T12:38:10Z	EE+NeoEE	setup:EE+NeoEE
file	data\Empire Earth Base\Empire Earth - The Art of Conquest\Data\WONLobby Resources\_LobbyResource.cfg	43810	a613de0c1652dcd2d9a5310b1191c45bde7ae87d	2022-12-03T10:22:40Z	EE+NeoEE	setup:EE+NeoEE
file	data\Empire Earth Base\Empire Earth - The Art of Conquest\Data\WONLobby Resources\_LobbySkin.cfg	10436	5b9f76af186b7e46f8c5669c6774c0b200d12c41	2002-09-13T12:38:10Z	EE+NeoEE	setup:EE+NeoEE
file	data\Empire Earth Base\Empire Earth - The Art of Conquest\Data\WONLobby Resources\_WONStatus.cfg	5647	8a71b449ba5898abec8f6a035da2b0259bc74391	2022-12-03T12:45:58Z	EE+NeoEE	setup:EE+NeoEE
file	data\Empire Earth Base\Empire Earth - The Art of Conquest\Data\WONLobby Resources\AddFriendDialog.cfg	821	44fa45d5290e1de1b8fb92314b0457ff085a99cf	2002-09-13T12:38:10Z	EE+NeoEE	setup:EE+NeoEE
file	data\Empire Earth Base\Empire Earth - The Art of Conquest\Data\WONLobby Resources\AdminActionDialog.cfg	2457	db0f3f48efb68dc9ed1ba410eabbed363e978245	2002-09-13T12:38:12Z	EE+NeoEE	setup:EE+NeoEE
file	data\Empire Earth Base\Empire Earth - The Art of Conquest\Data\WONLobby Resources\BadUserDialog.cfg	1514	4dc0f11109194f017b5bae737f14235cb147580d	2002-09-13T12:38:12Z	EE+NeoEE	setup:EE+NeoEE
file	data\Empire Earth Base\Empire Earth - The Art of Conquest\Data\WONLobby Resources\ChatCtrl.cfg	919	903d765b91c7f29985f24df7efd3228879ff4333	2002-09-13T12:38:12Z	EE+NeoEE	setup:EE+NeoEE
file	data\Empire Earth Base\Empire Earth - The Art of Conquest\Data\WONLobby Resources\ChooseNetworkAdapterDialog.cfg	1107	70107e6faf68a1457526b87b24fb94c4376389c4	2002-09-13T12:38:12Z	EE+NeoEE	setup:EE+NeoEE
file	data\Empire Earth Base\Empire Earth - The Art of Conquest\Data\WONLobby Resources\ColorScheme.cfg	1008	03f8fde22c725e58fdb7b09da7942181b1868f63	2002-09-13T12:38:12Z	EE+NeoEE	setup:EE+NeoEE
file	data\Empire Earth Base\Empire Earth - The Art of Conquest\Data\WONLobby Resources\CommonOptions.cfg	6370	0b67628c40a8c3b83594ff75a4b0db9972721d75	2002-09-13T12:38:12Z	EE+NeoEE	setup:EE+NeoEE
file	data\Empire Earth Base\Empire Earth - The Art of Conquest\Data\WONLobby Resources\CreateAccountCtrl.cfg	4363	694f4b5f43a1765d86072232e162b0e24f4adcee	2002-09-13T12:38:12Z	EE+NeoEE	setup:EE+NeoEE
file	data\Empire Earth Base\Empire Earth - The Art of Conquest\Data\WONLobby Resources\CreateGameDialog.cfg	2926	09c0a026fde886ad433ff8e777da254a4ae3705c	2002-09-13T12:38:12Z	EE+NeoEE	setup:EE+NeoEE
file	data\Empire Earth Base\Empire Earth - The Art of Conquest\Data\WONLobby Resources\CreateRoomDialog.cfg	1727	d97a39c465c275879106648d150bc60360921f7c	2002-09-13T12:38:12Z	EE+NeoEE	setup:EE+NeoEE
file	data\Empire Earth Base\Empire Earth - The Art of Conquest\Data\WONLobby Resources\CreditsDialog.cfg	1657	f113b97561875c8d8fbd63d19cdc94ade0d96615	2002-09-13T12:38:12Z	EE+NeoEE	setup:EE+NeoEE
file	data\Empire Earth Base\Empire Earth - The Art of Conquest\Data\WONLobby Resources\DirectConnectCtrl.cfg	822	f7c45415b943422a05f88e5178fc07f609ff86ab	2002-09-13T12:38:12Z	EE+NeoEE	setup:EE+NeoEE
file	data\Empire Earth Base\Empire Earth - The Art of Conquest\Data\WONLobby Resources\DirectConnectDialog.cfg	1403	2a32f5dbe3773e072bc2dd46982ca068e9d61adb	2002-09-13T12:38:12Z	EE+NeoEE	setup:EE+NeoEE
file	data\Empire Earth Base\Empire Earth - The Art of Conquest\Data\WONLobby Resources\EELobbyConnectDialog.cfg	719	96666c0f76cf976ecd1e42d3ad473b70590cf416	2002-09-13T12:38:12Z	EE+NeoEE	setup:EE+NeoEE
file	data\Empire Earth Base\Empire Earth - The Art of Conquest\Data\WONLobby Resources\EELobbyFileDialog.cfg	1056	851b9fc973cca60e273c3e3766426ce030b25947	2002-09-13T12:38:12Z	EE+NeoEE	setup:EE+NeoEE
file	data\Empire Earth Base\Empire Earth - The Art of Conquest\Data\WONLobby Resources\FriendsListCtrl.cfg	1302	aab61af819024ee7a0c81d4cc46b06cb31199fa0	2002-09-13T12:38:12Z	EE+NeoEE	setup:EE+NeoEE
file	data\Empire Earth Base\Empire Earth - The Art of Conquest\Data\WONLobby Resources\GameBrowserCtrl.cfg	2362	09d9015a9458292e0997f0cbde4f931211dc20f2	2002-09-13T12:38:12Z	EE+NeoEE	setup:EE+NeoEE
file	data\Empire Earth Base\Empire Earth - The Art of Conquest\Data\WONLobby Resources\GameOptionsCtrl.cfg	5370	5545d67a62dd170bcc8888af511e47c2abfe5df0	2002-09-13T12:38:12Z	EE+NeoEE	setup:EE+NeoEE
file	data\Empire Earth Base\Empire Earth - The Art of Conquest\Data\WONLobby Resources\GameStagingCtrl.cfg	2504	52103c3b479993133e6e6f832c0226fa92255fb0	2002-09-13T12:38:12Z	EE+NeoEE	setup:EE+NeoEE
file	data\Empire Earth Base\Empire Earth - The Art of Conquest\Data\WONLobby Resources\GameStagingTabs.cfg	337	4acb6f0651e919ac4712a34ff3aa6dfaaa4ae91a	2002-09-13T12:38:12Z	EE+NeoEE	setup:EE+NeoEE
file	data\Empire Earth Base\Empire Earth - The Art of Conquest\Data\WONLobby Resources\GameUserListCtrl.cfg	886	86fe5d43f6e0b149a451afc06e81510fb231b248	2002-09-13T12:38:12Z	EE+NeoEE	setup:EE+NeoEE
file	data\Empire Earth Base\Empire Earth - The Art of Conquest\Data\WONLobby Resources\GenericDialog.cfg	1276	1a279a30e6e444ae8f976fbdc7ba5e3bee992af2	2002-09-13T12:38:12Z	EE+NeoEE	setup:EE+NeoEE
file	data\Empire Earth Base\Empire Earth - The Art of Conquest\Data\WONLobby Resources\GettingStartedCtrl.cfg	1958	9b3dc6e61ac77997063e4450b4b9f775d481ea3a	2002-09-13T12:38:12Z	EE+NeoEE	setup:EE+NeoEE
file	data\Empire Earth Base\Empire Earth - The Art of Conquest\Data\WONLobby Resources\Help\Chat.html	7837	5b073718db6a75179d34b8bc20c0ebf1a414e325	2002-09-13T12:38:12Z	EE+NeoEE	setup:EE+NeoEE
file	data\Empire Earth Base\Empire Earth - The Art of Conquest\Data\WONLobby Resources\Help\CommunityTab.html	1801	0d0a40ba0bde38b7b1a76582230bd4131c032451	2002-09-13T12:38:12Z	EE+NeoEE	setup:EE+NeoEE
file	data\Empire Earth Base\Empire Earth - The Art of Conquest\Data\WONLobby Resources\Help\DirectTab.html	1680	08da9820ec4da8e294912f557e40231f8bc61f8e	2002-09-13T12:38:12Z	EE+NeoEE	setup:EE+NeoEE
file	data\Empire Earth Base\Empire Earth - The Art of Conquest\Data\WONLobby Resources\Help\EntryRestrictions.html	1889	b45d548849de2101621622e4aec1ad937ec387a5	2002-09-13T12:38:12Z	EE+NeoEE	setup:EE+NeoEE
file	data\Empire Earth Base\Empire Earth - The Art of Conquest\Data\WONLobby Resources\Help\Friends.html	3483	f4502af5fe3a4d2b9568a226ae2eee789aa57081	2002-09-13T12:38:12Z	EE+NeoEE	setup:EE+NeoEE
file	data\Empire Earth Base\Empire Earth - The Art of Conquest\Data\WONLobby Resources\Help\GameBrowser.html	6296	5a899fcd375220101488309fb09795f3cc0b2d5c	2002-09-13T12:38:12Z	EE+NeoEE	setup:EE+NeoEE
file	data\Empire Earth Base\Empire Earth - The Art of Conquest\Data\WONLobby Resources\Help\GamePlayHelp.html	570	1f3b5ecbe5c3407e4d4360e554935d3e73013d99	2002-09-13T12:38:12Z	EE+NeoEE	setup:EE+NeoEE
file	data\Empire Earth Base\Empire Earth - The Art of Conquest\Data\WONLobby Resources\Help\GamePorts.html	1894	d64280802b5ddf2aa460054f8dbd17015055c16b	2002-09-13T12:38:12Z	EE+NeoEE	setup:EE+NeoEE
file	data\Empire Earth Base\Empire Earth - The Art of Conquest\Data\WONLobby Resources\Help\GameTab.html	6664	dc2fc09b3b05482f0ce36f3ced4303cf953fa4fd	2002-09-13T12:38:12Z	EE+NeoEE	setup:EE+NeoEE
file	data\Empire Earth Base\Empire Earth - The Art of Conquest\Data\WONLobby Resources\Help\HelpRoot.html	2153	895ff4139a3e086f257d78d056c969eeea1096ab	2002-09-13T12:38:12Z	EE+NeoEE	setup:EE+NeoEE
file	data\Empire Earth Base\Empire Earth - The Art of Conquest\Data\WONLobby Resources\Help\HelpTab.html	1865	ff54acadb24195fa3841f619edde57a5d6863acb	2002-09-13T12:38:12Z	EE+NeoEE	setup:EE+NeoEE
file	data\Empire Earth Base\Empire Earth - The Art of Conquest\Data\WONLobby Resources\Help\HostGame.html	2421	87a45941f9963a75f9f0feec3d0497494b691f96	2002-09-13T12:38:12Z	EE+NeoEE	setup:EE+NeoEE
file	data\Empire Earth Base\Empire Earth - The Art of Conquest\Data\WONLobby Resources\Help\Icons.html	4965	c38926426e98e9f02a1d3145b25571d0c0d98c62	2002-09-13T12:38:14Z	EE+NeoEE	setup:EE+NeoEE
file	data\Empire Earth Base\Empire Earth - The Art of Conquest\Data\WONLobby Resources\Help\Ignore.html	1531	89b6f8ceaf5a7570029c7296c0339b3198e83591	2002-09-13T12:38:14Z	EE+NeoEE	setup:EE+NeoEE
file	data\Empire Earth Base\Empire Earth - The Art of Conquest\Data\WONLobby Resources\Help\LanTab.html	821	86ff968d8407490a68cb40c8bce7c79630cb8b5a	2002-09-13T12:38:14Z	EE+NeoEE	setup:EE+NeoEE
file	data\Empire Earth Base\Empire Earth - The Art of Conquest\Data\WONLobby Resources\Help\LobbyTab.html	2977	d15f6bcd93d9a4b4990132619260929cbd73e585	2002-09-13T12:38:14Z	EE+NeoEE	setup:EE+NeoEE
file	data\Empire Earth Base\Empire Earth - The Art of Conquest\Data\WONLobby Resources\Help\loginhelp.html	10092	9c75a010966ec436f566530b42ed450e78eb50b4	2002-09-13T12:38:14Z	EE+NeoEE	setup:EE+NeoEE
file	data\Empire Earth Base\Empire Earth - The Art of Conquest\Data\WONLobby Resources\Help\OptionsTab.html	9101	a3173d997798750bc9a9726e8a83d116cd5be37b	2002-09-13T12:38:14Z	EE+NeoEE	setup:EE+NeoEE
file	data\Empire Earth Base\Empire Earth - The Art of Conquest\Data\WONLobby Resources\Help\Overview.html	1691	131a45c578b230a182ca7bc4b504bd9c10c7c6fd	2002-09-13T12:38:14Z	EE+NeoEE	setup:EE+NeoEE
file	data\Empire Earth Base\Empire Earth - The Art of Conquest\Data\WONLobby Resources\Help\QuickPlayTab.html	1211	85f60ac3311fde0fb80a328529bcaa82fe6912e4	2002-09-13T12:38:14Z	EE+NeoEE	setup:EE+NeoEE
file	data\Empire Earth Base\Empire Earth - The Art of Conquest\Data\WONLobby Resources\Help\Security.html	4455	56afe5ca33aa1b8087f1caf4b7e0122eee1c7eae	2002-09-13T12:38:14Z	EE+NeoEE	setup:EE+NeoEE
file	data\Empire Earth Base\Empire Earth - The Art of Conquest\Data\WONLobby Resources\Help\Troubleshooting.html	4441	a1322f1b39950b2cea7a17b64eca7d1a4031289b	2002-09-13T12:38:14Z	EE+NeoEE	setup:EE+NeoEE
file	data\Empire Earth Base\Empire Earth - The Art of Conquest\Data\WONLobby Resources\Help\vssver.scc	384	a8310fe21a83e16305940f78c605e5e55a0f3cdc	2002-10-10T14:01:52Z	EE+NeoEE	setup:EE+NeoEE
file	data\Empire Earth Base\Empire Earth - The Art of Conquest\Data\WONLobby Resources\Icons\Admin.png	1327	0474d613f919d02d10543b496ba000eb9233c5cb	2002-09-13T12:38:14Z	EE+NeoEE	setup:EE+NeoEE
file	data\Empire Earth Base\Empire Earth - The Art of Conquest\Data\WONLobby Resources\Icons\AFK.png	1232	619d9f297c8ae721ad2e7ea16167d3ce559ad4d1	2002-09-13T12:38:14Z	EE+NeoEE	setup:EE+NeoEE
file	data\Empire Earth Base\Empire Earth - The Art of Conquest\Data\WONLobby Resources\Icons\Ask2Join.png	1298	4dc1f29906b96f7f59ac419caf155bc266913b39	2002-09-13T12:38:14Z	EE+NeoEE	setup:EE+NeoEE
file	data\Empire Earth Base\Empire Earth - The Art of Conquest\Data\WONLobby Resources\Icons\blank.png	212	e963926cc685292a8fd4cfb5a94e7ba0f1f28e08	2002-09-13T12:38:14Z	EE+NeoEE	setup:EE+NeoEE
file	data\Empire Earth Base\Empire Earth - The Art of Conquest\Data\WONLobby Resources\Icons\Blocked.png	1302	d766d02365e04f8dddd8e6c518e03348cc18b979	2002-09-13T12:38:14Z	EE+NeoEE	setup:EE+NeoEE
file	data\Empire Earth Base\Empire Earth - The Art of Conquest\Data\WONLobby Resources\Icons\BlueCheck.png	1234	2af66cd21c4204be71c0c38519a3bfdf4b21545e	2002-09-13T12:38:14Z	EE+NeoEE	setup:EE+NeoEE
file	data\Empire Earth Base\Empire Earth - The Art of Conquest\Data\WONLobby Resources\Icons\Captain.png	1281	84f4c1876e36b29cd6bf1cf121306f8e066fda5f	2002-09-13T12:38:14Z	EE+NeoEE	setup:EE+NeoEE
file	data\Empire Earth Base\Empire Earth - The Art of Conquest\Data\WONLobby Resources\Icons\Firewall.png	1221	ede50e9bc06d4ce12bb68c6a8ccbff9443137ed9	2002-09-13T12:38:14Z	EE+NeoEE	setup:EE+NeoEE
file	data\Empire Earth Base\Empire Earth - The Art of Conquest\Data\WONLobby Resources\Icons\Flashlight.png	1286	6063ad7fed285cdbdde23802fca889f66682c640	2002-09-13T12:38:14Z	EE+NeoEE	setup:EE+NeoEE
file	data\Empire Earth Base\Empire Earth - The Art of Conquest\Data\WONLobby Resources\Icons\GameClosed.png	1213	d1802abb6abe496478a064cc5c9059883506e3cc	2002-09-13T12:38:14Z	EE+NeoEE	setup:EE+NeoEE
file	data\Empire Earth Base\Empire Earth - The Art of Conquest\Data\WONLobby Resources\Icons\GameOpen.png	1223	fb091956a2df40255507eebe14b4470cf495999a	2002-09-13T12:38:14Z	EE+NeoEE	setup:EE+NeoEE
file	data\Empire Earth Base\Empire Earth - The Art of Conquest\Data\WONLobby Resources\Icons\Ignored.png	1355	28c0e3da4b336b7b3deb3a8c42a1d41e1ccd838c	2002-09-13T12:38:14Z	EE+NeoEE	setup:EE+NeoEE
file	data\Empire Earth Base\Empire Earth - The Art of Conquest\Data\WONLobby Resources\Icons\Invited.png	1267	14af7b01a37a42c1eb0c41d873e6e1930adad3c8	2002-09-13T12:38:14Z	EE+NeoEE	setup:EE+NeoEE
file	data\Empire Earth Base\Empire Earth - The Art of Conquest\Data\WONLobby Resources\Icons\InviteNot.png	1240	7040d8639e16dee5195ace4a0b8cc6bd1bd174e3	2002-09-13T12:38:14Z	EE+NeoEE	setup:EE+NeoEE
file	data\Empire Earth Base\Empire Earth - The Art of Conquest\Data\WONLobby Resources\Icons\Joystick.png	1299	fb7f6d6c6d477c6737366baf212fdc6fd446538d	2002-09-13T12:38:14Z	EE+NeoEE	setup:EE+NeoEE
file	data\Empire Earth Base\Empire Earth - The Art of Conquest\Data\WONLobby Resources\Icons\Moderator.png	1375	db49c97c0676ed79d7c73ab12ac2756b9f559965	2002-09-13T12:38:14Z	EE+NeoEE	setup:EE+NeoEE
file	data\Empire Earth Base\Empire Earth - The Art of Conquest\Data\WONLobby Resources\Icons\Muted.png	1364	2f920a959aed27331ec7edbe1b64d7f368a2de99	2002-09-13T12:38:14Z	EE+NeoEE	setup:EE+NeoEE
file	data\Empire Earth Base\Empire Earth - The Art of Conquest\Data\WONLobby Resources\Icons\Password.png	1258	d2fa07797d566e156f02d4fe7434215b13133223	2002-09-13T12:38:14Z	EE+NeoEE	setup:EE+NeoEE
file	data\Empire Earth Base\Empire Earth - The Art of Conquest\Data\WONLobby Resources\Icons\SkillAdvanced.png	1266	8c9643dbf2ecbc990273c498f2142aa858a2d840	2002-09-13T12:38:14Z	EE+NeoEE	setup:EE+NeoEE
file	data\Empire Earth Base\Empire Earth - The Art of Conquest\Data\WONLobby Resources\Icons\SkillExpert.png	1245	fc534fdc8b1ef9108cd8d25037d482d0baeb01d6	2002-09-13T12:38:14Z	EE+NeoEE	setup:EE+NeoEE
file	data\Empire Earth Base\Empire Earth - The Art of Conquest\Data\WONLobby Resources\Icons\SkillIntermediate.png	1244	2ed93e1ff33655c9761b2754ad674d5f5101c434	2002-09-13T12:38:14Z	EE+NeoEE	setup:EE+NeoEE
file	data\Empire Earth Base\Empire Earth - The Art of Conquest\Data\WONLobby Resources\Icons\SkillNovice.png	1227	f88f827c28a2c2904ffd8839c7d1c01a77bb4255	2002-09-13T12:38:14Z	EE+NeoEE	setup:EE+NeoEE
file	data\Empire Earth Base\Empire Earth - The Art of Conquest\Data\WONLobby Resources\Icons\Tombstone.png	1288	feb38eb3e5ee9f6cd32f31c88b3d1806d09b670d	2002-09-13T12:38:14Z	EE+NeoEE	setup:EE+NeoEE
file	data\Empire Earth Base\Empire Earth - The Art of Conquest\Data\WONLobby Resources\Icons\vssver.scc	400	3ff5a3f4d5a25ac40f2486aca52c82f07e96597f	2002-09-13T12:38:14Z	EE+NeoEE	setup:EE+NeoEE
file	data\Empire Earth Base\Empire Earth - The Art of Conquest\Data\WONLobby Resources\Images\bkg_fleet.jpg	353369	2aae19d70140cbb639f119a58ec19733415da081	2002-08-20T10:51:52Z	EE+NeoEE	setup:EE+NeoEE
file	data\Empire Earth Base\Empire Earth - The Art of Conquest\Data\WONLobby Resources\Images\DefaultBanner.jpg	10207	af49ad83497d28f1b1b1e1111d807911e9e3a41f	2002-09-13T12:38:14Z	EE+NeoEE	setup:EE+NeoEE
file	data\Empire Earth Base\Empire Earth - The Art of Conquest\Data\WONLobby Resources\Images\Logo.jpg	28594	0ef728718abb09cd23a96b7158783db1c2a7bf77	2002-08-20T10:51:52Z	EE+NeoEE	setup:EE+NeoEE
file	data\Empire Earth Base\Empire Earth - The Art of Conquest\Data\WONLobby Resources\Images\main_menu_compilation.jpg	659960	f783b13717f51d59b89ad322379ae5726a5d77dc	2002-08-20T10:51:52Z	EE+NeoEE	setup:EE+NeoEE
file	data\Empire Earth Base\Empire Earth - The Art of Conquest\Data\WONLobby Resources\Images\MainBackgroundTile.jpg	2251	4139ce3527d4f772b380c4348f7341ac9f5c0221	2002-09-13T12:38:14Z	EE+NeoEE	setup:EE+NeoEE
file	data\Empire Earth Base\Empire Earth - The Art of Conquest\Data\WONLobby Resources\Images\QuickPlayBottom.jpg	26378	62c9fcf17161c6b9bc87377924bee61d1c04b2ea	2002-09-13T12:38:14Z	EE+NeoEE	setup:EE+NeoEE
file	data\Empire Earth Base\Empire Earth - The Art of Conquest\Data\WONLobby Resources\Images\SierraLogo.png	3210	f13970b62766539683a3d485480ce3bc633d5f94	2002-09-13T12:38:14Z	EE+NeoEE	setup:EE+NeoEE
file	data\Empire Earth Base\Empire Earth - The Art of Conquest\Data\WONLobby Resources\Images\vssver.scc	144	58848ba658e96e20f9fcc115b1f880d22fee68f5	2002-09-13T13:01:38Z	EE+NeoEE	setup:EE+NeoEE
file	data\Empire Earth Base\Empire Earth - The Art of Conquest\Data\WONLobby Resources\InitFailedCtrl.cfg	951	399ec81adb19f05e707f4b221e7ff6ce4461e66c	2002-09-13T12:38:12Z	EE+NeoEE	setup:EE+NeoEE
file	data\Empire Earth Base\Empire Earth - The Art of Conquest\Data\WONLobby Resources\InternetGameStagingCtrl.cfg	849	fa3ce85b9ebf55924f1f122ff76b469df3df2449	2002-09-13T12:38:12Z	EE+NeoEE	setup:EE+NeoEE
file	data\Empire Earth Base\Empire Earth - The Art of Conquest\Data\WONLobby Resources\InternetOptions.cfg	1693	474d1959365d401f789e2d65146382ebaf1ec6f4	2002-09-13T12:38:12Z	EE+NeoEE	setup:EE+NeoEE
file	data\Empire Earth Base\Empire Earth - The Art of Conquest\Data\WONLobby Resources\InternetQuickPlay.cfg	2458	8d9270173ce290615233af3dcd8805cc5d7b3242	2002-09-13T12:38:12Z	EE+NeoEE	setup:EE+NeoEE
file	data\Empire Earth Base\Empire Earth - The Art of Conquest\Data\WONLobby Resources\InternetScreen.cfg	2233	c8fc1fcf1e162b69a3401ad46edd8eeff87def61	2023-01-24T23:36:04Z	EE+NeoEE	setup:EE+NeoEE
file	data\Empire Earth Base\Empire Earth - The Art of Conquest\Data\WONLobby Resources\LANNameDialog.cfg	836	cfd2a9b9fb591c4b15ea8a2ca16a93d13cf16fbe	2002-09-13T12:38:12Z	EE+NeoEE	setup:EE+NeoEE
file	data\Empire Earth Base\Empire Earth - The Art of Conquest\Data\WONLobby Resources\LanOptions.cfg	2544	40c14f4e37e59ff1694bcfc38c6dd9ed0c0d8493	2002-09-13T12:38:12Z	EE+NeoEE	setup:EE+NeoEE
file	data\Empire Earth Base\Empire Earth - The Art of Conquest\Data\WONLobby Resources\LANPortDialog.cfg	1494	19528c0788c1b09983d32e59f4a8f3efb1439fda	2002-09-13T12:38:12Z	EE+NeoEE	setup:EE+NeoEE
file	data\Empire Earth Base\Empire Earth - The Art of Conquest\Data\WONLobby Resources\LanScreen.cfg	1867	d1a74d5af74fd8399c40b6f8feaa180531aa95f8	2023-01-24T23:36:12Z	EE+NeoEE	setup:EE+NeoEE
file	data\Empire Earth Base\Empire Earth - The Art of Conquest\Data\WONLobby Resources\LoginCtrl.cfg	2114	b34fb405c3b4f59ea95b232f623d20b7f485d717	2002-09-13T12:38:12Z	EE+NeoEE	setup:EE+NeoEE
file	data\Empire Earth Base\Empire Earth - The Art of Conquest\Data\WONLobby Resources\LoginHelpCtrl.cfg	95	e9289b22373badce6cec036d02983531cd7e682d	2002-09-13T12:38:12Z	EE+NeoEE	setup:EE+NeoEE
file	data\Empire Earth Base\Empire Earth - The Art of Conquest\Data\WONLobby Resources\LoginScreen.cfg	3020	caa138b1419f2d5ce3254bfae797da22ed74f2bd	2002-09-13T12:38:12Z	EE+NeoEE	setup:EE+NeoEE
file	data\Empire Earth Base\Empire Earth - The Art of Conquest\Data\WONLobby Resources\LoginStatusCtrl.cfg	951	22753446eaefa778e7e8fa7e910687c59bc6f9ee	2002-09-13T12:38:12Z	EE+NeoEE	setup:EE+NeoEE
file	data\Empire Earth Base\Empire Earth - The Art of Conquest\Data\WONLobby Resources\LostPasswordCtrl.cfg	1077	94eb5b07b49df0ee005e6d6af6dece4c9683ad1a	2002-09-13T12:38:12Z	EE+NeoEE	setup:EE+NeoEE
file	data\Empire Earth Base\Empire Earth - The Art of Conquest\Data\WONLobby Resources\LostUserNameCtrl.cfg	1037	98ec1c76e921a375482dec78ae3a277aa8da1267	2002-09-13T12:38:12Z	EE+NeoEE	setup:EE+NeoEE
file	data\Empire Earth Base\Empire Earth - The Art of Conquest\Data\WONLobby Resources\MainInternetTab.cfg	2705	15a954cf841acab0235ad4bcd8ad6a9e6c4e81d9	2002-09-13T12:38:12Z	EE+NeoEE	setup:EE+NeoEE
file	data\Empire Earth Base\Empire Earth - The Art of Conquest\Data\WONLobby Resources\MainLanTab.cfg	293	0e2dc39f030e6a858e058b153135ffd977b703b3	2002-09-13T12:38:12Z	EE+NeoEE	setup:EE+NeoEE
file	data\Empire Earth Base\Empire Earth - The Art of Conquest\Data\WONLobby Resources\MOTDCtrl.cfg	1350	07345eb070f37cb3f491373da7868fd75a167c66	2002-09-13T12:38:12Z	EE+NeoEE	setup:EE+NeoEE
file	data\Empire Earth Base\Empire Earth - The Art of Conquest\Data\WONLobby Resources\OkCancelDialog.cfg	1823	0069960042818eba1af3bb7e228d1f9c7346b6b1	2002-09-13T12:38:12Z	EE+NeoEE	setup:EE+NeoEE
file	data\Empire Earth Base\Empire Earth - The Art of Conquest\Data\WONLobby Resources\PasswordDialog.cfg	886	c4a98d5b685023cc736b0599409ca18aa0382f17	2002-09-13T12:38:12Z	EE+NeoEE	setup:EE+NeoEE
file	data\Empire Earth Base\Empire Earth - The Art of Conquest\Data\WONLobby Resources\PlayerOptionsCtrl.cfg	3736	8853efa6dbb9ed1a4bd1d29ccdb2ae06014311e6	2002-09-13T12:38:12Z	EE+NeoEE	setup:EE+NeoEE
file	data\Empire Earth Base\Empire Earth - The Art of Conquest\Data\WONLobby Resources\RoomCtrl.cfg	831	744516885e81d16283da70dfe6153587ed16b43d	2002-09-13T12:38:12Z	EE+NeoEE	setup:EE+NeoEE
file	data\Empire Earth Base\Empire Earth - The Art of Conquest\Data\WONLobby Resources\RoomDialog.cfg	144	7653058bce1b660224e55dbafeab752a44448d59	2002-09-13T12:38:12Z	EE+NeoEE	setup:EE+NeoEE
file	data\Empire Earth Base\Empire Earth - The Art of Conquest\Data\WONLobby Resources\RoomLabelCtrl.cfg	166	4da85e99d84736f345c71e3211d3b9897874fe82	2002-09-13T12:38:12Z	EE+NeoEE	setup:EE+NeoEE
file	data\Empire Earth Base\Empire Earth - The Art of Conquest\Data\WONLobby Resources\RootScreen.cfg	1873	f7fbf37b6adb5cdfbeb8dbb8019c9b47b4f18a61	2002-09-13T12:38:12Z	EE+NeoEE	setup:EE+NeoEE
file	data\Empire Earth Base\Empire Earth - The Art of Conquest\Data\WONLobby Resources\ServerListCtrl.cfg	3425	aa14ee67313ac4b7580323a628131413f9057f3e	2002-09-13T12:38:12Z	EE+NeoEE	setup:EE+NeoEE
file	data\Empire Earth Base\Empire Earth - The Art of Conquest\Data\WONLobby Resources\ServerListCustomHeader.cfg	238	f0524ed805882986466650d076d85c04984bec05	2002-09-13T12:38:12Z	EE+NeoEE	setup:EE+NeoEE
file	data\Empire Earth Base\Empire Earth - The Art of Conquest\Data\WONLobby Resources\Skin\ArrowCursor.png	1440	973de83a155eb791f5b1e0826bffd2b17f9bc020	2002-09-13T12:38:14Z	EE+NeoEE	setup:EE+NeoEE
file	data\Empire Earth Base\Empire Earth - The Art of Conquest\Data\WONLobby Resources\Skin\Buttons.png	466	33acfe5cae86a11f38b7521d2d6574d644c70b58	2002-09-13T12:38:14Z	EE+NeoEE	setup:EE+NeoEE
file	data\Empire Earth Base\Empire Earth - The Art of Conquest\Data\WONLobby Resources\Skin\Checkbox.png	1782	6b53d6b8e5c292f6e5e8bf6e3c898fd18d8f1d49	2002-09-13T12:38:14Z	EE+NeoEE	setup:EE+NeoEE
file	data\Empire Earth Base\Empire Earth - The Art of Conquest\Data\WONLobby Resources\Skin\CloseButton.png	1485	aee38bae04d80c0719be73b213829c31eb446835	2002-09-13T12:38:14Z	EE+NeoEE	setup:EE+NeoEE
file	data\Empire Earth Base\Empire Earth - The Art of Conquest\Data\WONLobby Resources\Skin\ComboButton.png	1458	a208c0549bb83deab2f087946f13db1fc443ac06	2002-09-13T12:38:14Z	EE+NeoEE	setup:EE+NeoEE
file	data\Empire Earth Base\Empire Earth - The Art of Conquest\Data\WONLobby Resources\Skin\Dialog2.png	14600	23c4363f4b4b8d6d1727a38d7d5d7fa6f686631f	2022-03-05T07:20:58Z	EE+NeoEE	setup:EE+NeoEE
file	data\Empire Earth Base\Empire Earth - The Art of Conquest\Data\WONLobby Resources\Skin\GoldDialog.png	8642	8da1a1a8080de5af9b7403b0d5208781b7fed654	2022-03-05T07:20:58Z	EE+NeoEE	setup:EE+NeoEE
file	data\Empire Earth Base\Empire Earth - The Art of Conquest\Data\WONLobby Resources\Skin\Header.png	1552	76018b638cf92ba7333ef21007f963d550f3cafd	2002-09-13T12:38:14Z	EE+NeoEE	setup:EE+NeoEE
file	data\Empire Earth Base\Empire Earth - The Art of Conquest\Data\WONLobby Resources\Skin\MenuButtons.png	466	33acfe5cae86a11f38b7521d2d6574d644c70b58	2002-09-13T12:38:14Z	EE+NeoEE	setup:EE+NeoEE
file	data\Empire Earth Base\Empire Earth - The Art of Conquest\Data\WONLobby Resources\Skin\OptionButtons.png	1041	0ce045152f9990ef048f94230c909f10d3e988e9	2002-09-13T12:38:14Z	EE+NeoEE	setup:EE+NeoEE
file	data\Empire Earth Base\Empire Earth - The Art of Conquest\Data\WONLobby Resources\Skin\Radio.png	1822	013be0cb9c95190e03983492e0d61664e6ab4b85	2002-09-13T12:38:14Z	EE+NeoEE	setup:EE+NeoEE
file	data\Empire Earth Base\Empire Earth - The Art of Conquest\Data\WONLobby Resources\Skin\Scrollbar.png	3448	72092c76cbd6900901f263f193f6a8e805498568	2002-09-13T12:38:14Z	EE+NeoEE	setup:EE+NeoEE
file	data\Empire Earth Base\Empire Earth - The Art of Conquest\Data\WONLobby Resources\Skin\SilverDialog.png	10987	01e91c7dff8aa1923c66ee194f5938898e8cf059	2022-03-05T07:20:58Z	EE+NeoEE	setup:EE+NeoEE
file	data\Empire Earth Base\Empire Earth - The Art of Conquest\Data\WONLobby Resources\Skin\TabBorder.png	162	e8a940761e219e7e154185de66cd95790f845467	2002-09-13T12:38:14Z	EE+NeoEE	setup:EE+NeoEE
file	data\Empire Earth Base\Empire Earth - The Art of Conquest\Data\WONLobby Resources\Skin\Tabs.png	439	9c07a9bb0945aaca636672ac6c412ebbfeb82530	2002-09-13T12:38:14Z	EE+NeoEE	setup:EE+NeoEE
file	data\Empire Earth Base\Empire Earth - The Art of Conquest\Data\WONLobby Resources\Skin\vssver.scc	272	b126aa42c9f746fb1a1d37db97dba619f60ab305	2002-09-13T12:38:14Z	EE+NeoEE	setup:EE+NeoEE
file	data\Empire Earth Base\Empire Earth - The Art of Conquest\Data\WONLobby Resources\Sounds\AllNotReady.wav	49286	22c1c0a23a0ae7638c1191b5253105518aad12c3	2002-09-13T12:38:14Z	EE+NeoEE	setup:EE+NeoEE
file	data\Empire Earth Base\Empire Earth - The Art of Conquest\Data\WONLobby Resources\Sounds\AllReady.wav	106574	986368d752ff6ac77893e54b2508e77fe275139e	2002-09-13T12:38:14Z	EE+NeoEE	setup:EE+NeoEE
file	data\Empire Earth Base\Empire Earth - The Art of Conquest\Data\WONLobby Resources\Sounds\AskToJoinRecv.wav	74024	600a8b94da709df5ecf75d1ed627950378cb4602	2002-09-13T12:38:14Z	EE+NeoEE	setup:EE+NeoEE
file	data\Empire Earth Base\Empire Earth - The Art of Conquest\Data\WONLobby Resources\Sounds\ButtonClick.wav	4168	06a82047de7dbdb782cd2d0dff27ccada35f4e46	2002-09-13T12:38:16Z	EE+NeoEE	setup:EE+NeoEE
file	data\Empire Earth Base\Empire Earth - The Art of Conquest\Data\WONLobby Resources\Sounds\Error.wav	33928	e51283310e492f9ed06808d947b90ae4c211eb0e	2002-09-13T12:38:16Z	EE+NeoEE	setup:EE+NeoEE
file	data\Empire Earth Base\Empire Earth - The Art of Conquest\Data\WONLobby Resources\Sounds\FriendJoined.wav	19012	32872995dc31f5fbceb4006f48584368322380d0	2002-09-13T12:38:16Z	EE+NeoEE	setup:EE+NeoEE
file	data\Empire Earth Base\Empire Earth - The Art of Conquest\Data\WONLobby Resources\Sounds\FriendLeft.wav	22896	7ed7a8abdbba0cd879056039e158066a6d5b624e	2002-09-13T12:38:16Z	EE+NeoEE	setup:EE+NeoEE
file	data\Empire Earth Base\Empire Earth - The Art of Conquest\Data\WONLobby Resources\Sounds\InviteRecv.wav	71440	33e4024752b535729d4b65deacab947e03c0695b	2002-09-13T12:38:16Z	EE+NeoEE	setup:EE+NeoEE
file	data\Empire Earth Base\Empire Earth - The Art of Conquest\Data\WONLobby Resources\Sounds\LobbyMusic.wav	70568	9e08b21f1b474a2f00c1a0108cf1a3cd4ecfc684	2002-09-13T12:38:16Z	EE+NeoEE	setup:EE+NeoEE
file	data\Empire Earth Base\Empire Earth - The Art of Conquest\Data\WONLobby Resources\Sounds\PlayerJoined.wav	52850	687f338bc590c1c4ee1ef9016f66c32b1b82fd92	2002-09-13T12:38:16Z	EE+NeoEE	setup:EE+NeoEE
file	data\Empire Earth Base\Empire Earth - The Art of Conquest\Data\WONLobby Resources\Sounds\SierraLogon.wav	967044	126b10ef27c468d824a7a6baaa0093d1f7b8c3e8	2002-09-13T12:38:16Z	EE+NeoEE	setup:EE+NeoEE
file	data\Empire Earth Base\Empire Earth - The Art of Conquest\Data\WONLobby Resources\Sounds\vssver.scc	224	4db7a50cf216c2c6a13ca5b6e4a4dfccfcdd4aa7	2002-09-13T12:38:16Z	EE+NeoEE	setup:EE+NeoEE
file	data\Empire Earth Base\Empire Earth - The Art of Conquest\Data\WONLobby Resources\Sounds\WhisperRecv.wav	88374	34fd7864cce7ee4af4a3e517bb4de9150866808a	2002-09-13T12:38:16Z	EE+NeoEE	setup:EE+NeoEE
file	data\Empire Earth Base\Empire Earth - The Art of Conquest\Data\WONLobby Resources\StatusDialog.cfg	1692	8c653e83cefe51897cbbf81c8ca988839d8e65dc	2002-09-13T12:38:12Z	EE+NeoEE	setup:EE+NeoEE
file	data\Empire Earth Base\Empire Earth - The Art of Conquest\Data\WONLobby Resources\TOUDialog.cfg	1163	f47b80fd1675d8d4fa732028a6afde31b841ec74	2002-09-13T12:38:12Z	EE+NeoEE	setup:EE+NeoEE
file	data\Empire Earth Base\Empire Earth - The Art of Conquest\Data\WONLobby Resources\UpdateAccountCtrl.cfg	3671	65a742c9c5d2c994d9f8041de59faca56313fc95	2002-09-13T12:38:12Z	EE+NeoEE	setup:EE+NeoEE
file	data\Empire Earth Base\Empire Earth - The Art of Conquest\Data\WONLobby Resources\UserListCtrl.cfg	790	9c5bcf76408c6a44e33b73d03a962cf5da1cadf9	2002-09-13T12:38:12Z	EE+NeoEE	setup:EE+NeoEE
file	data\Empire Earth Base\Empire Earth - The Art of Conquest\Data\WONLobby Resources\UserListTabCtrl.cfg	389	df7448a39d820c4a020243c62700bf0217f84f8a	2002-09-13T12:38:12Z	EE+NeoEE	setup:EE+NeoEE
file	data\Empire Earth Base\Empire Earth - The Art of Conquest\Data\WONLobby Resources\vssver.scc	128	b0f49c42a7545a98939a85a18f6547ee1f6de509	2002-10-10T14:01:52Z	EE+NeoEE	setup:EE+NeoEE
file	data\Empire Earth Base\Empire Earth - The Art of Conquest\Default.dll	127073	8327a282b43c48883d1889c084af4541d7f6880a	2002-08-16T18:05:18Z	EE+NeoEE	setup:EE+NeoEE
file	data\Empire Earth Base\Empire Earth - The Art of Conquest\DX7HRDisplay.dll	98419	0a961bcdc3e81103fea306942c41a37b3119203a	2002-08-16T18:05:48Z	EE+NeoEE	setup:EE+NeoEE
file	data\Empire Earth Base\Empire Earth - The Art of Conquest\DX7HRGame.dll	6144	2b1df2cc94ce19658dbef6d576338398de9c1359	2021-05-20T20:01:56Z	EE+NeoEE	setup:EE+NeoEE
file	data\Empire Earth Base\Empire Earth - The Art of Conquest\DX7HRTnLDisplay.dll	106617	2d606418ac49dbe338aa5af7173d7c694a2d57cc	2002-08-16T18:06:34Z	EE+NeoEE	setup:EE+NeoEE
file	data\Empire Earth Base\Empire Earth - The Art of Conquest\EE-AOC.exe	6328576	d98db559b6b6f85f9f599bc09953202340d0ef76	2022-08-31T19:54:38Z	EE+NeoEE	setup:EE+NeoEE
file	data\Empire Earth Base\Empire Earth - The Art of Conquest\EULA.txt	13923	a164a19d68325a01613306e81bd77b5595642f41	2002-08-29T14:47:40Z	EE+NeoEE	setup:EE+NeoEE
file	data\Empire Earth Base\Empire Earth - The Art of Conquest\game.ico	4286	e4d427e73f232b3e754436f2c66e56f96a49adec	2021-02-18T02:27:28Z	EE+NeoEE	setup:EE+NeoEE
file	data\Empire Earth Base\Empire Earth - The Art of Conquest\help.rtf	71312	ba9288e84c7beaf690e8781a3de578db2a071696	2022-12-24T21:29:02Z	EE+NeoEE	setup:EE+NeoEE
file	data\Empire Earth Base\Empire Earth - The Art of Conquest\Language.dll	217154	62810769e99c32a6e2b919ba9ebde389d9d53830	2002-08-20T10:55:04Z	EE+NeoEE	setup:EE+NeoEE
file	data\Empire Earth Base\Empire Earth - The Art of Conquest\Low-Level Engine.dll	1138762	9949b6912c13e098b58bec3f7fb332fab8481273	2002-08-16T17:13:34Z	EE+NeoEE	setup:EE+NeoEE
file	data\Empire Earth Base\Empire Earth - The Art of Conquest\Manual\AoC Manual.pdf	591861	94fc9a8f849dfc755b41a382d95df94edd371fa5	2002-07-02T16:06:24Z	EE+NeoEE	setup:EE+NeoEE
file	data\Empire Earth Base\Empire Earth - The Art of Conquest\Manual\AoC Scenario Editor Manual.pdf	626898	c16faa0d12bc0960b3fe87a0fc04208728b67591	2002-08-16T22:26:48Z	EE+NeoEE	setup:EE+NeoEE
file	data\Empire Earth Base\Empire Earth - The Art of Conquest\Manual\AoC Technology Tree.pdf	93076	013c2756932a4713396ae4c2042392140c090708	2002-07-02T12:24:42Z	EE+NeoEE	setup:EE+NeoEE
file	data\Empire Earth Base\Empire Earth - The Art of Conquest\Miles Sound System Mixer.dll	28787	76b2263577db1ef8aaee9909ff19dd8964b10017	2002-08-16T18:06:48Z	EE+NeoEE	setup:EE+NeoEE
file	data\Empire Earth Base\Empire Earth - The Art of Conquest\Mss32.dll	346624	ceaab7f1e0fc1cf2a8257caa7036dca2ee79da92	2002-05-17T14:11:22Z	EE+NeoEE	setup:EE+NeoEE
file	data\Empire Earth Base\Empire Earth - The Art of Conquest\readme.txt	37208	551baacd0d2691ddee264cc46c84fd6ce24a7edc	2002-08-29T15:07:30Z	EE+NeoEE	setup:EE+NeoEE
file	data\Empire Earth Base\Empire Earth - The Art of Conquest\redist\win32\Autopan.flt	40960	933b33768705221ae32e2afc31316c06fd0f8d2c	2002-08-18T18:22:44Z	EE+NeoEE	setup:EE+NeoEE
file	data\Empire Earth Base\Empire Earth - The Art of Conquest\redist\win32\Bandpass.flt	41472	5a0ab7bebff6f482225db984e14bd69024c3fc91	2002-08-18T18:22:44Z	EE+NeoEE	setup:EE+NeoEE
file	data\Empire Earth Base\Empire Earth - The Art of Conquest\redist\win32\Capture.flt	33792	ac41ce68ab0fdc8bc136b8bb57d0709fe53cd6d1	2002-08-18T18:22:44Z	EE+NeoEE	setup:EE+NeoEE
file	data\Empire Earth Base\Empire Earth - The Art of Conquest\redist\win32\Chorus.flt	41984	c92e0af374dc5d214f3496da4aa4e9e5e1108bb5	2002-08-18T18:22:44Z	EE+NeoEE	setup:EE+NeoEE
file	data\Empire Earth Base\Empire Earth - The Art of Conquest\redist\win32\Compress.flt	40960	d1ef5e461827513a6642611911b4a20519bb4c6a	2002-08-18T18:22:44Z	EE+NeoEE	setup:EE+NeoEE
file	data\Empire Earth Base\Empire Earth - The Art of Conquest\redist\win32\Flange.flt	41472	2d01ad547c84db2d92e0f47917ec280823251be4	2002-08-18T18:22:44Z	EE+NeoEE	setup:EE+NeoEE
file	data\Empire Earth Base\Empire Earth - The Art of Conquest\redist\win32\Highpass.flt	40960	4419da25d1b042c6551ded484e83757f87e42d87	2002-08-18T18:22:44Z	EE+NeoEE	setup:EE+NeoEE
file	data\Empire Earth Base\Empire Earth - The Art of Conquest\redist\win32\Laginter.flt	45056	fdca61d35f98e48f18f6ee5ecb9e9cd9512cc711	2002-08-18T18:22:44Z	EE+NeoEE	setup:EE+NeoEE
file	data\Empire Earth Base\Empire Earth - The Art of Conquest\redist\win32\Lowpass.flt	40960	f809b0600c0f284f945f0ee43a966cfde32794e5	2002-08-18T18:22:44Z	EE+NeoEE	setup:EE+NeoEE
file	data\Empire Earth Base\Empire Earth - The Art of Conquest\redist\win32\Mdelay.flt	41472	4a488dc181b5d0b121ad02b25dabf1c54561ea35	2002-08-18T18:22:44Z	EE+NeoEE	setup:EE+NeoEE
file	data\Empire Earth Base\Empire Earth - The Art of Conquest\redist\win32\Mp3dec.asi	125952	a317357e6c3869d838aaf4bfa7d4b59e22f0adfb	2002-08-18T18:22:44Z	EE+NeoEE	setup:EE+NeoEE
file	data\Empire Earth Base\Empire Earth - The Art of Conquest\redist\win32\Mssa3d.m3d	51200	14df1df14049ac98ec63265f2102cee11875c60e	2002-08-18T18:22:44Z	EE+NeoEE	setup:EE+NeoEE
file	data\Empire Earth Base\Empire Earth - The Art of Conquest\redist\win32\Mssa3d2.m3d	60928	284e572b3be8b27b0e3edc06e951ad3511171e52	2002-08-18T18:22:44Z	EE+NeoEE	setup:EE+NeoEE
file	data\Empire Earth Base\Empire Earth - The Art of Conquest\redist\win32\Mssdolby.m3d	64512	d29d8d565c283afe9d5f27750603ed7bb3c01809	2002-08-18T18:22:46Z	EE+NeoEE	setup:EE+NeoEE
file	data\Empire Earth Base\Empire Earth - The Art of Conquest\redist\win32\Mssds3dh.m3d	50688	fdb9fa5fea17d6b30d17db3cefbcaf1e9c476a9f	2002-08-18T18:22:46Z	EE+NeoEE	setup:EE+NeoEE
file	data\Empire Earth Base\Empire Earth - The Art of Conquest\redist\win32\Mssds3ds.m3d	50688	a1c91223950674786454d155140f9e85e28c6474	2002-08-18T18:22:46Z	EE+NeoEE	setup:EE+NeoEE
file	data\Empire Earth Base\Empire Earth - The Art of Conquest\redist\win32\Mssdx7sh.m3d	50688	55315dbe7ed28ef54c6f7dcfc3facc92a9236f7a	2002-08-18T18:22:46Z	EE+NeoEE	setup:EE+NeoEE
file	data\Empire Earth Base\Empire Earth - The Art of Conquest\redist\win32\Mssdx7sl.m3d	50688	b3673f47d07a61c9c603fb4dd2fa11687d1195d1	2002-08-18T18:22:46Z	EE+NeoEE	setup:EE+NeoEE
file	data\Empire Earth Base\Empire Earth - The Art of Conquest\redist\win32\Mssdx7sn.m3d	50688	d27bb511c28e31a16bcbd1affeba66b833a827d7	2002-08-18T18:22:46Z	EE+NeoEE	setup:EE+NeoEE
file	data\Empire Earth Base\Empire Earth - The Art of Conquest\redist\win32\Msseax.m3d	53760	eb6ac63422b7759798403c87b70c35f0dabd4f06	2002-08-18T18:22:46Z	EE+NeoEE	setup:EE+NeoEE
file	data\Empire Earth Base\Empire Earth - The Art of Conquest\redist\win32\Msseax2.m3d	69120	096aa8f62126f60394b758c98a65b659c4649a9d	2002-08-18T18:22:46Z	EE+NeoEE	setup:EE+NeoEE
file	data\Empire Earth Base\Empire Earth - The Art of Conquest\redist\win32\Mssfast.m3d	62976	afa9b94f30e82e37e490888335b18ac2fda3a9de	2002-08-18T18:22:46Z	EE+NeoEE	setup:EE+NeoEE
file	data\Empire Earth Base\Empire Earth - The Art of Conquest\redist\win32\Mssrsx.m3d	352768	060a1f50708361684465a63e1bafd689e4f4208c	2002-08-18T18:22:46Z	EE+NeoEE	setup:EE+NeoEE
file	data\Empire Earth Base\Empire Earth - The Art of Conquest\redist\win32\Mssv12.asi	142848	7cdb81a67b80e870e6728b1e72cb29c932f0970d	2002-08-18T18:22:46Z	EE+NeoEE	setup:EE+NeoEE
file	data\Empire Earth Base\Empire Earth - The Art of Conquest\redist\win32\Mssv24.asi	134144	294ede6600b1933373b59280f36c5e5de995b646	2002-08-18T18:22:46Z	EE+NeoEE	setup:EE+NeoEE
file	data\Empire Earth Base\Empire Earth - The Art of Conquest\redist\win32\Mssv29.asi	161280	6b85a0846549a4d91c92dc983b6b3562b90d1e66	2002-08-18T18:22:46Z	EE+NeoEE	setup:EE+NeoEE
file	data\Empire Earth Base\Empire Earth - The Art of Conquest\redist\win32\Parmeq.flt	41472	bc5529daa32f79df42e3c279b85ec20b998fdace	2002-08-18T18:22:48Z	EE+NeoEE	setup:EE+NeoEE
file	data\Empire Earth Base\Empire Earth - The Art of Conquest\redist\win32\Phaser.flt	52224	7a4bb372461cbd5520cab7bf3dc5cb44636d0d10	2002-08-18T18:22:48Z	EE+NeoEE	setup:EE+NeoEE
file	data\Empire Earth Base\Empire Earth - The Art of Conquest\redist\win32\Reson.flt	40960	a52c71d31747a4047d57e328103bcea87b7d2c97	2002-08-18T18:22:48Z	EE+NeoEE	setup:EE+NeoEE
file	data\Empire Earth Base\Empire Earth - The Art of Conquest\redist\win32\Reverb1.flt	41984	547a69a685600b9e2b0769cdc8844794e60b452e	2002-08-18T18:22:48Z	EE+NeoEE	setup:EE+NeoEE
file	data\Empire Earth Base\Empire Earth - The Art of Conquest\redist\win32\Reverb2.flt	52736	baf6f019d27d7d05f399bd5b733d62b9db694ada	2002-08-18T18:22:48Z	EE+NeoEE	setup:EE+NeoEE
file	data\Empire Earth Base\Empire Earth - The Art of Conquest\redist\win32\Reverb3.flt	56832	bf3783c38861264277ac36fc8af2c01a9cc3c5ee	2002-08-18T18:22:48Z	EE+NeoEE	setup:EE+NeoEE
file	data\Empire Earth Base\Empire Earth - The Art of Conquest\redist\win32\Ringmod.flt	41472	f12ca8f08b5c3e403a3ea278863623a6e547fabe	2002-08-18T18:22:48Z	EE+NeoEE	setup:EE+NeoEE
file	data\Empire Earth Base\Empire Earth - The Art of Conquest\redist\win32\Sdelay.flt	41472	7712b4c08c3fc82a8742b385ad3c0d591b365f78	2002-08-18T18:22:48Z	EE+NeoEE	setup:EE+NeoEE
file	data\Empire Earth Base\Empire Earth - The Art of Conquest\redist\win32\Shelfeq.flt	52736	da0430ec1e078ec898e7a623a0a2ab5b613cab5c	2002-08-18T18:22:48Z	EE+NeoEE	setup:EE+NeoEE
file	data\Empire Earth Base\Empire Earth - The Art of Conquest\redist\win32\vssver.scc	592	47775d2321aeb442caaf47ce0a7fc833cab8c147	2002-08-18T18:22:48Z	EE+NeoEE	setup:EE+NeoEE
file	data\Empire Earth Base\Empire Earth - The Art of Conquest\sxlrt233.dll	933888	b35769b355979b7d33d1957517eaa19c5b6c9d1d	2002-05-20T16:43:08Z	EE+NeoEE	setup:EE+NeoEE
file	data\Empire Earth Base\Empire Earth - The Art of Conquest\TCP Protocol.dll	36957	30297ee68ecad1c82cde067998f0c0af95ad50f1	2002-08-16T18:06:54Z	EE+NeoEE	setup:EE+NeoEE
file	data\Empire Earth Base\Empire Earth - The Art of Conquest\WONLobby.cfg	542	da680c9eae34667cbfbf806675c79bebe90f08ee	2020-12-27T06:22:20Z	EE+NeoEE	setup:EE+NeoEE
file	data\Empire Earth Base\Empire Earth - The Art of Conquest\zzWONVersion.cfg	22	f8a2093993b012c978539a31fd6de7afd48a3eef	2002-08-20T10:48:26Z	EE+NeoEE	setup:EE+NeoEE
file	data\Empire Earth Base\Empire Earth\binkw32.dll	290816	6678ba5dd284ac40f93bd0be5fcecc2b1f8b5389	2001-10-12T15:18:38Z	EE+NeoEE	setup:EE+NeoEE
file	data\Empire Earth Base\Empire Earth\Data\Campaigns\EELearningCampaign.ssa	34443875	2bd3328b6a21782053b59e0b5ca8cc963b487546	2001-10-08T14:43:06Z	EE+NeoEE	setup:EE+NeoEE
file	data\Empire Earth Base\Empire Earth\Data\Campaigns\EETheBritish.ssa	35535233	90226f1ab8e9511b8c80ca15e1727406434bd6ce	2001-10-08T14:38:20Z	EE+NeoEE	setup:EE+NeoEE
file	data\Empire Earth Base\Empire Earth\Data\Campaigns\EETheFuture.ssa	33219586	6f3b233eec9bdbffd68649551c6f7b5d01fd3dcc	2001-10-08T11:33:30Z	EE+NeoEE	setup:EE+NeoEE
file	data\Empire Earth Base\Empire Earth\Data\Campaigns\EETheGermans.ssa	24955798	f461c37bc2d4cbdef32378b82451c13a6708e86c	2001-10-08T11:30:58Z	EE+NeoEE	setup:EE+NeoEE
file	data\Empire Earth Base\Empire Earth\Data\Campaigns\EETheGreeks.ssa	36551061	ea943e44ce4486c10339319157f6ef5fe237d28d	2001-10-01T19:48:58Z	EE+NeoEE	setup:EE+NeoEE
file	data\Empire Earth Base\Empire Earth\Data\data.ssa	163392213	2f529a17b6254ffc3dba071d97713cf964cea92b	2001-10-12T18:54:14Z	EE+NeoEE	setup:EE+NeoEE
file	data\Empire Earth Base\Empire Earth\Data\Models\amb_rock.cem	24	90b08ac3354e0e2ad5d42722178d80863a3c005c	2001-08-13T15:34:18Z	EE+NeoEE	setup:EE+NeoEE
file	data\Empire Earth Base\Empire Earth\Data\Music\Balance.dls	6852612	236f2cd5a8d6af0293be5fa44cb7b8a28d7803c7	2001-07-10T17:53:10Z	EE+NeoEE	setup:EE+NeoEE
file	data\Empire Earth Base\Empire Earth\Data\Music\Balance.sgt	3608	d4f589d6d56534e23e034a5dbf3de0f61780d79e	2001-07-10T17:53:10Z	EE+NeoEE	setup:EE+NeoEE
file	data\Empire Earth Base\Empire Earth\Data\Music\Balance.sty	514470	d1e9c65928db7a333df2055fa62a65ed1481523e	2001-07-10T17:53:10Z	EE+NeoEE	setup:EE+NeoEE
file	data\Empire Earth Base\Empire Earth\Data\Music\Enmity.dls	5683814	b6845018156f04d46a61fdeebee24512c1dbd35b	2001-07-10T17:07:54Z	EE+NeoEE	setup:EE+NeoEE
file	data\Empire Earth Base\Empire Earth\Data\Music\Enmity.sgt	3682	3713935f785dd13f28ec9c28f1ec63861e5e6e9f	2001-07-10T17:07:50Z	EE+NeoEE	setup:EE+NeoEE
file	data\Empire Earth Base\Empire Earth\Data\Music\Enmity.sty	363588	413ad207ff25c25608be0f37cd5175a090c9fdcd	2001-07-10T17:07:50Z	EE+NeoEE	setup:EE+NeoEE
file	data\Empire Earth Base\Empire Earth\Data\Music\Fallen.dls	4514746	08a410cd3d082f52e7e15b8a26dce8ffa1f6c1c3	2001-06-06T16:20:12Z	EE+NeoEE	setup:EE+NeoEE
file	data\Empire Earth Base\Empire Earth\Data\Music\Fallen.sgt	3536	cf9d46635a2a350d470cacf1c86c715e52d45d80	2001-06-06T16:20:12Z	EE+NeoEE	setup:EE+NeoEE
file	data\Empire Earth Base\Empire Earth\Data\Music\Fallen.sty	548202	bc12a1cb996fe853fb0ac7c0cd950bf9cb2b33c2	2001-06-06T16:20:14Z	EE+NeoEE	setup:EE+NeoEE
file	data\Empire Earth Base\Empire Earth\Data\Music\Honor.dls	6020158	e9139661875dcf1e2dbac2e46746267ea4e9661d	2001-04-25T17:16:04Z	EE+NeoEE	setup:EE+NeoEE
file	data\Empire Earth Base\Empire Earth\Data\Music\Honor.sgt	3542	85ae3159e0af94570d6a339f3bfdb14ec81b2ff6	2001-04-25T17:16:04Z	EE+NeoEE	setup:EE+NeoEE
file	data\Empire Earth Base\Empire Earth\Data\Music\Honor.sty	246724	8d3a0329f53e61d63b38fda3f6dbdd82cae1f83d	2001-04-25T17:16:02Z	EE+NeoEE	setup:EE+NeoEE
file	data\Empire Earth Base\Empire Earth\Data\Music\Pawn-Style.sty	338148	ef21fd250ec31690041a4274fe8cd850b72fd984	2001-06-06T16:20:00Z	EE+NeoEE	setup:EE+NeoEE
file	data\Empire Earth Base\Empire Earth\Data\Music\Pawns.sgt	3268	5267daebd6706af81691a228d304d16db8bb8ef7	2001-06-06T16:20:00Z	EE+NeoEE	setup:EE+NeoEE
file	data\Empire Earth Base\Empire Earth\Data\Music\Pawns1.dls	3952102	e037c92266a1435ce5f0f866e4bbe71943bfeaf5	2001-06-06T16:20:00Z	EE+NeoEE	setup:EE+NeoEE
file	data\Empire Earth Base\Empire Earth\Data\Music\Rivers DLS.dls	5747910	cb693809b62c1e218ae93ad9841c183ebd0f3bfb	2001-04-25T17:16:06Z	EE+NeoEE	setup:EE+NeoEE
file	data\Empire Earth Base\Empire Earth\Data\Music\Rivers.sgt	3472	939800b8b36f26bf10c642514aa175744d6dfdb3	2001-04-25T17:16:06Z	EE+NeoEE	setup:EE+NeoEE
file	data\Empire Earth Base\Empire Earth\Data\Music\Rivers.sty	240876	263bd3de7169038a982bc340931443333ac7fc81	2001-04-25T17:16:08Z	EE+NeoEE	setup:EE+NeoEE
file	data\Empire Earth Base\Empire Earth\Data\Music\Shadow2.sgt	3718	c7aa66617d7acf8345fd9ad218ca786f92e1810b	2001-07-10T17:06:44Z	EE+NeoEE	setup:EE+NeoEE
file	data\Empire Earth Base\Empire Earth\Data\Music\Shadows.dls	6294140	cb52a406c14ff70aaf8c70eca09f2e977a63fca3	2001-07-10T17:06:44Z	EE+NeoEE	setup:EE+NeoEE
file	data\Empire Earth Base\Empire Earth\Data\Music\Shadows.sty	325304	d2509c5d13072085379496522f0da414cf41077a	2001-07-10T17:06:44Z	EE+NeoEE	setup:EE+NeoEE
file	data\Empire Earth Base\Empire Earth\Data\Music\Time DLS.dls	5498198	39340b854f499a60a386d5afff9bc8859468b743	2001-04-25T17:16:10Z	EE+NeoEE	setup:EE+NeoEE
file	data\Empire Earth Base\Empire Earth\Data\Music\Time.sgt	3338	f7cd8c7507c73bc34482e053732bb9ac708e8d81	2001-04-25T17:16:10Z	EE+NeoEE	setup:EE+NeoEE
file	data\Empire Earth Base\Empire Earth\Data\Music\Time.sty	297330	460376adfd49ea53d531e87f7611536dff0a0ba9	2001-04-25T17:16:10Z	EE+NeoEE	setup:EE+NeoEE
file	data\Empire Earth Base\Empire Earth\Data\Random Map Scripts\Common\Common Conditions.rmv	5796	f202e613a01f63a922c7e70f1c6fec7b74d1fde1	2001-10-12T15:19:16Z	EE+NeoEE	setup:EE+NeoEE
file	data\Empire Earth Base\Empire Earth\Data\Random Map Scripts\Common\Common Forests.rmv	2499	cd6184096b8ffd4162ea3bb18a158e68e15cb904	2001-10-12T15:19:16Z	EE+NeoEE	setup:EE+NeoEE
file	data\Empire Earth Base\Empire Earth\Data\Random Map Scripts\Common\Common Initial Units.rmv	7270	68b3ccf71ec9b322ed2e3c61cf8b09a8e9d946c8	2001-10-12T15:19:16Z	EE+NeoEE	setup:EE+NeoEE
file	data\Empire Earth Base\Empire Earth\Data\Random Map Scripts\Common\Common Terrain Painting.rmv	6909	4bc5ca3dcb0d9897fffb79d6b20b08c671c7bffc	2001-10-12T15:19:16Z	EE+NeoEE	setup:EE+NeoEE
file	data\Empire Earth Base\Empire Earth\Data\Random Map Scripts\Common\Map Climate.rmv	737	ae336a7b572e51f457ab386fe321caca854402ad	2001-10-12T15:19:16Z	EE+NeoEE	setup:EE+NeoEE
file	data\Empire Earth Base\Empire Earth\Data\Random Map Scripts\Common\Tourney Common Initial Units.rmv	7335	0341183c84fc7bd4fd068aae202bc1a0fcdd80ec	2001-10-12T15:19:16Z	EE+NeoEE	setup:EE+NeoEE
file	data\Empire Earth Base\Empire Earth\Data\Random Map Scripts\Continental.rmv	6924	e163b7beadbd9479d2cacec6d9c6f10aab85e28c	2001-10-12T15:19:16Z	EE+NeoEE	setup:EE+NeoEE
file	data\Empire Earth Base\Empire Earth\Data\Random Map Scripts\Continental\Continental Gigantic.rmv	51871	badebd4aa5eddbee19ad2459926fddbf5f74754b	2001-10-12T15:19:16Z	EE+NeoEE	setup:EE+NeoEE
file	data\Empire Earth Base\Empire Earth\Data\Random Map Scripts\Continental\Continental Huge.rmv	52045	b5d5d15697ca614d9dee6e487f16d28cafee69d8	2001-10-12T15:19:16Z	EE+NeoEE	setup:EE+NeoEE
file	data\Empire Earth Base\Empire Earth\Data\Random Map Scripts\Continental\Continental Large.rmv	51503	2589f09758c525d0732a3eab7f9d07e910faf718	2001-10-12T15:19:16Z	EE+NeoEE	setup:EE+NeoEE
file	data\Empire Earth Base\Empire Earth\Data\Random Map Scripts\Continental\Continental Medium.rmv	51299	80ad80aa873d8035f5016da3a01e25c5e9c0cf0b	2001-10-12T15:19:18Z	EE+NeoEE	setup:EE+NeoEE
file	data\Empire Earth Base\Empire Earth\Data\Random Map Scripts\Continental\Continental Small.rmv	51086	578443c78e3514918d9f7d2d6dcbdaa86701177c	2001-10-12T15:19:18Z	EE+NeoEE	setup:EE+NeoEE
file	data\Empire Earth Base\Empire Earth\Data\Random Map Scripts\Continental\Continental Tiny.rmv	51202	b59dec740b464d39d252d47671ce5971fb58a3de	2001-10-12T15:19:18Z	EE+NeoEE	setup:EE+NeoEE
file	data\Empire Earth Base\Empire Earth\Data\Random Map Scripts\Highlands.rmv	6968	b5d1084c61d7998bf65e563281d846140a6ba2e4	2001-10-12T15:19:16Z	EE+NeoEE	setup:EE+NeoEE
file	data\Empire Earth Base\Empire Earth\Data\Random Map Scripts\Highlands\Highlands Gigantic.rmv	53184	4728637b0cbc0c948bbf1038d32b5bae43702894	2001-10-12T15:19:18Z	EE+NeoEE	setup:EE+NeoEE
file	data\Empire Earth Base\Empire Earth\Data\Random Map Scripts\Highlands\Highlands Huge.rmv	53458	05cefb5e96e9e68bdfd7614c0142d9450062671a	2001-10-12T15:19:18Z	EE+NeoEE	setup:EE+NeoEE
file	data\Empire Earth Base\Empire Earth\Data\Random Map Scripts\Highlands\Highlands Large.rmv	53497	fa0c171c2a1a242f23562927aa3a1dc419f34692	2001-10-12T15:19:18Z	EE+NeoEE	setup:EE+NeoEE
file	data\Empire Earth Base\Empire Earth\Data\Random Map Scripts\Highlands\Highlands Medium.rmv	53094	de89966be5f3e0860b842a09c8b83ef5328f381c	2001-10-12T15:19:18Z	EE+NeoEE	setup:EE+NeoEE
file	data\Empire Earth Base\Empire Earth\Data\Random Map Scripts\Highlands\Highlands Small.rmv	52729	38ce26f643cdbe884ea1f3ce11c167101c1f854e	2001-10-12T15:19:18Z	EE+NeoEE	setup:EE+NeoEE
file	data\Empire Earth Base\Empire Earth\Data\Random Map Scripts\Highlands\Highlands Tiny.rmv	51908	3d7fd1fc9d5b987e42aada747a4b2bf106c6d5f2	2001-10-12T15:19:18Z	EE+NeoEE	setup:EE+NeoEE
file	data\Empire Earth Base\Empire Earth\Data\Random Map Scripts\Large Islands.rmv	6886	5651f10ef7e8b1c7902d8e3814a02a0db17f3c33	2001-10-12T15:19:16Z	EE+NeoEE	setup:EE+NeoEE
file	data\Empire Earth Base\Empire Earth\Data\Random Map Scripts\Large Islands\Large Islands Gigantic.rmv	52640	921eac1576f5b4fd7a2f8851036bd26b248b464c	2001-10-12T15:19:18Z	EE+NeoEE	setup:EE+NeoEE
file	data\Empire Earth Base\Empire Earth\Data\Random Map Scripts\Large Islands\Large Islands Huge.rmv	52580	1433d3152aa44306859e2723ffb020c0efd5916e	2001-10-12T15:19:20Z	EE+NeoEE	setup:EE+NeoEE
file	data\Empire Earth Base\Empire Earth\Data\Random Map Scripts\Large Islands\Large Islands Large.rmv	52525	4f3348b34d55746347ca73401e2a6769aff5f8a8	2001-10-12T15:19:20Z	EE+NeoEE	setup:EE+NeoEE
file	data\Empire Earth Base\Empire Earth\Data\Random Map Scripts\Large Islands\Large Islands Medium.rmv	52515	234116e87a444d9817c057411c3d4a381ed9afa1	2001-10-12T15:19:20Z	EE+NeoEE	setup:EE+NeoEE
file	data\Empire Earth Base\Empire Earth\Data\Random Map Scripts\Large Islands\Large Islands Small.rmv	52529	ea7921d3edf88be21937d3d721d1e60a8291772b	2001-10-12T15:19:20Z	EE+NeoEE	setup:EE+NeoEE
file	data\Empire Earth Base\Empire Earth\Data\Random Map Scripts\Large Islands\Large Islands Tiny.rmv	52394	978e16dfae3b2ec916eedf9dfa06413ec6af66d1	2001-10-12T15:19:20Z	EE+NeoEE	setup:EE+NeoEE
file	data\Empire Earth Base\Empire Earth\Data\Random Map Scripts\Mediterranean.rmv	7050	921aee103ae9dc85a5079b6c92eba304d4e95fa0	2001-10-12T15:19:16Z	EE+NeoEE	setup:EE+NeoEE
file	data\Empire Earth Base\Empire Earth\Data\Random Map Scripts\Mediterranean\Mediterranean Gigantic.rmv	52485	3ec2edcf30c8b670bc3a6a3d16672252f6248024	2001-10-12T15:19:20Z	EE+NeoEE	setup:EE+NeoEE
file	data\Empire Earth Base\Empire Earth\Data\Random Map Scripts\Mediterranean\Mediterranean Huge.rmv	52635	afa53f7aa72a5c7a32c8c0204ac37f26fd1a9cdc	2001-10-12T15:19:20Z	EE+NeoEE	setup:EE+NeoEE
file	data\Empire Earth Base\Empire Earth\Data\Random Map Scripts\Mediterranean\Mediterranean Large.rmv	52913	a40cba83e8ec4ed520d2186270a36cd70c4921a8	2001-10-12T15:19:20Z	EE+NeoEE	setup:EE+NeoEE
file	data\Empire Earth Base\Empire Earth\Data\Random Map Scripts\Mediterranean\Mediterranean Medium.rmv	52537	d9204c0815763c324b92f544da5dea4f8a210199	2001-10-12T15:19:20Z	EE+NeoEE	setup:EE+NeoEE
file	data\Empire Earth Base\Empire Earth\Data\Random Map Scripts\Mediterranean\Mediterranean Small.rmv	52414	099716204c74ce8959fef9dc892244b3c84ff383	2001-10-12T15:19:20Z	EE+NeoEE	setup:EE+NeoEE
file	data\Empire Earth Base\Empire Earth\Data\Random Map Scripts\Mediterranean\Mediterranean Tiny.rmv	51632	30714c321b3d899b308da7bf1def10955d9e62a3	2001-10-12T15:19:22Z	EE+NeoEE	setup:EE+NeoEE
file	data\Empire Earth Base\Empire Earth\Data\Random Map Scripts\Plains.rmv	6961	40d93c766ff1670b9b31baf1de96f938ce54ebc2	2001-10-12T15:19:16Z	EE+NeoEE	setup:EE+NeoEE
file	data\Empire Earth Base\Empire Earth\Data\Random Map Scripts\Plains\Plains Gigantic.rmv	55493	d74950b34198e7ae36638b188e3e7450d422ebc5	2001-11-02T17:22:50Z	EE+NeoEE	setup:EE+NeoEE
file	data\Empire Earth Base\Empire Earth\Data\Random Map Scripts\Plains\Plains Huge.rmv	51603	338ec95ee14484fa2cac93be9c5d907d97d4086d	2001-11-02T17:22:50Z	EE+NeoEE	setup:EE+NeoEE
file	data\Empire Earth Base\Empire Earth\Data\Random Map Scripts\Plains\Plains Large.rmv	51129	2737bc87afdc9d2e97fcb08dd356a4dd1466cba6	2001-10-12T15:19:22Z	EE+NeoEE	setup:EE+NeoEE
file	data\Empire Earth Base\Empire Earth\Data\Random Map Scripts\Plains\Plains Medium.rmv	52048	4eefb4bb27f74ee653a6e7fff6e94a93eb93b6f9	2001-11-02T17:22:50Z	EE+NeoEE	setup:EE+NeoEE
file	data\Empire Earth Base\Empire Earth\Data\Random Map Scripts\Plains\Plains Small.rmv	51244	0fc3b1c833428fda039b61b3aad468e06f8665d1	2001-10-12T15:19:22Z	EE+NeoEE	setup:EE+NeoEE
file	data\Empire Earth Base\Empire Earth\Data\Random Map Scripts\Plains\Plains Tiny.rmv	53420	82e942383dcc80d470e7eaedee5a64c7923e1350	2001-10-12T15:19:22Z	EE+NeoEE	setup:EE+NeoEE
file	data\Empire Earth Base\Empire Earth\Data\Random Map Scripts\Small Islands.rmv	6968	9d8be179464e958d658c16236d5d8982b9c84b07	2001-10-12T15:19:16Z	EE+NeoEE	setup:EE+NeoEE
file	data\Empire Earth Base\Empire Earth\Data\Random Map Scripts\Small Islands\Small Islands Gigantic.rmv	52918	a11cb22b47c4ecab15676bc632ec76737e66b57c	2001-10-12T15:19:22Z	EE+NeoEE	setup:EE+NeoEE
file	data\Empire Earth Base\Empire Earth\Data\Random Map Scripts\Small Islands\Small Islands Huge.rmv	52658	2177fddd257bfeea0840e86ec68df3110bbd05c2	2001-10-12T15:19:22Z	EE+NeoEE	setup:EE+NeoEE
file	data\Empire Earth Base\Empire Earth\Data\Random Map Scripts\Small Islands\Small Islands Large.rmv	52592	1bd64af6192084100621d0ec61a9da925469d767	2001-10-12T15:19:22Z	EE+NeoEE	setup:EE+NeoEE
file	data\Empire Earth Base\Empire Earth\Data\Random Map Scripts\Small Islands\Small Islands Medium.rmv	52556	85804f7191beb99736705315f6cf9bc6348189f2	2001-10-12T15:19:24Z	EE+NeoEE	setup:EE+NeoEE
file	data\Empire Earth Base\Empire Earth\Data\Random Map Scripts\Small Islands\Small Islands Small.rmv	52605	08346a4a6369c9e75dcd3a6c6b4c3bc0f13eee0e	2001-10-12T15:19:24Z	EE+NeoEE	setup:EE+NeoEE
file	data\Empire Earth Base\Empire Earth\Data\Random Map Scripts\Small Islands\Small Islands Tiny.rmv	52382	15bbcbbadb76b6e6601280a9d6508eac2ccaf90d	2001-10-12T15:19:24Z	EE+NeoEE	setup:EE+NeoEE
file	data\Empire Earth Base\Empire Earth\Data\Random Map Scripts\Tournament Islands.rmv	7048	ef4fec5ebbcaeb33ce6072fe32144e12b6d6ba11	2001-10-12T15:19:16Z	EE+NeoEE	setup:EE+NeoEE
file	data\Empire Earth Base\Empire Earth\Data\Random Map Scripts\Tournament Islands\Tournament Islands Gigantic.rmv	51755	0178faa6e0286dcd5f541dd3b00510a37d4dd5cc	2001-10-12T15:19:24Z	EE+NeoEE	setup:EE+NeoEE
file	data\Empire Earth Base\Empire Earth\Data\Random Map Scripts\Tournament Islands\Tournament Islands Huge.rmv	51752	d8ae8de560e444c96a0cb4966c15726c35d2a146	2001-10-12T15:19:24Z	EE+NeoEE	setup:EE+NeoEE
file	data\Empire Earth Base\Empire Earth\Data\Random Map Scripts\Tournament Islands\Tournament Islands Large.rmv	51702	e22c9f96c56cb69f731b46517b930f9ae8b59028	2001-10-12T15:19:24Z	EE+NeoEE	setup:EE+NeoEE
file	data\Empire Earth Base\Empire Earth\Data\Random Map Scripts\Tournament Islands\Tournament Islands Medium.rmv	51703	5cd310ca7f9be7abc8ec40708c1cafd90b0bcb3e	2001-10-12T15:19:24Z	EE+NeoEE	setup:EE+NeoEE
file	data\Empire Earth Base\Empire Earth\Data\Random Map Scripts\Tournament Islands\Tournament Islands Small.rmv	51346	d9319abd8c9fb73f08e7317c597a3c6bfa3d0149	2001-10-12T15:19:24Z	EE+NeoEE	setup:EE+NeoEE
file	data\Empire Earth Base\Empire Earth\Data\Random Map Scripts\Tournament Islands\Tournament Islands Tiny.rmv	51331	ffc5a34651506212068b602f7f3578b43e32fde4	2001-10-12T15:19:24Z	EE+NeoEE	setup:EE+NeoEE
file	data\Empire Earth Base\Empire Earth\Data\Textures\eegenericback_gold.sst	16417	65b14f2cc554ddb006758f4de49f3bf58a2ec3c3	2022-04-14T01:44:40Z	EE+NeoEE	setup:EE+NeoEE
file	data\Empire Earth Base\Empire Earth\Data\WONLobby Resources\_GameMaster.cfg	162	e2f40f3242bbc85668fcddc220f5efcf452a8752	2002-09-13T12:38:10Z	EE+NeoEE	setup:EE+NeoEE
file	data\Empire Earth Base\Empire Earth\Data\WONLobby Resources\_GameResource.cfg	6751	84685272c1b61d3f13f7e47004b0d2027e482db4	2022-12-01T07:01:10Z	EE+NeoEE	setup:EE+NeoEE
file	data\Empire Earth Base\Empire Earth\Data\WONLobby Resources\_LobbyMaster.cfg	2040	b99fb923d4322b09de5313efeaea68f571daa137	2002-09-13T12:38:10Z	EE+NeoEE	setup:EE+NeoEE
file	data\Empire Earth Base\Empire Earth\Data\WONLobby Resources\_LobbyResource.cfg	43810	a613de0c1652dcd2d9a5310b1191c45bde7ae87d	2022-12-03T10:22:40Z	EE+NeoEE	setup:EE+NeoEE
file	data\Empire Earth Base\Empire Earth\Data\WONLobby Resources\_LobbySkin.cfg	10436	5b9f76af186b7e46f8c5669c6774c0b200d12c41	2002-09-13T12:38:10Z	EE+NeoEE	setup:EE+NeoEE
file	data\Empire Earth Base\Empire Earth\Data\WONLobby Resources\_WONStatus.cfg	5647	8a71b449ba5898abec8f6a035da2b0259bc74391	2022-12-03T12:45:58Z	EE+NeoEE	setup:EE+NeoEE
file	data\Empire Earth Base\Empire Earth\Data\WONLobby Resources\AddFriendDialog.cfg	821	44fa45d5290e1de1b8fb92314b0457ff085a99cf	2002-09-13T12:38:10Z	EE+NeoEE	setup:EE+NeoEE
file	data\Empire Earth Base\Empire Earth\Data\WONLobby Resources\AdminActionDialog.cfg	2457	db0f3f48efb68dc9ed1ba410eabbed363e978245	2002-09-13T12:38:12Z	EE+NeoEE	setup:EE+NeoEE
file	data\Empire Earth Base\Empire Earth\Data\WONLobby Resources\BadUserDialog.cfg	1514	4dc0f11109194f017b5bae737f14235cb147580d	2002-09-13T12:38:12Z	EE+NeoEE	setup:EE+NeoEE
file	data\Empire Earth Base\Empire Earth\Data\WONLobby Resources\ChatCtrl.cfg	919	903d765b91c7f29985f24df7efd3228879ff4333	2002-09-13T12:38:12Z	EE+NeoEE	setup:EE+NeoEE
file	data\Empire Earth Base\Empire Earth\Data\WONLobby Resources\ChooseNetworkAdapterDialog.cfg	1107	70107e6faf68a1457526b87b24fb94c4376389c4	2002-09-13T12:38:12Z	EE+NeoEE	setup:EE+NeoEE
file	data\Empire Earth Base\Empire Earth\Data\WONLobby Resources\ColorScheme.cfg	1008	03f8fde22c725e58fdb7b09da7942181b1868f63	2002-09-13T12:38:12Z	EE+NeoEE	setup:EE+NeoEE
file	data\Empire Earth Base\Empire Earth\Data\WONLobby Resources\CommonOptions.cfg	6370	0b67628c40a8c3b83594ff75a4b0db9972721d75	2002-09-13T12:38:12Z	EE+NeoEE	setup:EE+NeoEE
file	data\Empire Earth Base\Empire Earth\Data\WONLobby Resources\CreateAccountCtrl.cfg	4363	694f4b5f43a1765d86072232e162b0e24f4adcee	2002-09-13T12:38:12Z	EE+NeoEE	setup:EE+NeoEE
file	data\Empire Earth Base\Empire Earth\Data\WONLobby Resources\CreateGameDialog.cfg	2926	09c0a026fde886ad433ff8e777da254a4ae3705c	2002-09-13T12:38:12Z	EE+NeoEE	setup:EE+NeoEE
file	data\Empire Earth Base\Empire Earth\Data\WONLobby Resources\CreateRoomDialog.cfg	1727	d97a39c465c275879106648d150bc60360921f7c	2002-09-13T12:38:12Z	EE+NeoEE	setup:EE+NeoEE
file	data\Empire Earth Base\Empire Earth\Data\WONLobby Resources\CreditsDialog.cfg	1657	f113b97561875c8d8fbd63d19cdc94ade0d96615	2002-09-13T12:38:12Z	EE+NeoEE	setup:EE+NeoEE
file	data\Empire Earth Base\Empire Earth\Data\WONLobby Resources\DirectConnectCtrl.cfg	822	f7c45415b943422a05f88e5178fc07f609ff86ab	2002-09-13T12:38:12Z	EE+NeoEE	setup:EE+NeoEE
file	data\Empire Earth Base\Empire Earth\Data\WONLobby Resources\DirectConnectDialog.cfg	1403	2a32f5dbe3773e072bc2dd46982ca068e9d61adb	2002-09-13T12:38:12Z	EE+NeoEE	setup:EE+NeoEE
file	data\Empire Earth Base\Empire Earth\Data\WONLobby Resources\EELobbyConnectDialog.cfg	719	96666c0f76cf976ecd1e42d3ad473b70590cf416	2002-09-13T12:38:12Z	EE+NeoEE	setup:EE+NeoEE
file	data\Empire Earth Base\Empire Earth\Data\WONLobby Resources\EELobbyFileDialog.cfg	1056	851b9fc973cca60e273c3e3766426ce030b25947	2002-09-13T12:38:12Z	EE+NeoEE	setup:EE+NeoEE
file	data\Empire Earth Base\Empire Earth\Data\WONLobby Resources\FriendsListCtrl.cfg	1302	aab61af819024ee7a0c81d4cc46b06cb31199fa0	2002-09-13T12:38:12Z	EE+NeoEE	setup:EE+NeoEE
file	data\Empire Earth Base\Empire Earth\Data\WONLobby Resources\GameBrowserCtrl.cfg	2362	09d9015a9458292e0997f0cbde4f931211dc20f2	2002-09-13T12:38:12Z	EE+NeoEE	setup:EE+NeoEE
file	data\Empire Earth Base\Empire Earth\Data\WONLobby Resources\GameOptionsCtrl.cfg	5370	5545d67a62dd170bcc8888af511e47c2abfe5df0	2002-09-13T12:38:12Z	EE+NeoEE	setup:EE+NeoEE
file	data\Empire Earth Base\Empire Earth\Data\WONLobby Resources\GameStagingCtrl.cfg	2504	52103c3b479993133e6e6f832c0226fa92255fb0	2002-09-13T12:38:12Z	EE+NeoEE	setup:EE+NeoEE
file	data\Empire Earth Base\Empire Earth\Data\WONLobby Resources\GameStagingTabs.cfg	337	4acb6f0651e919ac4712a34ff3aa6dfaaa4ae91a	2002-09-13T12:38:12Z	EE+NeoEE	setup:EE+NeoEE
file	data\Empire Earth Base\Empire Earth\Data\WONLobby Resources\GameUserListCtrl.cfg	886	86fe5d43f6e0b149a451afc06e81510fb231b248	2002-09-13T12:38:12Z	EE+NeoEE	setup:EE+NeoEE
file	data\Empire Earth Base\Empire Earth\Data\WONLobby Resources\GenericDialog.cfg	1276	1a279a30e6e444ae8f976fbdc7ba5e3bee992af2	2002-09-13T12:38:12Z	EE+NeoEE	setup:EE+NeoEE
file	data\Empire Earth Base\Empire Earth\Data\WONLobby Resources\GettingStartedCtrl.cfg	1958	9b3dc6e61ac77997063e4450b4b9f775d481ea3a	2002-09-13T12:38:12Z	EE+NeoEE	setup:EE+NeoEE
file	data\Empire Earth Base\Empire Earth\Data\WONLobby Resources\Help\Chat.html	7837	5b073718db6a75179d34b8bc20c0ebf1a414e325	2002-09-13T12:38:12Z	EE+NeoEE	setup:EE+NeoEE
file	data\Empire Earth Base\Empire Earth\Data\WONLobby Resources\Help\CommunityTab.html	1801	0d0a40ba0bde38b7b1a76582230bd4131c032451	2002-09-13T12:38:12Z	EE+NeoEE	setup:EE+NeoEE
file	data\Empire Earth Base\Empire Earth\Data\WONLobby Resources\Help\DirectTab.html	1680	08da9820ec4da8e294912f557e40231f8bc61f8e	2002-09-13T12:38:12Z	EE+NeoEE	setup:EE+NeoEE
file	data\Empire Earth Base\Empire Earth\Data\WONLobby Resources\Help\EntryRestrictions.html	1889	b45d548849de2101621622e4aec1ad937ec387a5	2002-09-13T12:38:12Z	EE+NeoEE	setup:EE+NeoEE
file	data\Empire Earth Base\Empire Earth\Data\WONLobby Resources\Help\Friends.html	3483	f4502af5fe3a4d2b9568a226ae2eee789aa57081	2002-09-13T12:38:12Z	EE+NeoEE	setup:EE+NeoEE
file	data\Empire Earth Base\Empire Earth\Data\WONLobby Resources\Help\GameBrowser.html	6296	5a899fcd375220101488309fb09795f3cc0b2d5c	2002-09-13T12:38:12Z	EE+NeoEE	setup:EE+NeoEE
file	data\Empire Earth Base\Empire Earth\Data\WONLobby Resources\Help\GamePlayHelp.html	570	1f3b5ecbe5c3407e4d4360e554935d3e73013d99	2002-09-13T12:38:12Z	EE+NeoEE	setup:EE+NeoEE
file	data\Empire Earth Base\Empire Earth\Data\WONLobby Resources\Help\GamePorts.html	1894	d64280802b5ddf2aa460054f8dbd17015055c16b	2002-09-13T12:38:12Z	EE+NeoEE	setup:EE+NeoEE
file	data\Empire Earth Base\Empire Earth\Data\WONLobby Resources\Help\GameTab.html	6664	dc2fc09b3b05482f0ce36f3ced4303cf953fa4fd	2002-09-13T12:38:12Z	EE+NeoEE	setup:EE+NeoEE
file	data\Empire Earth Base\Empire Earth\Data\WONLobby Resources\Help\HelpRoot.html	2153	895ff4139a3e086f257d78d056c969eeea1096ab	2002-09-13T12:38:12Z	EE+NeoEE	setup:EE+NeoEE
file	data\Empire Earth Base\Empire Earth\Data\WONLobby Resources\Help\HelpTab.html	1865	ff54acadb24195fa3841f619edde57a5d6863acb	2002-09-13T12:38:12Z	EE+NeoEE	setup:EE+NeoEE
file	data\Empire Earth Base\Empire Earth\Data\WONLobby Resources\Help\HostGame.html	2421	87a45941f9963a75f9f0feec3d0497494b691f96	2002-09-13T12:38:12Z	EE+NeoEE	setup:EE+NeoEE
file	data\Empire Earth Base\Empire Earth\Data\WONLobby Resources\Help\Icons.html	4965	c38926426e98e9f02a1d3145b25571d0c0d98c62	2002-09-13T12:38:14Z	EE+NeoEE	setup:EE+NeoEE
file	data\Empire Earth Base\Empire Earth\Data\WONLobby Resources\Help\Ignore.html	1531	89b6f8ceaf5a7570029c7296c0339b3198e83591	2002-09-13T12:38:14Z	EE+NeoEE	setup:EE+NeoEE
file	data\Empire Earth Base\Empire Earth\Data\WONLobby Resources\Help\LanTab.html	821	86ff968d8407490a68cb40c8bce7c79630cb8b5a	2002-09-13T12:38:14Z	EE+NeoEE	setup:EE+NeoEE
file	data\Empire Earth Base\Empire Earth\Data\WONLobby Resources\Help\LobbyTab.html	2977	d15f6bcd93d9a4b4990132619260929cbd73e585	2002-09-13T12:38:14Z	EE+NeoEE	setup:EE+NeoEE
file	data\Empire Earth Base\Empire Earth\Data\WONLobby Resources\Help\loginhelp.html	10092	9c75a010966ec436f566530b42ed450e78eb50b4	2002-09-13T12:38:14Z	EE+NeoEE	setup:EE+NeoEE
file	data\Empire Earth Base\Empire Earth\Data\WONLobby Resources\Help\OptionsTab.html	9101	a3173d997798750bc9a9726e8a83d116cd5be37b	2002-09-13T12:38:14Z	EE+NeoEE	setup:EE+NeoEE
file	data\Empire Earth Base\Empire Earth\Data\WONLobby Resources\Help\Overview.html	1691	131a45c578b230a182ca7bc4b504bd9c10c7c6fd	2002-09-13T12:38:14Z	EE+NeoEE	setup:EE+NeoEE
file	data\Empire Earth Base\Empire Earth\Data\WONLobby Resources\Help\QuickPlayTab.html	1211	85f60ac3311fde0fb80a328529bcaa82fe6912e4	2002-09-13T12:38:14Z	EE+NeoEE	setup:EE+NeoEE
file	data\Empire Earth Base\Empire Earth\Data\WONLobby Resources\Help\Security.html	4455	56afe5ca33aa1b8087f1caf4b7e0122eee1c7eae	2002-09-13T12:38:14Z	EE+NeoEE	setup:EE+NeoEE
file	data\Empire Earth Base\Empire Earth\Data\WONLobby Resources\Help\Troubleshooting.html	4441	a1322f1b39950b2cea7a17b64eca7d1a4031289b	2002-09-13T12:38:14Z	EE+NeoEE	setup:EE+NeoEE
file	data\Empire Earth Base\Empire Earth\Data\WONLobby Resources\Help\vssver.scc	384	a8310fe21a83e16305940f78c605e5e55a0f3cdc	2002-10-10T14:01:52Z	EE+NeoEE	setup:EE+NeoEE
file	data\Empire Earth Base\Empire Earth\Data\WONLobby Resources\Icons\Admin.png	1327	0474d613f919d02d10543b496ba000eb9233c5cb	2002-09-13T12:38:14Z	EE+NeoEE	setup:EE+NeoEE
file	data\Empire Earth Base\Empire Earth\Data\WONLobby Resources\Icons\AFK.png	1232	619d9f297c8ae721ad2e7ea16167d3ce559ad4d1	2002-09-13T12:38:14Z	EE+NeoEE	setup:EE+NeoEE
file	data\Empire Earth Base\Empire Earth\Data\WONLobby Resources\Icons\Ask2Join.png	1298	4dc1f29906b96f7f59ac419caf155bc266913b39	2002-09-13T12:38:14Z	EE+NeoEE	setup:EE+NeoEE
file	data\Empire Earth Base\Empire Earth\Data\WONLobby Resources\Icons\blank.png	212	e963926cc685292a8fd4cfb5a94e7ba0f1f28e08	2002-09-13T12:38:14Z	EE+NeoEE	setup:EE+NeoEE
file	data\Empire Earth Base\Empire Earth\Data\WONLobby Resources\Icons\Blocked.png	1302	d766d02365e04f8dddd8e6c518e03348cc18b979	2002-09-13T12:38:14Z	EE+NeoEE	setup:EE+NeoEE
file	data\Empire Earth Base\Empire Earth\Data\WONLobby Resources\Icons\BlueCheck.png	1234	2af66cd21c4204be71c0c38519a3bfdf4b21545e	2002-09-13T12:38:14Z	EE+NeoEE	setup:EE+NeoEE
file	data\Empire Earth Base\Empire Earth\Data\WONLobby Resources\Icons\Captain.png	1281	84f4c1876e36b29cd6bf1cf121306f8e066fda5f	2002-09-13T12:38:14Z	EE+NeoEE	setup:EE+NeoEE
file	data\Empire Earth Base\Empire Earth\Data\WONLobby Resources\Icons\Firewall.png	1221	ede50e9bc06d4ce12bb68c6a8ccbff9443137ed9	2002-09-13T12:38:14Z	EE+NeoEE	setup:EE+NeoEE
file	data\Empire Earth Base\Empire Earth\Data\WONLobby Resources\Icons\Flashlight.png	1286	6063ad7fed285cdbdde23802fca889f66682c640	2002-09-13T12:38:14Z	EE+NeoEE	setup:EE+NeoEE
file	data\Empire Earth Base\Empire Earth\Data\WONLobby Resources\Icons\GameClosed.png	1213	d1802abb6abe496478a064cc5c9059883506e3cc	2002-09-13T12:38:14Z	EE+NeoEE	setup:EE+NeoEE
file	data\Empire Earth Base\Empire Earth\Data\WONLobby Resources\Icons\GameOpen.png	1223	fb091956a2df40255507eebe14b4470cf495999a	2002-09-13T12:38:14Z	EE+NeoEE	setup:EE+NeoEE
file	data\Empire Earth Base\Empire Earth\Data\WONLobby Resources\Icons\Ignored.png	1355	28c0e3da4b336b7b3deb3a8c42a1d41e1ccd838c	2002-09-13T12:38:14Z	EE+NeoEE	setup:EE+NeoEE
file	data\Empire Earth Base\Empire Earth\Data\WONLobby Resources\Icons\Invited.png	1267	14af7b01a37a42c1eb0c41d873e6e1930adad3c8	2002-09-13T12:38:14Z	EE+NeoEE	setup:EE+NeoEE
file	data\Empire Earth Base\Empire Earth\Data\WONLobby Resources\Icons\InviteNot.png	1240	7040d8639e16dee5195ace4a0b8cc6bd1bd174e3	2002-09-13T12:38:14Z	EE+NeoEE	setup:EE+NeoEE
file	data\Empire Earth Base\Empire Earth\Data\WONLobby Resources\Icons\Joystick.png	1299	fb7f6d6c6d477c6737366baf212fdc6fd446538d	2002-09-13T12:38:14Z	EE+NeoEE	setup:EE+NeoEE
file	data\Empire Earth Base\Empire Earth\Data\WONLobby Resources\Icons\Moderator.png	1375	db49c97c0676ed79d7c73ab12ac2756b9f559965	2002-09-13T12:38:14Z	EE+NeoEE	setup:EE+NeoEE
file	data\Empire Earth Base\Empire Earth\Data\WONLobby Resources\Icons\Muted.png	1364	2f920a959aed27331ec7edbe1b64d7f368a2de99	2002-09-13T12:38:14Z	EE+NeoEE	setup:EE+NeoEE
file	data\Empire Earth Base\Empire Earth\Data\WONLobby Resources\Icons\Password.png	1258	d2fa07797d566e156f02d4fe7434215b13133223	2002-09-13T12:38:14Z	EE+NeoEE	setup:EE+NeoEE
file	data\Empire Earth Base\Empire Earth\Data\WONLobby Resources\Icons\SkillAdvanced.png	1266	8c9643dbf2ecbc990273c498f2142aa858a2d840	2002-09-13T12:38:14Z	EE+NeoEE	setup:EE+NeoEE
file	data\Empire Earth Base\Empire Earth\Data\WONLobby Resources\Icons\SkillExpert.png	1245	fc534fdc8b1ef9108cd8d25037d482d0baeb01d6	2002-09-13T12:38:14Z	EE+NeoEE	setup:EE+NeoEE
file	data\Empire Earth Base\Empire Earth\Data\WONLobby Resources\Icons\SkillIntermediate.png	1244	2ed93e1ff33655c9761b2754ad674d5f5101c434	2002-09-13T12:38:14Z	EE+NeoEE	setup:EE+NeoEE
file	data\Empire Earth Base\Empire Earth\Data\WONLobby Resources\Icons\SkillNovice.png	1227	f88f827c28a2c2904ffd8839c7d1c01a77bb4255	2002-09-13T12:38:14Z	EE+NeoEE	setup:EE+NeoEE
file	data\Empire Earth Base\Empire Earth\Data\WONLobby Resources\Icons\Tombstone.png	1288	feb38eb3e5ee9f6cd32f31c88b3d1806d09b670d	2002-09-13T12:38:14Z	EE+NeoEE	setup:EE+NeoEE
file	data\Empire Earth Base\Empire Earth\Data\WONLobby Resources\Icons\vssver.scc	400	3ff5a3f4d5a25ac40f2486aca52c82f07e96597f	2002-09-13T12:38:14Z	EE+NeoEE	setup:EE+NeoEE
file	data\Empire Earth Base\Empire Earth\Data\WONLobby Resources\Images\bkg_german.jpg	471739	4b1fdba38c8292469efafabba5455f40863d3de9	2002-09-13T12:38:14Z	EE+NeoEE	setup:EE+NeoEE
file	data\Empire Earth Base\Empire Earth\Data\WONLobby Resources\Images\DefaultBanner.jpg	10207	af49ad83497d28f1b1b1e1111d807911e9e3a41f	2002-09-13T12:38:14Z	EE+NeoEE	setup:EE+NeoEE
file	data\Empire Earth Base\Empire Earth\Data\WONLobby Resources\Images\Logo.jpg	41291	8297752a1aad3f728fa6491f3ea5536676db2570	2002-09-13T12:38:14Z	EE+NeoEE	setup:EE+NeoEE
file	data\Empire Earth Base\Empire Earth\Data\WONLobby Resources\Images\main_menu_compilation.jpg	526626	4dc09adeae89791b6ab45ef8c7dd3312fd761e31	2002-09-12T11:06:24Z	EE+NeoEE	setup:EE+NeoEE
file	data\Empire Earth Base\Empire Earth\Data\WONLobby Resources\Images\MainBackgroundTile.jpg	2251	4139ce3527d4f772b380c4348f7341ac9f5c0221	2002-09-13T12:38:14Z	EE+NeoEE	setup:EE+NeoEE
file	data\Empire Earth Base\Empire Earth\Data\WONLobby Resources\Images\QuickPlayBottom.jpg	26378	62c9fcf17161c6b9bc87377924bee61d1c04b2ea	2002-09-13T12:38:14Z	EE+NeoEE	setup:EE+NeoEE
file	data\Empire Earth Base\Empire Earth\Data\WONLobby Resources\Images\SierraLogo.png	3210	f13970b62766539683a3d485480ce3bc633d5f94	2002-09-13T12:38:14Z	EE+NeoEE	setup:EE+NeoEE
file	data\Empire Earth Base\Empire Earth\Data\WONLobby Resources\Images\vssver.scc	144	58848ba658e96e20f9fcc115b1f880d22fee68f5	2002-09-13T13:01:38Z	EE+NeoEE	setup:EE+NeoEE
file	data\Empire Earth Base\Empire Earth\Data\WONLobby Resources\InitFailedCtrl.cfg	951	399ec81adb19f05e707f4b221e7ff6ce4461e66c	2002-09-13T12:38:12Z	EE+NeoEE	setup:EE+NeoEE
file	data\Empire Earth Base\Empire Earth\Data\WONLobby Resources\InternetGameStagingCtrl.cfg	849	fa3ce85b9ebf55924f1f122ff76b469df3df2449	2002-09-13T12:38:12Z	EE+NeoEE	setup:EE+NeoEE
file	data\Empire Earth Base\Empire Earth\Data\WONLobby Resources\InternetOptions.cfg	1693	474d1959365d401f789e2d65146382ebaf1ec6f4	2002-09-13T12:38:12Z	EE+NeoEE	setup:EE+NeoEE
file	data\Empire Earth Base\Empire Earth\Data\WONLobby Resources\InternetQuickPlay.cfg	2458	8d9270173ce290615233af3dcd8805cc5d7b3242	2002-09-13T12:38:12Z	EE+NeoEE	setup:EE+NeoEE
file	data\Empire Earth Base\Empire Earth\Data\WONLobby Resources\InternetScreen.cfg	2233	c8fc1fcf1e162b69a3401ad46edd8eeff87def61	2023-01-24T23:36:04Z	EE+NeoEE	setup:EE+NeoEE
file	data\Empire Earth Base\Empire Earth\Data\WONLobby Resources\LANNameDialog.cfg	836	cfd2a9b9fb591c4b15ea8a2ca16a93d13cf16fbe	2002-09-13T12:38:12Z	EE+NeoEE	setup:EE+NeoEE
file	data\Empire Earth Base\Empire Earth\Data\WONLobby Resources\LanOptions.cfg	2544	40c14f4e37e59ff1694bcfc38c6dd9ed0c0d8493	2002-09-13T12:38:12Z	EE+NeoEE	setup:EE+NeoEE
file	data\Empire Earth Base\Empire Earth\Data\WONLobby Resources\LANPortDialog.cfg	1494	19528c0788c1b09983d32e59f4a8f3efb1439fda	2002-09-13T12:38:12Z	EE+NeoEE	setup:EE+NeoEE
file	data\Empire Earth Base\Empire Earth\Data\WONLobby Resources\LanScreen.cfg	1867	d1a74d5af74fd8399c40b6f8feaa180531aa95f8	2023-01-24T23:36:12Z	EE+NeoEE	setup:EE+NeoEE
file	data\Empire Earth Base\Empire Earth\Data\WONLobby Resources\LoginCtrl.cfg	2114	b34fb405c3b4f59ea95b232f623d20b7f485d717	2002-09-13T12:38:12Z	EE+NeoEE	setup:EE+NeoEE
file	data\Empire Earth Base\Empire Earth\Data\WONLobby Resources\LoginHelpCtrl.cfg	95	e9289b22373badce6cec036d02983531cd7e682d	2002-09-13T12:38:12Z	EE+NeoEE	setup:EE+NeoEE
file	data\Empire Earth Base\Empire Earth\Data\WONLobby Resources\LoginScreen.cfg	3020	caa138b1419f2d5ce3254bfae797da22ed74f2bd	2002-09-13T12:38:12Z	EE+NeoEE	setup:EE+NeoEE
file	data\Empire Earth Base\Empire Earth\Data\WONLobby Resources\LoginStatusCtrl.cfg	951	22753446eaefa778e7e8fa7e910687c59bc6f9ee	2002-09-13T12:38:12Z	EE+NeoEE	setup:EE+NeoEE
file	data\Empire Earth Base\Empire Earth\Data\WONLobby Resources\LostPasswordCtrl.cfg	1077	94eb5b07b49df0ee005e6d6af6dece4c9683ad1a	2002-09-13T12:38:12Z	EE+NeoEE	setup:EE+NeoEE
file	data\Empire Earth Base\Empire Earth\Data\WONLobby Resources\LostUserNameCtrl.cfg	1037	98ec1c76e921a375482dec78ae3a277aa8da1267	2002-09-13T12:38:12Z	EE+NeoEE	setup:EE+NeoEE
file	data\Empire Earth Base\Empire Earth\Data\WONLobby Resources\MainInternetTab.cfg	2705	15a954cf841acab0235ad4bcd8ad6a9e6c4e81d9	2002-09-13T12:38:12Z	EE+NeoEE	setup:EE+NeoEE
file	data\Empire Earth Base\Empire Earth\Data\WONLobby Resources\MainLanTab.cfg	293	0e2dc39f030e6a858e058b153135ffd977b703b3	2002-09-13T12:38:12Z	EE+NeoEE	setup:EE+NeoEE
file	data\Empire Earth Base\Empire Earth\Data\WONLobby Resources\MOTDCtrl.cfg	1350	07345eb070f37cb3f491373da7868fd75a167c66	2002-09-13T12:38:12Z	EE+NeoEE	setup:EE+NeoEE
file	data\Empire Earth Base\Empire Earth\Data\WONLobby Resources\OkCancelDialog.cfg	1823	0069960042818eba1af3bb7e228d1f9c7346b6b1	2002-09-13T12:38:12Z	EE+NeoEE	setup:EE+NeoEE
file	data\Empire Earth Base\Empire Earth\Data\WONLobby Resources\PasswordDialog.cfg	886	c4a98d5b685023cc736b0599409ca18aa0382f17	2002-09-13T12:38:12Z	EE+NeoEE	setup:EE+NeoEE
file	data\Empire Earth Base\Empire Earth\Data\WONLobby Resources\PlayerOptionsCtrl.cfg	3736	8853efa6dbb9ed1a4bd1d29ccdb2ae06014311e6	2002-09-13T12:38:12Z	EE+NeoEE	setup:EE+NeoEE
file	data\Empire Earth Base\Empire Earth\Data\WONLobby Resources\RoomCtrl.cfg	831	744516885e81d16283da70dfe6153587ed16b43d	2002-09-13T12:38:12Z	EE+NeoEE	setup:EE+NeoEE
file	data\Empire Earth Base\Empire Earth\Data\WONLobby Resources\RoomDialog.cfg	144	7653058bce1b660224e55dbafeab752a44448d59	2002-09-13T12:38:12Z	EE+NeoEE	setup:EE+NeoEE
file	data\Empire Earth Base\Empire Earth\Data\WONLobby Resources\RoomLabelCtrl.cfg	166	4da85e99d84736f345c71e3211d3b9897874fe82	2002-09-13T12:38:12Z	EE+NeoEE	setup:EE+NeoEE
file	data\Empire Earth Base\Empire Earth\Data\WONLobby Resources\RootScreen.cfg	1873	f7fbf37b6adb5cdfbeb8dbb8019c9b47b4f18a61	2002-09-13T12:38:12Z	EE+NeoEE	setup:EE+NeoEE
file	data\Empire Earth Base\Empire Earth\Data\WONLobby Resources\ServerListCtrl.cfg	3425	aa14ee67313ac4b7580323a628131413f9057f3e	2002-09-13T12:38:12Z	EE+NeoEE	setup:EE+NeoEE
file	data\Empire Earth Base\Empire Earth\Data\WONLobby Resources\ServerListCustomHeader.cfg	238	f0524ed805882986466650d076d85c04984bec05	2002-09-13T12:38:12Z	EE+NeoEE	setup:EE+NeoEE
file	data\Empire Earth Base\Empire Earth\Data\WONLobby Resources\Skin\ArrowCursor.png	1440	973de83a155eb791f5b1e0826bffd2b17f9bc020	2002-09-13T12:38:14Z	EE+NeoEE	setup:EE+NeoEE
file	data\Empire Earth Base\Empire Earth\Data\WONLobby Resources\Skin\Buttons.png	466	33acfe5cae86a11f38b7521d2d6574d644c70b58	2002-09-13T12:38:14Z	EE+NeoEE	setup:EE+NeoEE
file	data\Empire Earth Base\Empire Earth\Data\WONLobby Resources\Skin\Checkbox.png	1782	6b53d6b8e5c292f6e5e8bf6e3c898fd18d8f1d49	2002-09-13T12:38:14Z	EE+NeoEE	setup:EE+NeoEE
file	data\Empire Earth Base\Empire Earth\Data\WONLobby Resources\Skin\CloseButton.png	1485	aee38bae04d80c0719be73b213829c31eb446835	2002-09-13T12:38:14Z	EE+NeoEE	setup:EE+NeoEE
file	data\Empire Earth Base\Empire Earth\Data\WONLobby Resources\Skin\ComboButton.png	1458	a208c0549bb83deab2f087946f13db1fc443ac06	2002-09-13T12:38:14Z	EE+NeoEE	setup:EE+NeoEE
file	data\Empire Earth Base\Empire Earth\Data\WONLobby Resources\Skin\Dialog2.png	14600	23c4363f4b4b8d6d1727a38d7d5d7fa6f686631f	2022-03-05T07:20:58Z	EE+NeoEE	setup:EE+NeoEE
file	data\Empire Earth Base\Empire Earth\Data\WONLobby Resources\Skin\GoldDialog.png	8642	8da1a1a8080de5af9b7403b0d5208781b7fed654	2022-03-05T07:20:58Z	EE+NeoEE	setup:EE+NeoEE
file	data\Empire Earth Base\Empire Earth\Data\WONLobby Resources\Skin\Header.png	1552	76018b638cf92ba7333ef21007f963d550f3cafd	2002-09-13T12:38:14Z	EE+NeoEE	setup:EE+NeoEE
file	data\Empire Earth Base\Empire Earth\Data\WONLobby Resources\Skin\MenuButtons.png	466	33acfe5cae86a11f38b7521d2d6574d644c70b58	2002-09-13T12:38:14Z	EE+NeoEE	setup:EE+NeoEE
file	data\Empire Earth Base\Empire Earth\Data\WONLobby Resources\Skin\OptionButtons.png	1041	0ce045152f9990ef048f94230c909f10d3e988e9	2002-09-13T12:38:14Z	EE+NeoEE	setup:EE+NeoEE
file	data\Empire Earth Base\Empire Earth\Data\WONLobby Resources\Skin\Radio.png	1822	013be0cb9c95190e03983492e0d61664e6ab4b85	2002-09-13T12:38:14Z	EE+NeoEE	setup:EE+NeoEE
file	data\Empire Earth Base\Empire Earth\Data\WONLobby Resources\Skin\Scrollbar.png	3448	72092c76cbd6900901f263f193f6a8e805498568	2002-09-13T12:38:14Z	EE+NeoEE	setup:EE+NeoEE
file	data\Empire Earth Base\Empire Earth\Data\WONLobby Resources\Skin\SilverDialog.png	10987	01e91c7dff8aa1923c66ee194f5938898e8cf059	2022-03-05T07:20:58Z	EE+NeoEE	setup:EE+NeoEE
file	data\Empire Earth Base\Empire Earth\Data\WONLobby Resources\Skin\TabBorder.png	162	e8a940761e219e7e154185de66cd95790f845467	2002-09-13T12:38:14Z	EE+NeoEE	setup:EE+NeoEE
file	data\Empire Earth Base\Empire Earth\Data\WONLobby Resources\Skin\Tabs.png	439	9c07a9bb0945aaca636672ac6c412ebbfeb82530	2002-09-13T12:38:14Z	EE+NeoEE	setup:EE+NeoEE
file	data\Empire Earth Base\Empire Earth\Data\WONLobby Resources\Skin\vssver.scc	272	b126aa42c9f746fb1a1d37db97dba619f60ab305	2002-09-13T12:38:14Z	EE+NeoEE	setup:EE+NeoEE
file	data\Empire Earth Base\Empire Earth\Data\WONLobby Resources\Sounds\AllNotReady.wav	49286	22c1c0a23a0ae7638c1191b5253105518aad12c3	2002-09-13T12:38:14Z	EE+NeoEE	setup:EE+NeoEE
file	data\Empire Earth Base\Empire Earth\Data\WONLobby Resources\Sounds\AllReady.wav	106574	986368d752ff6ac77893e54b2508e77fe275139e	2002-09-13T12:38:14Z	EE+NeoEE	setup:EE+NeoEE
file	data\Empire Earth Base\Empire Earth\Data\WONLobby Resources\Sounds\AskToJoinRecv.wav	74024	600a8b94da709df5ecf75d1ed627950378cb4602	2002-09-13T12:38:14Z	EE+NeoEE	setup:EE+NeoEE
file	data\Empire Earth Base\Empire Earth\Data\WONLobby Resources\Sounds\ButtonClick.wav	4168	06a82047de7dbdb782cd2d0dff27ccada35f4e46	2002-09-13T12:38:16Z	EE+NeoEE	setup:EE+NeoEE
file	data\Empire Earth Base\Empire Earth\Data\WONLobby Resources\Sounds\Error.wav	33928	e51283310e492f9ed06808d947b90ae4c211eb0e	2002-09-13T12:38:16Z	EE+NeoEE	setup:EE+NeoEE
file	data\Empire Earth Base\Empire Earth\Data\WONLobby Resources\Sounds\FriendJoined.wav	19012	32872995dc31f5fbceb4006f48584368322380d0	2002-09-13T12:38:16Z	EE+NeoEE	setup:EE+NeoEE
file	data\Empire Earth Base\Empire Earth\Data\WONLobby Resources\Sounds\FriendLeft.wav	22896	7ed7a8abdbba0cd879056039e158066a6d5b624e	2002-09-13T12:38:16Z	EE+NeoEE	setup:EE+NeoEE
file	data\Empire Earth Base\Empire Earth\Data\WONLobby Resources\Sounds\InviteRecv.wav	71440	33e4024752b535729d4b65deacab947e03c0695b	2002-09-13T12:38:16Z	EE+NeoEE	setup:EE+NeoEE
file	data\Empire Earth Base\Empire Earth\Data\WONLobby Resources\Sounds\LobbyMusic.wav	70568	9e08b21f1b474a2f00c1a0108cf1a3cd4ecfc684	2002-09-13T12:38:16Z	EE+NeoEE	setup:EE+NeoEE
file	data\Empire Earth Base\Empire Earth\Data\WONLobby Resources\Sounds\PlayerJoined.wav	52850	687f338bc590c1c4ee1ef9016f66c32b1b82fd92	2002-09-13T12:38:16Z	EE+NeoEE	setup:EE+NeoEE
file	data\Empire Earth Base\Empire Earth\Data\WONLobby Resources\Sounds\SierraLogon.wav	967044	126b10ef27c468d824a7a6baaa0093d1f7b8c3e8	2002-09-13T12:38:16Z	EE+NeoEE	setup:EE+NeoEE
file	data\Empire Earth Base\Empire Earth\Data\WONLobby Resources\Sounds\vssver.scc	224	4db7a50cf216c2c6a13ca5b6e4a4dfccfcdd4aa7	2002-09-13T12:38:16Z	EE+NeoEE	setup:EE+NeoEE
file	data\Empire Earth Base\Empire Earth\Data\WONLobby Resources\Sounds\WhisperRecv.wav	88374	34fd7864cce7ee4af4a3e517bb4de9150866808a	2002-09-13T12:38:16Z	EE+NeoEE	setup:EE+NeoEE
file	data\Empire Earth Base\Empire Earth\Data\WONLobby Resources\StatusDialog.cfg	1692	8c653e83cefe51897cbbf81c8ca988839d8e65dc	2002-09-13T12:38:12Z	EE+NeoEE	setup:EE+NeoEE
file	data\Empire Earth Base\Empire Earth\Data\WONLobby Resources\TOUDialog.cfg	1163	f47b80fd1675d8d4fa732028a6afde31b841ec74	2002-09-13T12:38:12Z	EE+NeoEE	setup:EE+NeoEE
file	data\Empire Earth Base\Empire Earth\Data\WONLobby Resources\UpdateAccountCtrl.cfg	3671	65a742c9c5d2c994d9f8041de59faca56313fc95	2002-09-13T12:38:12Z	EE+NeoEE	setup:EE+NeoEE
file	data\Empire Earth Base\Empire Earth\Data\WONLobby Resources\UserListCtrl.cfg	790	9c5bcf76408c6a44e33b73d03a962cf5da1cadf9	2002-09-13T12:38:12Z	EE+NeoEE	setup:EE+NeoEE
file	data\Empire Earth Base\Empire Earth\Data\WONLobby Resources\UserListTabCtrl.cfg	389	df7448a39d820c4a020243c62700bf0217f84f8a	2002-09-13T12:38:12Z	EE+NeoEE	setup:EE+NeoEE
file	data\Empire Earth Base\Empire Earth\Data\WONLobby Resources\vssver.scc	128	b0f49c42a7545a98939a85a18f6547ee1f6de509	2002-10-10T14:01:52Z	EE+NeoEE	setup:EE+NeoEE
file	data\Empire Earth Base\Empire Earth\Default.dll	118894	cf840e148d6b57cc00eaa930eb88e88d8df134ff	2001-11-06T15:38:06Z	EE+NeoEE	setup:EE+NeoEE
file	data\Empire Earth Base\Empire Earth\DX7HRDisplay.dll	98432	0dd670113b04da020243b5901e47383754f93f34	2001-11-06T15:39:18Z	EE+NeoEE	setup:EE+NeoEE
file	data\Empire Earth Base\Empire Earth\DX7HRGame.dll	6144	2b1df2cc94ce19658dbef6d576338398de9c1359	2021-05-20T20:01:56Z	EE+NeoEE	setup:EE+NeoEE
file	data\Empire Earth Base\Empire Earth\DX7HRTnLDisplay.dll	106630	24a858006e3028085138b4a8e397c50d5e4f2332	2001-11-06T15:48:06Z	EE+NeoEE	setup:EE+NeoEE
file	data\Empire Earth Base\Empire Earth\Empire Earth.exe	6330152	9eb376e16e6aab5bcad2ed864816ded9c4a935b4	2022-08-31T19:53:32Z	EE+NeoEE	setup:EE+NeoEE
file	data\Empire Earth Base\Empire Earth\EULA.txt	12578	9d7f8aca11e75eeae50dfcf313ae8ca127c27b24	2001-10-12T21:48:00Z	EE+NeoEE	setup:EE+NeoEE
file	data\Empire Earth Base\Empire Earth\EULA_DSML.txt	11859	93a1e8e7976eef93e035b586ab4d16ab0cbeee10	2002-09-05T10:49:38Z	EE+NeoEE	setup:EE+NeoEE
file	data\Empire Earth Base\Empire Earth\game.ico	2238	ccde671d2276cc99d37ad49436d848cb2b3d13f2	2021-02-18T02:27:00Z	EE+NeoEE	setup:EE+NeoEE
file	data\Empire Earth Base\Empire Earth\help.rtf	71312	ba9288e84c7beaf690e8781a3de578db2a071696	2022-12-24T21:29:02Z	EE+NeoEE	setup:EE+NeoEE
file	data\Empire Earth Base\Empire Earth\Language.dll	200783	2024fcf28c0889a4527f0ff0b7bcafa218634bf9	2001-10-12T15:29:40Z	EE+NeoEE	setup:EE+NeoEE
file	data\Empire Earth Base\Empire Earth\Low-Level Engine.dll	1118295	e4099190bcbf9978622b4b69343a822898669b8b	2002-09-11T18:13:50Z	EE+NeoEE	setup:EE+NeoEE
file	data\Empire Earth Base\Empire Earth\Manual\EE Manual.pdf	6637301	384341cdecedb4f0438baaa3472d805c08af7c77	2020-11-24T09:35:22Z	EE+NeoEE	setup:EE+NeoEE
file	data\Empire Earth Base\Empire Earth\Manual\EE Scenario Editor Manual.pdf	221911	785ebd6e589c8cba7394f612c3fc6ff274eea413	2020-11-24T09:35:22Z	EE+NeoEE	setup:EE+NeoEE
file	data\Empire Earth Base\Empire Earth\Manual\EE Technology Tree.pdf	484462	cb63aa47e00f3802eaa6678d84877f5f10004677	2020-11-24T09:35:22Z	EE+NeoEE	setup:EE+NeoEE
file	data\Empire Earth Base\Empire Earth\Manual\Hotkeys.rtf	10109	832a7db8dde6499ffc9fb59c4b29190f69a9d4d5	2021-05-20T19:09:58Z	EE+NeoEE	setup:EE+NeoEE
file	data\Empire Earth Base\Empire Earth\Miles Sound System Mixer.dll	28800	a0b11f0e4f631b31de362aa7f77c48578fded056	2001-11-06T16:08:18Z	EE+NeoEE	setup:EE+NeoEE
file	data\Empire Earth Base\Empire Earth\Mss32.dll	346624	ceaab7f1e0fc1cf2a8257caa7036dca2ee79da92	2001-10-12T15:18:48Z	EE+NeoEE	setup:EE+NeoEE
file	data\Empire Earth Base\Empire Earth\readme.1.0.4.0.txt	7320	661422213a2e0c982ba5936f74e0942aeef9cd11	2001-11-13T13:29:12Z	EE+NeoEE	setup:EE+NeoEE
file	data\Empire Earth Base\Empire Earth\readme.txt	24140	766a6cbce0492576a0777ab87ad22e53b7870a51	2001-10-17T15:24:02Z	EE+NeoEE	setup:EE+NeoEE
file	data\Empire Earth Base\Empire Earth\readme_DSML_AddOn.txt	7731	0b6583fea82ad13ae86e0307bc030b8b66a79a09	2002-09-19T09:37:54Z	EE+NeoEE	setup:EE+NeoEE
file	data\Empire Earth Base\Empire Earth\redist\win32\Autopan.flt	40960	933b33768705221ae32e2afc31316c06fd0f8d2c	2001-10-12T15:19:28Z	EE+NeoEE	setup:EE+NeoEE
file	data\Empire Earth Base\Empire Earth\redist\win32\Bandpass.flt	41472	5a0ab7bebff6f482225db984e14bd69024c3fc91	2001-10-12T15:19:28Z	EE+NeoEE	setup:EE+NeoEE
file	data\Empire Earth Base\Empire Earth\redist\win32\Capture.flt	33792	ac41ce68ab0fdc8bc136b8bb57d0709fe53cd6d1	2001-10-12T15:19:28Z	EE+NeoEE	setup:EE+NeoEE
file	data\Empire Earth Base\Empire Earth\redist\win32\Chorus.flt	41984	c92e0af374dc5d214f3496da4aa4e9e5e1108bb5	2001-10-12T15:19:28Z	EE+NeoEE	setup:EE+NeoEE
file	data\Empire Earth Base\Empire Earth\redist\win32\Compress.flt	40960	d1ef5e461827513a6642611911b4a20519bb4c6a	2001-10-12T15:19:28Z	EE+NeoEE	setup:EE+NeoEE
file	data\Empire Earth Base\Empire Earth\redist\win32\Flange.flt	41472	2d01ad547c84db2d92e0f47917ec280823251be4	2001-10-12T15:19:28Z	EE+NeoEE	setup:EE+NeoEE
file	data\Empire Earth Base\Empire Earth\redist\win32\Highpass.flt	40960	4419da25d1b042c6551ded484e83757f87e42d87	2001-10-12T15:19:28Z	EE+NeoEE	setup:EE+NeoEE
file	data\Empire Earth Base\Empire Earth\redist\win32\Laginter.flt	45056	fdca61d35f98e48f18f6ee5ecb9e9cd9512cc711	2001-10-12T15:19:28Z	EE+NeoEE	setup:EE+NeoEE
file	data\Empire Earth Base\Empire Earth\redist\win32\Lowpass.flt	40960	f809b0600c0f284f945f0ee43a966cfde32794e5	2001-10-12T15:19:28Z	EE+NeoEE	setup:EE+NeoEE
file	data\Empire Earth Base\Empire Earth\redist\win32\Mdelay.flt	41472	4a488dc181b5d0b121ad02b25dabf1c54561ea35	2001-10-12T15:19:28Z	EE+NeoEE	setup:EE+NeoEE
file	data\Empire Earth Base\Empire Earth\redist\win32\Mp3dec.asi	125952	a317357e6c3869d838aaf4bfa7d4b59e22f0adfb	2001-10-12T15:19:28Z	EE+NeoEE	setup:EE+NeoEE
file	data\Empire Earth Base\Empire Earth\redist\win32\Mssa3d.m3d	51200	14df1df14049ac98ec63265f2102cee11875c60e	2001-10-12T15:19:28Z	EE+NeoEE	setup:EE+NeoEE
file	data\Empire Earth Base\Empire Earth\redist\win32\Mssa3d2.m3d	60928	284e572b3be8b27b0e3edc06e951ad3511171e52	2001-10-12T15:19:30Z	EE+NeoEE	setup:EE+NeoEE
file	data\Empire Earth Base\Empire Earth\redist\win32\Mssdolby.m3d	64512	d29d8d565c283afe9d5f27750603ed7bb3c01809	2001-10-12T15:19:30Z	EE+NeoEE	setup:EE+NeoEE
file	data\Empire Earth Base\Empire Earth\redist\win32\Mssds3dh.m3d	50688	fdb9fa5fea17d6b30d17db3cefbcaf1e9c476a9f	2001-10-12T15:19:30Z	EE+NeoEE	setup:EE+NeoEE
file	data\Empire Earth Base\Empire Earth\redist\win32\Mssds3ds.m3d	50688	a1c91223950674786454d155140f9e85e28c6474	2001-10-12T15:19:30Z	EE+NeoEE	setup:EE+NeoEE
file	data\Empire Earth Base\Empire Earth\redist\win32\Mssdx7sh.m3d	50688	55315dbe7ed28ef54c6f7dcfc3facc92a9236f7a	2001-10-12T15:19:30Z	EE+NeoEE	setup:EE+NeoEE
file	data\Empire Earth Base\Empire Earth\redist\win32\Mssdx7sl.m3d	50688	b3673f47d07a61c9c603fb4dd2fa11687d1195d1	2001-10-12T15:19:30Z	EE+NeoEE	setup:EE+NeoEE
file	data\Empire Earth Base\Empire Earth\redist\win32\Mssdx7sn.m3d	50688	d27bb511c28e31a16bcbd1affeba66b833a827d7	2001-10-12T15:19:30Z	EE+NeoEE	setup:EE+NeoEE
file	data\Empire Earth Base\Empire Earth\redist\win32\Msseax.m3d	53760	eb6ac63422b7759798403c87b70c35f0dabd4f06	2001-10-12T15:19:30Z	EE+NeoEE	setup:EE+NeoEE
file	data\Empire Earth Base\Empire Earth\redist\win32\Msseax2.m3d	69120	096aa8f62126f60394b758c98a65b659c4649a9d	2001-10-12T15:19:30Z	EE+NeoEE	setup:EE+NeoEE
file	data\Empire Earth Base\Empire Earth\redist\win32\Mssfast.m3d	62976	afa9b94f30e82e37e490888335b18ac2fda3a9de	2001-10-12T15:19:30Z	EE+NeoEE	setup:EE+NeoEE
file	data\Empire Earth Base\Empire Earth\redist\win32\Mssrsx.m3d	352768	060a1f50708361684465a63e1bafd689e4f4208c	2001-10-12T15:19:30Z	EE+NeoEE	setup:EE+NeoEE
file	data\Empire Earth Base\Empire Earth\redist\win32\Mssv12.asi	142848	7cdb81a67b80e870e6728b1e72cb29c932f0970d	2001-10-12T15:19:30Z	EE+NeoEE	setup:EE+NeoEE
file	data\Empire Earth Base\Empire Earth\redist\win32\Mssv24.asi	134144	294ede6600b1933373b59280f36c5e5de995b646	2001-10-12T15:19:32Z	EE+NeoEE	setup:EE+NeoEE
file	data\Empire Earth Base\Empire Earth\redist\win32\Mssv29.asi	161280	6b85a0846549a4d91c92dc983b6b3562b90d1e66	2001-10-12T15:19:32Z	EE+NeoEE	setup:EE+NeoEE
file	data\Empire Earth Base\Empire Earth\redist\win32\Parmeq.flt	41472	bc5529daa32f79df42e3c279b85ec20b998fdace	2001-10-12T15:19:32Z	EE+NeoEE	setup:EE+NeoEE
file	data\Empire Earth Base\Empire Earth\redist\win32\Phaser.flt	52224	7a4bb372461cbd5520cab7bf3dc5cb44636d0d10	2001-10-12T15:19:32Z	EE+NeoEE	setup:EE+NeoEE
file	data\Empire Earth Base\Empire Earth\redist\win32\Reson.flt	40960	a52c71d31747a4047d57e328103bcea87b7d2c97	2001-10-12T15:19:32Z	EE+NeoEE	setup:EE+NeoEE
file	data\Empire Earth Base\Empire Earth\redist\win32\Reverb1.flt	41984	547a69a685600b9e2b0769cdc8844794e60b452e	2001-10-12T15:19:32Z	EE+NeoEE	setup:EE+NeoEE
file	data\Empire Earth Base\Empire Earth\redist\win32\Reverb2.flt	52736	baf6f019d27d7d05f399bd5b733d62b9db694ada	2001-10-12T15:19:32Z	EE+NeoEE	setup:EE+NeoEE
file	data\Empire Earth Base\Empire Earth\redist\win32\Reverb3.flt	56832	bf3783c38861264277ac36fc8af2c01a9cc3c5ee	2001-10-12T15:19:32Z	EE+NeoEE	setup:EE+NeoEE
file	data\Empire Earth Base\Empire Earth\redist\win32\Ringmod.flt	41472	f12ca8f08b5c3e403a3ea278863623a6e547fabe	2001-10-12T15:19:32Z	EE+NeoEE	setup:EE+NeoEE
file	data\Empire Earth Base\Empire Earth\redist\win32\Sdelay.flt	41472	7712b4c08c3fc82a8742b385ad3c0d591b365f78	2001-10-12T15:19:32Z	EE+NeoEE	setup:EE+NeoEE
file	data\Empire Earth Base\Empire Earth\redist\win32\Shelfeq.flt	52736	da0430ec1e078ec898e7a623a0a2ab5b613cab5c	2001-10-12T15:19:32Z	EE+NeoEE	setup:EE+NeoEE
file	data\Empire Earth Base\Empire Earth\sxlrt233.dll	933888	b35769b355979b7d33d1957517eaa19c5b6c9d1d	2001-10-12T15:28:40Z	EE+NeoEE	setup:EE+NeoEE
file	data\Empire Earth Base\Empire Earth\TCP Protocol.dll	36970	98fcd5d46f717c5a15e38944af20982704af5e77	2001-11-06T15:50:44Z	EE+NeoEE	setup:EE+NeoEE
file	data\Empire Earth Base\Empire Earth\WONLobby.cfg	637	2ead6e0702b9c471c6ba86b35bc1c9e7c842cec0	2009-09-14T00:54:32Z	EE+NeoEE	setup:EE+NeoEE
file	data\Empire Earth Base\Empire Earth\zzWONVersion.cfg	18	d82ca1840d79aa28b8a122d593a2198b907601fa	2002-09-13T12:38:00Z	EE+NeoEE	setup:EE+NeoEE
file	data\localized-text\Game\de\AoC\Language.dll	270336	52275fe941678993d8eab54d6f0eda49c93b4d7a	2023-04-29T13:26:54Z	EE+NeoEE	setup:EE+NeoEE
file	data\localized-text\Game\de\EE\Language.dll	249856	5a3db6ae9caa34723e273e2a216bfb510127caaf	2023-04-29T13:26:54Z	EE+NeoEE	setup:EE+NeoEE
file	data\localized-text\Game\en\AoC\Language.dll	217154	a31ace4e6808d281a2ee4c5ed32a3e016fadc085	2023-04-29T13:26:54Z	EE+NeoEE	setup:EE+NeoEE
file	data\localized-text\Game\en\EE\Language.dll	200783	ed5ff46b199d7e8e5215f12d47695f9a22ccb418	2023-04-29T13:26:54Z	EE+NeoEE	setup:EE+NeoEE
file	data\localized-text\Game\es\AoC\Language.dll	262144	f472ec2368da03c44d4f1926797f08c576e046ef	2023-04-29T13:26:54Z	EE+NeoEE	setup:EE+NeoEE
file	data\localized-text\Game\es\EE\Language.dll	253952	b3814c22c1fc42a76a2f97b06fa4b92c0c6662b3	2023-04-29T13:26:54Z	EE+NeoEE	setup:EE+NeoEE
file	data\localized-text\Game\fr\AoC\Language.dll	249856	a9cb97a1498e93f1d5d525822d6ff23788e172c9	2023-04-29T13:26:54Z	EE+NeoEE	setup:EE+NeoEE
file	data\localized-text\Game\fr\EE\Language.dll	233472	4add3931edeff028ffa8fd28b5ba6e67115e3a9b	2023-04-29T13:26:54Z	EE+NeoEE	setup:EE+NeoEE
file	data\localized-text\Game\it\AoC\Language.dll	249856	9ab3ed752ec0705342f2b7abb866ea5175cbd955	2023-04-29T13:26:54Z	EE+NeoEE	setup:EE+NeoEE
file	data\localized-text\Game\it\EE\Language.dll	241664	c5352d99aca46afad106ab11e28686a50bdf97aa	2023-04-29T13:26:54Z	EE+NeoEE	setup:EE+NeoEE
file	data\localized-text\Game\ko\AoC\Language.dll	131072	1cfe4d0040b817ce402faf19e27e8113e8c9fe69	2023-04-29T13:26:54Z	EE+NeoEE	setup:EE+NeoEE
file	data\localized-text\Game\ko\EE\Language.dll	131072	1cfe4d0040b817ce402faf19e27e8113e8c9fe69	2023-04-29T13:26:54Z	EE+NeoEE	setup:EE+NeoEE
file	data\localized-text\Game\pl\AoC\Language.dll	225346	d4167cf51af9fa4857b8eb4b20b4600028e9b778	2023-04-29T13:26:54Z	EE+NeoEE	setup:EE+NeoEE
file	data\localized-text\Game\pl\EE\Language.dll	204879	f6d9b565fae30896cf046d38053ab8ea7a65b0e4	2023-04-29T13:26:54Z	EE+NeoEE	setup:EE+NeoEE
file	data\localized-text\Game\pt-BR\AoC\Language.dll	237568	0c4640f5654ba80206c40ad5f7454e2c84f8c3d8	2023-04-29T13:26:54Z	EE+NeoEE	setup:EE+NeoEE
file	data\localized-text\Game\pt-BR\EE\Language.dll	221184	52a45d511fa7045b7cd271f0f0819aa9906292d4	2023-04-29T13:26:54Z	EE+NeoEE	setup:EE+NeoEE
file	data\localized-text\Game\ru\AoC\Language.dll	221250	080afa990ab57c0d1ec0bd04adb8dacd5c6f6b32	2023-04-29T13:26:54Z	EE+NeoEE	setup:EE+NeoEE
file	data\localized-text\Game\ru\EE\Language.dll	217088	334bef67d6686d45b67e578847308f4f3fb24d45	2023-04-29T13:26:54Z	EE+NeoEE	setup:EE+NeoEE
file	data\localized-text\Game\zh-CN\AoC\Language.dll	106566	cd5309bec8994cc4c66a6ddcfbc4019766274c79	2023-04-29T13:26:54Z	EE+NeoEE	setup:EE+NeoEE
file	data\localized-text\Game\zh-CN\EE\Language.dll	94287	ea2c9b9df8a67f2245886705abe206f6f37af527	2023-04-29T13:26:54Z	EE+NeoEE	setup:EE+NeoEE
file	data\localized-text\Game\zh-TW\AoC\Language.dll	106566	05689ec3c3d323685ddbae158ba3d0127a29c106	2023-04-29T13:26:54Z	EE+NeoEE	setup:EE+NeoEE
file	data\localized-text\Game\zh-TW\EE\Language.dll	98398	1e2ea45fb0b58731ed322584919dafa785deb30e	2023-04-29T13:26:54Z	EE+NeoEE	setup:EE+NeoEE
file	data\localized-text\Lobby\de\AoC\WONLobby.cfg	542	b14cee4732a630692c74955c6967ebf5991a6723	2023-04-30T03:14:36Z	EE+NeoEE	setup:EE+NeoEE
file	data\localized-text\Lobby\de\EE\WONLobby.cfg	637	6734c0af1fe2fdab5b1f1d94684f8406e975e2f3	2023-04-30T03:14:42Z	EE+NeoEE	setup:EE+NeoEE
file	data\localized-text\Lobby\de\shared\Data\WONLobby Resources\_GameResource.cfg	14140	cf56889e443d0e01ff86f3a5976f26de9bc0e5a1	2023-01-25T03:56:38Z	EE+NeoEE	setup:EE+NeoEE
file	data\localized-text\Lobby\de\shared\Data\WONLobby Resources\_LobbyResource.cfg	92666	f12055b6deb0605808cc2f9e81376ec33c14756b	2023-01-25T03:56:38Z	EE+NeoEE	setup:EE+NeoEE
file	data\localized-text\Lobby\de\shared\Data\WONLobby Resources\_WONStatus.cfg	11334	ec8624c36104b0c2244f2a84db4d74bdf0b1049a	2023-01-25T03:56:38Z	EE+NeoEE	setup:EE+NeoEE
file	data\localized-text\Lobby\en\AoC\WONLobby.cfg	542	da680c9eae34667cbfbf806675c79bebe90f08ee	2020-12-27T06:22:20Z	EE+NeoEE	setup:EE+NeoEE
file	data\localized-text\Lobby\en\EE\WONLobby.cfg	637	2ead6e0702b9c471c6ba86b35bc1c9e7c842cec0	2023-04-30T03:15:12Z	EE+NeoEE	setup:EE+NeoEE
file	data\localized-text\Lobby\en\shared\Data\WONLobby Resources\_GameResource.cfg	13504	85268b19d3453c7417a341353a92d3ce9208f21e	2023-01-25T03:56:38Z	EE+NeoEE	setup:EE+NeoEE
file	data\localized-text\Lobby\en\shared\Data\WONLobby Resources\_LobbyResource.cfg	87628	0fe33a19805952a4829beaa65d085c192f9b57ed	2023-01-25T03:56:38Z	EE+NeoEE	setup:EE+NeoEE
file	data\localized-text\Lobby\en\shared\Data\WONLobby Resources\_WONStatus.cfg	11296	ed636c5887800a3a895c06ddb6e6b51faac493e2	2023-01-25T03:56:38Z	EE+NeoEE	setup:EE+NeoEE
file	data\localized-text\Lobby\es\AoC\WONLobby.cfg	542	8fab8fd783eb6fe681be2d14b22f1f88352f8a32	2023-04-30T03:15:34Z	EE+NeoEE	setup:EE+NeoEE
file	data\localized-text\Lobby\es\EE\WONLobby.cfg	637	5071237fd1a128112ec17921f9ae806736a0027c	2023-04-30T03:15:38Z	EE+NeoEE	setup:EE+NeoEE
file	data\localized-text\Lobby\es\shared\Data\WONLobby Resources\_GameResource.cfg	14050	7b658adbd714b437da28c220b14b34595a80be9a	2023-01-25T03:56:38Z	EE+NeoEE	setup:EE+NeoEE
file	data\localized-text\Lobby\es\shared\Data\WONLobby Resources\_LobbyResource.cfg	91914	1eb9a303b1fd15d11c2054bd427dee9cf5943651	2023-01-25T03:56:38Z	EE+NeoEE	setup:EE+NeoEE
file	data\localized-text\Lobby\es\shared\Data\WONLobby Resources\_WONStatus.cfg	11874	3db415b1b8e428b5f2ec127752e95e39bb822c53	2023-01-25T03:56:38Z	EE+NeoEE	setup:EE+NeoEE
file	data\localized-text\Lobby\fr\AoC\WONLobby.cfg	542	6d2237eb822e2d952378fd9ef8469bcf0b34b4b6	2023-04-30T03:15:56Z	EE+NeoEE	setup:EE+NeoEE
file	data\localized-text\Lobby\fr\EE\WONLobby.cfg	637	46d0686ea506f3976438109b3f435e8399b2f574	2023-04-30T03:15:52Z	EE+NeoEE	setup:EE+NeoEE
file	data\localized-text\Lobby\fr\shared\Data\WONLobby Resources\_GameResource.cfg	13916	0ce3996d3d93c47ec6e407e0f1cb915307ea02ac	2023-01-25T03:56:38Z	EE+NeoEE	setup:EE+NeoEE
file	data\localized-text\Lobby\fr\shared\Data\WONLobby Resources\_LobbyResource.cfg	92010	3c58f2135e0472bb08ec5456fff0c3ed583e5d54	2023-01-25T03:56:38Z	EE+NeoEE	setup:EE+NeoEE
file	data\localized-text\Lobby\fr\shared\Data\WONLobby Resources\_WONStatus.cfg	11740	6997b6885f16fdf9f6b38028b04ff6dd41bc2674	2023-11-14T05:30:42Z	EE+NeoEE	setup:EE+NeoEE
file	data\localized-text\Lobby\it\AoC\WONLobby.cfg	542	b5000c7998d62bad651a245b853f239be8be9f97	2023-04-30T03:16:14Z	EE+NeoEE	setup:EE+NeoEE
file	data\localized-text\Lobby\it\EE\WONLobby.cfg	637	bdca33061a6e3f31ad0c340a1896ad70e7908dba	2023-04-30T03:16:18Z	EE+NeoEE	setup:EE+NeoEE
file	data\localized-text\Lobby\it\shared\Data\WONLobby Resources\_GameResource.cfg	14024	e81767c669db0996ddd9cefbfce0eb5172890630	2023-01-25T03:56:38Z	EE+NeoEE	setup:EE+NeoEE
file	data\localized-text\Lobby\it\shared\Data\WONLobby Resources\_LobbyResource.cfg	91568	9d07dac5246334a45db880e631b273fa3bc3433f	2023-01-25T03:56:38Z	EE+NeoEE	setup:EE+NeoEE
file	data\localized-text\Lobby\it\shared\Data\WONLobby Resources\_WONStatus.cfg	10830	f9b25735eab4ded2b3d08758ee7694464eb0af76	2023-01-25T03:56:38Z	EE+NeoEE	setup:EE+NeoEE
file	data\localized-text\Lobby\ko\AoC\WONLobby.cfg	542	c6026bec0dd38e0e3652a0fb376dbc17eb52116d	2023-04-30T03:16:30Z	EE+NeoEE	setup:EE+NeoEE
file	data\localized-text\Lobby\ko\EE\WONLobby.cfg	647	fb8c2c927f2fbff6b2bfcd7df845832f2257851e	2023-04-30T03:16:34Z	EE+NeoEE	setup:EE+NeoEE
file	data\localized-text\Lobby\ko\shared\Data\WONLobby Resources\_GameResource.cfg	12398	4709fbedefd1f0e1b92dab23e7a5f906ebf59673	2023-01-25T03:56:38Z	EE+NeoEE	setup:EE+NeoEE
file	data\localized-text\Lobby\ko\shared\Data\WONLobby Resources\_LobbyResource.cfg	79606	e0e866013602088e78248bfbe8e131d8c4bc9130	2023-01-25T03:56:38Z	EE+NeoEE	setup:EE+NeoEE
file	data\localized-text\Lobby\ko\shared\Data\WONLobby Resources\_WONStatus.cfg	9332	ba6c5ee927b267c98eaf405356c186fe91483862	2023-01-25T03:56:40Z	EE+NeoEE	setup:EE+NeoEE
file	data\localized-text\Lobby\pl\AoC\WONLobby.cfg	542	e900151e0dfeb8f7c18b0f01c5c98e93d047ff95	2023-04-30T03:16:50Z	EE+NeoEE	setup:EE+NeoEE
file	data\localized-text\Lobby\pl\EE\WONLobby.cfg	637	1116513e9308443cc0a16781ed07e861c18122d1	2023-04-30T03:16:54Z	EE+NeoEE	setup:EE+NeoEE
file	data\localized-text\Lobby\pl\shared\Data\WONLobby Resources\_GameResource.cfg	13686	af5209ea8cd00a2c6a52719e3202c4d99e2d5af0	2023-01-25T03:56:40Z	EE+NeoEE	setup:EE+NeoEE
file	data\localized-text\Lobby\pl\shared\Data\WONLobby Resources\_LobbyResource.cfg	88772	65c94dbe4d5188080ed6c6e57e08b732d385813c	2023-01-25T03:56:40Z	EE+NeoEE	setup:EE+NeoEE
file	data\localized-text\Lobby\pl\shared\Data\WONLobby Resources\_WONStatus.cfg	11238	719e520d16f9dda843b26a2e6e18201240c3329a	2023-01-25T03:56:40Z	EE+NeoEE	setup:EE+NeoEE
file	data\localized-text\Lobby\pt-BR\AoC\WONLobby.cfg	545	58f8bca2e8b89a8391332744a4eccb67cd050779	2023-04-30T03:17:08Z	EE+NeoEE	setup:EE+NeoEE
file	data\localized-text\Lobby\pt-BR\EE\WONLobby.cfg	640	5e41273fcb8329f55c512dd762a074bbc1d18824	2023-04-30T03:17:14Z	EE+NeoEE	setup:EE+NeoEE
file	data\localized-text\Lobby\pt-BR\shared\Data\WONLobby Resources\_GameResource.cfg	13928	1df59b7b3798f90553e8c95760276369547d1818	2023-01-25T03:56:40Z	EE+NeoEE	setup:EE+NeoEE
file	data\localized-text\Lobby\pt-BR\shared\Data\WONLobby Resources\_LobbyResource.cfg	90922	ff0e237a09d95c657c430f6b7e9591849862b1e5	2023-01-25T03:56:40Z	EE+NeoEE	setup:EE+NeoEE
file	data\localized-text\Lobby\pt-BR\shared\Data\WONLobby Resources\_WONStatus.cfg	10620	f7703202801f79c63a6319e8695d7705c8456979	2023-01-25T03:56:40Z	EE+NeoEE	setup:EE+NeoEE
file	data\localized-text\Lobby\ru\AoC\WONLobby.cfg	542	86d6f302480ab7f49e04b3f4667f21ec3dc9eb21	2023-04-30T03:17:30Z	EE+NeoEE	setup:EE+NeoEE
file	data\localized-text\Lobby\ru\EE\WONLobby.cfg	637	09b070838442b53fee2867e98671730544c27c0e	2023-04-30T03:17:32Z	EE+NeoEE	setup:EE+NeoEE
file	data\localized-text\Lobby\ru\shared\Data\WONLobby Resources\_GameResource.cfg	13946	e1c3dfc45e76b9185ac9a24a77af6b8e6d1687c7	2023-01-25T03:56:40Z	EE+NeoEE	setup:EE+NeoEE
file	data\localized-text\Lobby\ru\shared\Data\WONLobby Resources\_LobbyResource.cfg	89068	aa88781d19debba178187a2b72ab9289848e1997	2023-01-25T03:56:40Z	EE+NeoEE	setup:EE+NeoEE
file	data\localized-text\Lobby\ru\shared\Data\WONLobby Resources\_WONStatus.cfg	9238	2d8c0c40756aa182b6896fc771b307d84b841d5c	2023-01-25T03:56:40Z	EE+NeoEE	setup:EE+NeoEE
file	data\localized-text\Lobby\zh\AoC\WONLobby.cfg	542	4a95f30ef32b7fdb54ee769f2db4280d59e9e4c9	2023-04-30T03:17:46Z	EE+NeoEE	setup:EE+NeoEE
file	data\localized-text\Lobby\zh\EE\WONLobby.cfg	637	3d12b8a2dbf26488408cd2ea17e572edc2a3edd2	2023-04-30T03:17:58Z	EE+NeoEE	setup:EE+NeoEE
file	data\localized-text\Lobby\zh\shared\Data\WONLobby Resources\_GameResource.cfg	11946	664aede90847163f0749ad2edcf49cd2ac6d99b9	2023-01-25T03:56:40Z	EE+NeoEE	setup:EE+NeoEE
file	data\localized-text\Lobby\zh\shared\Data\WONLobby Resources\_LobbyResource.cfg	81440	738410df8033fccba2763cd38dd2d11ad67d74c4	2023-01-25T03:56:40Z	EE+NeoEE	setup:EE+NeoEE
file	data\localized-text\Lobby\zh\shared\Data\WONLobby Resources\_WONStatus.cfg	8190	845d3704ad9204d542a05de4c593e4a7834966d8	2023-01-25T03:56:40Z	EE+NeoEE	setup:EE+NeoEE
file	data\localized-text\Mods\NeoEE\Game\de\AoC\Language.dll	270336	d263da1c502a86133913581dc9de68f6c8da75ea	2023-04-29T13:26:54Z	NeoEE	setup:NeoEE
file	data\localized-text\Mods\NeoEE\Game\de\EE\Language.dll	249856	6046a025c72971db9c0e36df62bfada70fe57f8d	2023-04-29T13:26:54Z	NeoEE	setup:NeoEE
file	data\localized-text\Mods\NeoEE\Game\en\AoC\Language.dll	217154	c150f561c2dba26ffe6ebe05812f5752f946461f	2023-04-29T13:26:54Z	NeoEE	setup:NeoEE
file	data\localized-text\Mods\NeoEE\Game\en\EE\Language.dll	200783	bd4541b183d547d142503353a7481324c227aac6	2023-04-29T13:26:54Z	NeoEE	setup:NeoEE
file	data\localized-text\Mods\NeoEE\Game\es\AoC\Language.dll	262144	fbe74ed06227ef9016411ba7b00224daa32cc769	2023-04-29T13:26:54Z	NeoEE	setup:NeoEE
file	data\localized-text\Mods\NeoEE\Game\es\EE\Language.dll	253952	257b34849910cad4ef275f57d25c5f03a888956d	2023-04-29T13:26:54Z	NeoEE	setup:NeoEE
file	data\localized-text\Mods\NeoEE\Game\fr\AoC\Language.dll	249856	6448aa77895e41ddeb62ebd6f0869fcb30de236a	2023-04-29T13:26:54Z	NeoEE	setup:NeoEE
file	data\localized-text\Mods\NeoEE\Game\fr\EE\Language.dll	233472	733d37200c02ff08b3ed88357be966178b87cfe7	2023-04-29T13:26:54Z	NeoEE	setup:NeoEE
file	data\localized-text\Mods\NeoEE\Game\it\AoC\Language.dll	249856	27e57077542f79cef19a9f0615b3da84faac0a33	2023-04-29T13:26:54Z	NeoEE	setup:NeoEE
file	data\localized-text\Mods\NeoEE\Game\it\EE\Language.dll	241664	6744132a768e560d9d2dec016ba0b06dee7eff65	2023-04-29T13:26:54Z	NeoEE	setup:NeoEE
file	data\localized-text\Mods\NeoEE\Game\ko\AoC\Language.dll	131072	7efd21075fe00fc88a7455693126ad1a8a338c0b	2023-04-29T13:26:54Z	NeoEE	setup:NeoEE
file	data\localized-text\Mods\NeoEE\Game\ko\EE\Language.dll	131072	7efd21075fe00fc88a7455693126ad1a8a338c0b	2023-04-29T13:26:54Z	NeoEE	setup:NeoEE
file	data\localized-text\Mods\NeoEE\Game\pl\AoC\Language.dll	225346	a13cacfff829c6ad5e573b0dd311867ebfe8168a	2023-04-29T13:26:54Z	NeoEE	setup:NeoEE
file	data\localized-text\Mods\NeoEE\Game\pl\EE\Language.dll	204879	6cf74bd947f648cae143543151a99ea764fcaf2f	2023-04-29T13:26:54Z	NeoEE	setup:NeoEE
file	data\localized-text\Mods\NeoEE\Game\pt-BR\AoC\Language.dll	237568	91633a9f03316d6a2e7a81536a4a2670a5080e09	2023-04-29T13:26:54Z	NeoEE	setup:NeoEE
file	data\localized-text\Mods\NeoEE\Game\pt-BR\EE\Language.dll	221184	4552d5dfa5f0b6acd5c606a8fd3fe103f83e8ff4	2023-04-29T13:26:54Z	NeoEE	setup:NeoEE
file	data\localized-text\Mods\NeoEE\Game\ru\AoC\Language.dll	221250	265001fd307df7121beb0fde675bd70d254f979c	2023-04-29T13:26:54Z	NeoEE	setup:NeoEE
file	data\localized-text\Mods\NeoEE\Game\ru\EE\Language.dll	217088	2710e055bd7a6a9baf6819de9f2ab44502d624d6	2023-04-29T13:26:54Z	NeoEE	setup:NeoEE
file	data\localized-text\Mods\NeoEE\Game\zh-CN\AoC\Language.dll	106566	d25b3c6b6527abf6929a69e2dded98cdb1f328d3	2023-04-29T13:26:54Z	NeoEE	setup:NeoEE
file	data\localized-text\Mods\NeoEE\Game\zh-CN\EE\Language.dll	94287	9301590598df696a5f113417a6b9b2cdc7b4fccd	2023-04-29T13:26:54Z	NeoEE	setup:NeoEE
file	data\localized-text\Mods\NeoEE\Game\zh-TW\AoC\Language.dll	106566	72439966e4309a50643be4c3adace52fd78d05ec	2023-04-29T13:26:54Z	NeoEE	setup:NeoEE
file	data\localized-text\Mods\NeoEE\Game\zh-TW\EE\Language.dll	98398	9979fe71012de424a740d6ffc9f3df6bffcc4c42	2023-04-29T13:26:54Z	NeoEE	setup:NeoEE
file	data\localized-text\Mods\NeoEE\Lobby\de\AoC\WONLobby.cfg	568	4dfd824d94b2eea0c4e8ff39926e8029c137139f	2023-04-30T02:31:04Z	NeoEE	setup:NeoEE
file	data\localized-text\Mods\NeoEE\Lobby\de\EE\WONLobby.cfg	586	b09c47ea14c2baeadb93084ff9cde217a64ebfed	2023-04-29T13:26:54Z	NeoEE	setup:NeoEE
file	data\localized-text\Mods\NeoEE\Lobby\de\shared\Data\WONLobby Resources\_NeoEEResource.cfg	11204	7e649ad77a17d4c2ef6dc940c4536dc4bfbb8654	2023-04-29T13:26:54Z	NeoEE	setup:NeoEE
file	data\localized-text\Mods\NeoEE\Lobby\en\AoC\WONLobby.cfg	568	197ac73bbdc170edb3bbb03a6841f66380560238	2016-11-02T18:09:44Z	NeoEE	setup:NeoEE
file	data\localized-text\Mods\NeoEE\Lobby\en\EE\WONLobby.cfg	586	957084fe412d717ef0ae60571522045724b93318	2023-04-29T13:26:54Z	NeoEE	setup:NeoEE
file	data\localized-text\Mods\NeoEE\Lobby\en\shared\Data\WONLobby Resources\_NeoEEResource.cfg	10864	d9f2c7ba4ce4033512f1d4a41e3254997040aa6f	2023-04-29T13:26:54Z	NeoEE	setup:NeoEE
file	data\localized-text\Mods\NeoEE\Lobby\es\AoC\WONLobby.cfg	568	bcbc9bd118897d4b30cc88fbd872a3667b5a2a09	2023-04-30T02:35:18Z	NeoEE	setup:NeoEE
file	data\localized-text\Mods\NeoEE\Lobby\es\EE\WONLobby.cfg	586	95cb8ed8a44a591b41d318ac947553c39820f562	2023-04-29T13:26:54Z	NeoEE	setup:NeoEE
file	data\localized-text\Mods\NeoEE\Lobby\es\shared\Data\WONLobby Resources\_NeoEEResource.cfg	10956	724fd12d5c12a5e53f16484967a3f2cacc475375	2023-04-29T13:26:54Z	NeoEE	setup:NeoEE
file	data\localized-text\Mods\NeoEE\Lobby\fr\AoC\WONLobby.cfg	568	47060adef9c55ed35e4969d3e8c5541608cc30b7	2023-04-30T02:36:22Z	NeoEE	setup:NeoEE
file	data\localized-text\Mods\NeoEE\Lobby\fr\EE\WONLobby.cfg	586	2b710c4f0a0f68bd87169701a3a23a623cfb3f1f	2023-04-29T13:26:54Z	NeoEE	setup:NeoEE
file	data\localized-text\Mods\NeoEE\Lobby\fr\shared\Data\WONLobby Resources\_NeoEEResource.cfg	11584	c023991b9baa57abafa24dd5eea5263c2be92446	2023-04-29T13:26:54Z	NeoEE	setup:NeoEE
file	data\localized-text\Mods\NeoEE\Lobby\it\AoC\WONLobby.cfg	568	fe1cc82148eea4aa2ac4e5ac57b1939378652fa8	2023-04-30T02:37:54Z	NeoEE	setup:NeoEE
file	data\localized-text\Mods\NeoEE\Lobby\it\EE\WONLobby.cfg	586	d80b5cd31287dc0da87598174b5ce948a899a0ad	2023-04-29T13:26:54Z	NeoEE	setup:NeoEE
file	data\localized-text\Mods\NeoEE\Lobby\it\shared\Data\WONLobby Resources\_NeoEEResource.cfg	11080	909aedcc2e01091b197255a8507e9cba0000086f	2023-04-29T13:26:54Z	NeoEE	setup:NeoEE
file	data\localized-text\Mods\NeoEE\Lobby\ko\AoC\WONLobby.cfg	568	6dc61566acc673f634e8bf0551d7f847ace5bd41	2023-04-30T02:41:00Z	NeoEE	setup:NeoEE
file	data\localized-text\Mods\NeoEE\Lobby\ko\EE\WONLobby.cfg	586	d82ab9f6113656f25228d2a08e2ba60a2b780465	2023-04-29T13:26:54Z	NeoEE	setup:NeoEE
file	data\localized-text\Mods\NeoEE\Lobby\ko\shared\Data\WONLobby Resources\_NeoEEResource.cfg	10306	f651d267512c7db7f9b0cbd73ee2125f704b54c1	2023-04-29T13:26:54Z	NeoEE	setup:NeoEE
file	data\localized-text\Mods\NeoEE\Lobby\pl\AoC\WONLobby.cfg	568	99152406357bf1dbe79461bad3fef3d4bc5950c2	2023-04-30T02:42:30Z	NeoEE	setup:NeoEE
file	data\localized-text\Mods\NeoEE\Lobby\pl\EE\WONLobby.cfg	586	6b919073d69c94b8ca3ede57c7f9b1762dd99864	2023-04-29T13:26:54Z	NeoEE	setup:NeoEE
file	data\localized-text\Mods\NeoEE\Lobby\pl\shared\Data\WONLobby Resources\_NeoEEResource.cfg	11224	a7903b45f27f570be5a434798eb283fee3d015c8	2023-04-29T13:26:54Z	NeoEE	setup:NeoEE
file	data\localized-text\Mods\NeoEE\Lobby\pt-BR\AoC\WONLobby.cfg	571	53f06d23a1f76a28301d3d4b228f1db0455172f9	2023-04-30T03:02:40Z	NeoEE	setup:NeoEE
file	data\localized-text\Mods\NeoEE\Lobby\pt-BR\EE\WONLobby.cfg	589	0ffe7be9aff0496a5161a18d4fdecefb930c6d66	2023-04-29T13:26:54Z	NeoEE	setup:NeoEE
file	data\localized-text\Mods\NeoEE\Lobby\pt-BR\shared\Data\WONLobby Resources\_NeoEEResource.cfg	10956	4ca60513aaacf84f9a07bf92cba6d14c832e570c	2023-04-29T13:26:54Z	NeoEE	setup:NeoEE
file	data\localized-text\Mods\NeoEE\Lobby\ru\AoC\WONLobby.cfg	568	16305f24432786d6813ccfaee83e63aef5eae195	2023-04-30T03:03:38Z	NeoEE	setup:NeoEE
file	data\localized-text\Mods\NeoEE\Lobby\ru\EE\WONLobby.cfg	586	45a5f7ce3b767393895f9896325d80fc0958e6fa	2023-04-29T13:26:54Z	NeoEE	setup:NeoEE
file	data\localized-text\Mods\NeoEE\Lobby\ru\shared\Data\WONLobby Resources\_NeoEEResource.cfg	10964	7ab035358e8e8088c8d3082023aa603f8ba70fe1	2023-04-29T13:26:54Z	NeoEE	setup:NeoEE
file	data\localized-text\Mods\NeoEE\Lobby\zh\AoC\WONLobby.cfg	568	e468c10f28b8f031bda339591d5416ddded9cc2f	2023-04-30T03:04:34Z	NeoEE	setup:NeoEE
file	data\localized-text\Mods\NeoEE\Lobby\zh\EE\WONLobby.cfg	586	065329313a8b0d61e20fcfe78a445e6574c87ca1	2023-04-29T13:26:54Z	NeoEE	setup:NeoEE
file	data\localized-text\Mods\NeoEE\Lobby\zh\shared\Data\WONLobby Resources\_NeoEEResource.cfg	9678	057ccc3e7fc441b6b2d4db819061f005646d5fab	2023-04-29T13:26:54Z	NeoEE	setup:NeoEE
file	data\NeoEE - Admin\Empire Earth - The Art of Conquest\EE-AOC.exe	12071792	44be60fa8a6adfe86a973e7a97ff7b3b1f3f2cb9	2022-04-08T23:18:58Z	NeoEE	setup:NeoEE
file	data\NeoEE - Admin\Empire Earth\Empire Earth.exe	11978080	86bb079e2062aa49882fdd80ad7d562903578b7e	2022-04-08T21:56:28Z	NeoEE	setup:NeoEE
file	data\NeoEE - CDKeys\_wonkver.pub	816	894770518c56d724bd364a6ae756cf565c394f43	2013-09-21T23:26:20Z	NeoEE	setup:NeoEE
file	data\NeoEE - CDKeys\authtools.dll	291840	1418fcfdeac4e2763bfdbab034a6bd5f1521dbfa	2023-02-16T05:53:26Z	NeoEE	setup:NeoEE
file	data\NeoEE - User\Empire Earth - The Art of Conquest\EE-AOC.exe	12071792	f2acd99f0e6ef7f3f349c332ea203ca8b7b961fd	2022-04-08T23:23:42Z	NeoEE	setup:NeoEE
file	data\NeoEE - User\Empire Earth\Empire Earth.exe	11978080	453338d49ac7dfad2bc0badf72a1477e76c58cf9	2022-04-08T23:21:12Z	NeoEE	setup:NeoEE
file	data\NeoEE - Wine\NeoEE.cfg	1733	ef225168639a878f2332ff3f32b7517bc87b51af	2022-01-19T09:04:58Z	NeoEE	setup:NeoEE
file	data\NeoEE Base\Empire Earth - The Art of Conquest\Data\db\dbgamevariant.dat	1660	b89c66cc5c121e32111349186649c3f69dfb163a	2016-10-14T17:03:44Z	NeoEE	setup:NeoEE
file	data\NeoEE Base\Empire Earth - The Art of Conquest\Data\db\dbstartingresources.dat	1061	917ea04cdc5e7a6368e957c48ed0d6921ff8a8fb	2016-09-28T22:26:24Z	NeoEE	setup:NeoEE
file	data\NeoEE Base\Empire Earth - The Art of Conquest\Data\db\dbuicontrols.dat	2924864	af7aa913be553f5f0c5d2cbcffbc9b350d1e8c20	2013-09-22T13:42:24Z	NeoEE	setup:NeoEE
file	data\NeoEE Base\Empire Earth - The Art of Conquest\Data\db\dbworld.dat	2664	dda7a1bc1aa50c5429ad504e1babb6cd3003a565	2013-09-22T13:01:20Z	NeoEE	setup:NeoEE
file	data\NeoEE Base\Empire Earth - The Art of Conquest\Data\Textures\bkg_title_1_4.tga	524325	730d8b29da454d15d8793efdec616c897cc1589f	2016-10-13T22:45:32Z	NeoEE	setup:NeoEE
file	data\NeoEE Base\Empire Earth - The Art of Conquest\Data\Textures\sfx_nukeblast.sst	524339	cec02c0fc21eb7fce953be30567d6be74ef23393	2012-06-13T15:01:42Z	NeoEE	setup:NeoEE
file	data\NeoEE Base\Empire Earth - The Art of Conquest\EE-AOC.exe	12071792	0c5a69f9703a127907b0051a45312daba5659832	2022-02-15T20:04:26Z	NeoEE	setup:NeoEE
file	data\NeoEE Base\Empire Earth - The Art of Conquest\Low-Level Engine.dll	1138762	9949b6912c13e098b58bec3f7fb332fab8481273	2002-08-16T14:13:34Z	NeoEE	setup:EE+NeoEE
file	data\NeoEE Base\Empire Earth - The Art of Conquest\NeoEE Updater\NeoEEUp.cfg	43	c6a56207cf108e44a233fa068e7f8bfcb5a82845	2013-09-22T16:54:20Z	NeoEE	setup:NeoEE
file	data\NeoEE Base\Empire Earth - The Art of Conquest\NeoEE Updater\NeoEEUp.exe	808960	c875a32f6f639536113b6adf6ca8d386a5a3c3fe	2021-02-23T13:10:20Z	NeoEE	setup:NeoEE
file	data\NeoEE Base\Empire Earth - The Art of Conquest\TCP Protocol.dll	45056	5fdace157d78ceafaab8714501ae393e27d8ac37	2016-11-27T21:51:40Z	NeoEE	setup:NeoEE
file	data\NeoEE Base\Empire Earth - The Art of Conquest\WONLobby.cfg	568	197ac73bbdc170edb3bbb03a6841f66380560238	2016-11-02T18:09:44Z	NeoEE	setup:NeoEE
file	data\NeoEE Base\Empire Earth - The Art of Conquest\zzWONVersion.cfg	22	df817cf9fd997b23c2a5159e8b0add0865ec0328	2016-10-04T19:21:10Z	NeoEE	setup:NeoEE
file	data\NeoEE Base\Empire Earth\Data\db\dbgamevariant.dat	1660	1bc60ab6c819ed740951f469712b811b20e54b05	2016-10-14T16:55:26Z	NeoEE	setup:NeoEE
file	data\NeoEE Base\Empire Earth\Data\db\dbstartingresources.dat	1061	574287565456cc246d50eaf424a0f0734c1ae822	2016-09-28T22:26:24Z	NeoEE	setup:NeoEE
file	data\NeoEE Base\Empire Earth\Data\db\dbuicontrols.dat	2903364	cffc438ed7f3760b3ec696208de3076a1e434c19	2011-08-29T12:19:52Z	NeoEE	setup:NeoEE
file	data\NeoEE Base\Empire Earth\Data\db\dbworld.dat	2356	1dfdb144665f6bc539de98f72b9be05119dfaa5a	2011-09-14T18:04:30Z	NeoEE	setup:NeoEE
file	data\NeoEE Base\Empire Earth\Data\Textures\mainmenuback_1_4.sst	524339	7db062d041232b29fb279243dcdfc2a0108b6f65	2014-04-29T22:00:36Z	NeoEE	setup:NeoEE
file	data\NeoEE Base\Empire Earth\Data\Textures\sfx_nukeblast.sst	524339	cec02c0fc21eb7fce953be30567d6be74ef23393	2012-06-13T15:01:42Z	NeoEE	setup:NeoEE
file	data\NeoEE Base\Empire Earth\Empire Earth.exe	12666728	3ba9f628c7cffa766b28c2ce34cb3556cc2c062c	2022-02-15T20:04:14Z	NeoEE	setup:NeoEE
file	data\NeoEE Base\Empire Earth\Low-Level Engine.dll	1118295	08cdcdda0b4ff4ff30b60b550949d36a8bbdf145	2014-05-01T10:34:36Z	NeoEE	setup:NeoEE
file	data\NeoEE Base\Empire Earth\NeoEE Updater\NeoEEUp.cfg	43	c6a56207cf108e44a233fa068e7f8bfcb5a82845	2013-09-22T16:54:20Z	NeoEE	setup:NeoEE
file	data\NeoEE Base\Empire Earth\NeoEE Updater\NeoEEUp.exe	808960	c875a32f6f639536113b6adf6ca8d386a5a3c3fe	2021-02-23T13:10:32Z	NeoEE	setup:NeoEE
file	data\NeoEE Base\Empire Earth\TCP Protocol.dll	45056	7ee3f7c9e1f26b173eb8d24e2a3c85a6c3194993	2016-10-30T20:40:14Z	NeoEE	setup:NeoEE
file	data\NeoEE Base\Empire Earth\WONLobby.cfg	580	7abedf874a3a5ad0a2cfc734627d47bf32133459	2016-11-02T18:11:52Z	NeoEE	setup:NeoEE
file	data\NeoEE Base\Empire Earth\zzWONVersion.cfg	18	ffe72b29a42f2e77c7951be3f9462c97e4f1ef44	2016-10-03T19:01:36Z	NeoEE	setup:NeoEE
file	data\NeoEE Base\shared\Data\Languages\de\Data\WONLobby Resources\_NeoEEResource.cfg	11204	7e649ad77a17d4c2ef6dc940c4536dc4bfbb8654	2023-01-25T03:56:40Z	NeoEE	setup:NeoEE
file	data\NeoEE Base\shared\Data\Languages\de\WONLobby.cfg	565	e0e3ba4ce6613b414b10a5f57ec44cddc94e3074	2023-01-25T03:56:40Z	NeoEE	setup:NeoEE
file	data\NeoEE Base\shared\Data\Languages\en\Data\WONLobby Resources\_NeoEEResource.cfg	10864	d9f2c7ba4ce4033512f1d4a41e3254997040aa6f	2023-01-25T03:56:40Z	NeoEE	setup:NeoEE
file	data\NeoEE Base\shared\Data\Languages\en\WONLobby.cfg	565	a3529d1ac446cb5f3abd0962320047f57459d365	2023-01-25T03:56:40Z	NeoEE	setup:NeoEE
file	data\NeoEE Base\shared\Data\Languages\es\Data\WONLobby Resources\_NeoEEResource.cfg	10956	724fd12d5c12a5e53f16484967a3f2cacc475375	2023-01-25T03:56:40Z	NeoEE	setup:NeoEE
file	data\NeoEE Base\shared\Data\Languages\es\WONLobby.cfg	565	ccd7dbee4a7dba93bed118250ad1cfa87126af88	2023-01-25T03:56:40Z	NeoEE	setup:NeoEE
file	data\NeoEE Base\shared\Data\Languages\fr\Data\WONLobby Resources\_NeoEEResource.cfg	11584	c023991b9baa57abafa24dd5eea5263c2be92446	2023-01-25T03:56:40Z	NeoEE	setup:NeoEE
file	data\NeoEE Base\shared\Data\Languages\fr\WONLobby.cfg	565	23c06c3cb21aac69ad29b54e8648948958d63ef1	2023-01-25T03:56:40Z	NeoEE	setup:NeoEE
file	data\NeoEE Base\shared\Data\Languages\it\Data\WONLobby Resources\_NeoEEResource.cfg	11080	909aedcc2e01091b197255a8507e9cba0000086f	2023-01-25T03:56:40Z	NeoEE	setup:NeoEE
file	data\NeoEE Base\shared\Data\Languages\it\WONLobby.cfg	565	766f99c88d226b5c001f136950ff9138e106cea1	2023-01-25T03:56:40Z	NeoEE	setup:NeoEE
file	data\NeoEE Base\shared\Data\Languages\ko\Data\WONLobby Resources\_NeoEEResource.cfg	10306	f651d267512c7db7f9b0cbd73ee2125f704b54c1	2023-01-25T03:56:40Z	NeoEE	setup:NeoEE
file	data\NeoEE Base\shared\Data\Languages\ko\WONLobby.cfg	565	1c9052732e1bbe9970c1b428d86ab9f7c6f34603	2023-01-25T03:56:40Z	NeoEE	setup:NeoEE
file	data\NeoEE Base\shared\Data\Languages\pl\Data\WONLobby Resources\_NeoEEResource.cfg	11224	a7903b45f27f570be5a434798eb283fee3d015c8	2023-01-25T03:56:40Z	NeoEE	setup:NeoEE
file	data\NeoEE Base\shared\Data\Languages\pl\WONLobby.cfg	565	000d2341c10b86511ee0cac70ead15a094653eab	2023-01-25T03:56:40Z	NeoEE	setup:NeoEE
file	data\NeoEE Base\shared\Data\Languages\pt-BR\Data\WONLobby Resources\_NeoEEResource.cfg	10956	4ca60513aaacf84f9a07bf92cba6d14c832e570c	2023-01-25T03:56:40Z	NeoEE	setup:NeoEE
file	data\NeoEE Base\shared\Data\Languages\pt-BR\WONLobby.cfg	568	da739433e04592cf4287692b48a91cace65cdcd4	2023-01-25T03:56:40Z	NeoEE	setup:NeoEE
file	data\NeoEE Base\shared\Data\Languages\ru\Data\WONLobby Resources\_NeoEEResource.cfg	10964	7ab035358e8e8088c8d3082023aa603f8ba70fe1	2023-01-25T03:56:40Z	NeoEE	setup:NeoEE
file	data\NeoEE Base\shared\Data\Languages\ru\WONLobby.cfg	565	a1d0fc7c38ee0580738fc0625bdc2a6ae507a392	2023-01-25T03:56:40Z	NeoEE	setup:NeoEE
file	data\NeoEE Base\shared\Data\Languages\zh-CN\Data\WONLobby Resources\_NeoEEResource.cfg	9678	057ccc3e7fc441b6b2d4db819061f005646d5fab	2023-01-25T03:56:40Z	NeoEE	setup:NeoEE
file	data\NeoEE Base\shared\Data\Languages\zh-CN\WONLobby.cfg	565	2773b77f5a15ca887833e4024597b9a5bc6d8d90	2023-01-25T03:56:40Z	NeoEE	setup:NeoEE
file	data\NeoEE Base\shared\Data\Languages\zh-TW\Data\WONLobby Resources\_NeoEEResource.cfg	9678	057ccc3e7fc441b6b2d4db819061f005646d5fab	2023-01-25T03:56:40Z	NeoEE	setup:NeoEE
file	data\NeoEE Base\shared\Data\Languages\zh-TW\WONLobby.cfg	565	2773b77f5a15ca887833e4024597b9a5bc6d8d90	2023-01-25T03:56:40Z	NeoEE	setup:NeoEE
file	data\NeoEE Base\shared\Data\WONLobby Resources\_LobbyMaster.cfg	2206	08c400f7e10d980e9523bbfe6d538ddaaaaa7d14	2022-11-27T21:46:38Z	NeoEE	setup:NeoEE
file	data\NeoEE Base\shared\Data\WONLobby Resources\_NeoEEResource.cfg	5305	21e917be9e075f1208c1ae256fa8f7087b2cc496	2022-12-24T21:04:14Z	NeoEE	setup:NeoEE
file	data\NeoEE Base\shared\Data\WONLobby Resources\ChooseNetworkAdapterDialog.cfg	1484	2c804613011e026101c63009fb1317ca849e2608	2022-11-28T04:34:44Z	NeoEE	setup:NeoEE
file	data\NeoEE Base\shared\Data\WONLobby Resources\CreateAccountCtrl.cfg	4392	83247fae2a1096582ee5e8935bbd0f1ad2e307ee	2022-11-28T04:35:22Z	NeoEE	setup:NeoEE
file	data\NeoEE Base\shared\Data\WONLobby Resources\EELobbyFileDialog.cfg	1368	ddf98d409f3122d6ced83ce4f0f1a238dde481ff	2022-11-28T04:35:44Z	NeoEE	setup:NeoEE
file	data\NeoEE Base\shared\Data\WONLobby Resources\GameOptionsCtrl.cfg	5557	ad683f4424bd2d96947bacf3f1b1c85a3e285711	2022-11-28T04:37:46Z	NeoEE	setup:NeoEE
file	data\NeoEE Base\shared\Data\WONLobby Resources\Images\SierraLogo.png	10119	809ad852f05c06536650dfbb420bb674ec39631f	2014-04-28T21:55:50Z	NeoEE	setup:NeoEE
file	data\NeoEE Base\shared\Data\WONLobby Resources\InternetOptions.cfg	1688	072d8d12bab836c17f3faff06fef1e7e61971627	2022-11-28T04:40:00Z	NeoEE	setup:NeoEE
file	data\NeoEE Base\shared\Data\WONLobby Resources\MainInternetTab.cfg	2705	15a954cf841acab0235ad4bcd8ad6a9e6c4e81d9	2002-09-13T12:38:12Z	NeoEE	setup:EE+NeoEE
file	data\NeoEE Base\shared\NeoEE.cfg	2146	debd4eaec512c7353654dabaa2f855dc00c09de2	2023-02-05T16:03:22Z	NeoEE	setup:NeoEE
file	data\NeoEE Base\shared\neoee.dll	467456	11879266d8d01c59e8cf437ff75d12f834ae3948	2016-11-11T20:26:20Z	NeoEE	setup:NeoEE
file	data\NeoEE Base\shared\neoee.ico	291171	534ed8eb2afd8c9f51021ab8cade957e8142725e	2013-08-17T11:33:04Z	NeoEE	setup:NeoEE
file	data\NeoEE Base\shared\neoee_rules.rtf	2226	0d04a69c187678c3a3cc15c790ae592d8428c76a	2021-02-17T19:03:22Z	NeoEE	setup:NeoEE
file	internal\media\SetupBackground-16-9-Neo.bmp	24883254	af3e92d43f922562340cacf24ecd0090e0ec8e90	2022-02-06T21:55:12Z	NeoEE	setup:NeoEE
file	internal\media\SetupBackground-16-9.bmp	24883254	8c14a292ccd98408a6ccd257bbd7c4d368b39fd1	2022-02-06T21:55:12Z	EE	setup:EE
file	internal\media\SetupBackground-4-3-Neo.bmp	18662454	532b50599bbbe2a6fc4c074a5c86f331dc026e61	2022-02-06T21:55:14Z	NeoEE	setup:NeoEE
file	internal\media\SetupBackground-4-3.bmp	18662454	a3645ea7d2fd69a078317a0d69a8aa9087038442	2022-02-06T21:55:14Z	EE	setup:EE
file	internal\media\SetupBanner.bmp	8249270	4281c6ad485013c05a2cba283f967857aa1eaf13	-	EE+NeoEE	header:EE+NeoEE
file	internal\media\WizardSmallImageFileEE.bmp	3126	48ab5ec6ebc6f22b86a3f9fa662f58fcda0daf90	-	EE	header:EE
file	internal\media\WizardSmallImageFileNeo.bmp	196662	4210990adbab6743e95697ad8911d4b28469d3a1	-	NeoEE	header:NeoEE
file	internal\misc\Loop.flac	5070752	ecfc3c94cf3e3521953110e67b00591cf9f9e1ba	2022-01-29T17:05:16Z	EE+NeoEE	setup:EE+NeoEE
file	internal\runtime\directx\dxwebsetup.exe	295320	7bf35f2afca666078db35ca95130beb2e3782212	2023-01-28T10:15:44Z	EE+NeoEE	setup:EE+NeoEE
dir	data\Empire Earth Base\Empire Earth - The Art of Conquest\Data\db				EE+NeoEE	createallsubdirs
dir	data\Empire Earth Base\Empire Earth - The Art of Conquest\Data\Movies				EE+NeoEE	createallsubdirs
dir	data\Empire Earth Base\Empire Earth - The Art of Conquest\Data\Music				EE+NeoEE	createallsubdirs
dir	data\Empire Earth Base\Empire Earth - The Art of Conquest\Data\Saved Games				EE+NeoEE	createallsubdirs
dir	data\Empire Earth Base\Empire Earth - The Art of Conquest\Data\Scenarios				EE+NeoEE	createallsubdirs
dir	data\Empire Earth Base\Empire Earth - The Art of Conquest\Data\Sounds				EE+NeoEE	createallsubdirs
dir	data\Empire Earth Base\Empire Earth - The Art of Conquest\Data\Textures				EE+NeoEE	createallsubdirs
dir	data\Empire Earth Base\Empire Earth - The Art of Conquest\Data\Unit AI Scripts				EE+NeoEE	createallsubdirs
dir	data\Empire Earth Base\Empire Earth - The Art of Conquest\Users\default\Civilizations				EE+NeoEE	createallsubdirs
dir	data\Empire Earth Base\Empire Earth\Data\db				EE+NeoEE	createallsubdirs
dir	data\Empire Earth Base\Empire Earth\Data\Movies				EE+NeoEE	createallsubdirs
dir	data\Empire Earth Base\Empire Earth\Data\Saved Games				EE+NeoEE	createallsubdirs
dir	data\Empire Earth Base\Empire Earth\Data\Scenarios				EE+NeoEE	createallsubdirs
dir	data\Empire Earth Base\Empire Earth\Data\Sounds				EE+NeoEE	createallsubdirs
dir	data\Empire Earth Base\Empire Earth\Data\Unit AI Scripts				EE+NeoEE	createallsubdirs
dir	data\Empire Earth Base\Empire Earth\Users\default\Civilizations				EE+NeoEE	createallsubdirs
generated	data\localized-text.sha256	13224	800a1ab0f40bd7b3ee3f1900d4fdff988df3a96f	-	EE+NeoEE	ci/build.ps1 Write-DownloadHashes
